id,name,phone,address,transaction_count,avg_transaction_value,days_since_last_transaction,is_fraud
1,Retailer 1,555-7423388,"702 St, City 0",50,100.41187332079235,7.069600470921362,0
2,Retailer 2,555-7550634,"96 St, City 1",50,144.7456676645219,10.560708479500498,0
3,Retailer 3,555-5304572,"384 St, City 2",49,109.81699078070442,38.768774020689534,0
4,Retailer 4,555-3234489,"282 St, City 3",53,126.89661480123618,39.32747631717042,0
5,Retailer 5,555-8204212,"322 St, City 4",42,116.67264586733543,35.918617396134074,0
6,Retailer 6,555-5472471,"396 St, City 5",47,129.88959145098522,51.18862002535789,0
7,Retailer 7,555-5523669,"278 St, City 6",44,103.52390998376794,62.115576945725024,0
8,Retailer 8,555-8404852,"529 St, City 7",49,73.89647788680121,2.21289150811154,0
9,Retailer 9,555-5981505,"263 St, City 8",41,110.92712051066295,20.380719187559457,0
10,Retailer 10,555-2766891,"619 St, City 9",53,66.28066210070708,4.838859217768373,0
11,Retailer 11,555-5521373,"580 St, City 10",59,93.3243624914974,13.111465830891094,0
12,Retailer 12,555-7019877,"640 St, City 11",48,90.6728238251308,32.647717320489726,0
13,Retailer 13,555-4344769,"293 St, City 12",53,92.24172461123425,27.613384803854046,0
14,Retailer 14,555-1103355,"294 St, City 13",58,125.2841617671163,4.128234710279099,0
15,Retailer 15,555-2262752,"608 St, City 14",62,99.49097813989674,42.450889073983,0
16,Retailer 16,555-6664789,"395 St, City 15",56,141.11547219957913,46.39625334364381,0
17,Retailer 17,555-6743066,"513 St, City 16",34,98.70520602746409,4.496230831843567,0
18,Retailer 18,555-7113790,"921 St, City 17",50,57.24871330187837,28.686757296295152,0
19,Retailer 19,555-5721339,"810 St, City 18",38,88.15592436295367,87.13799951044305,0
20,Retailer 20,555-4275709,"180 St, City 19",41,117.01236060143927,2.9595204979095646,0
21,Retailer 21,555-1084654,"920 St, City 20",60,73.0459204372973,5.3955819686561055,0
22,Retailer 22,555-6147581,"693 St, City 21",47,92.8806451561043,43.51213307346654,0
23,Retailer 23,555-2954354,"235 St, City 22",61,116.32757534719372,12.326046872394297,0
24,Retailer 24,555-9242680,"952 St, City 23",39,93.69082805375177,93.4162959367564,0
25,Retailer 25,555-3428388,"831 St, City 24",43,88.90402899682749,29.373964202898083,0
26,Retailer 26,555-9916786,"337 St, City 25",44,125.08506589428215,19.802998426078076,0
27,Retailer 27,555-3663046,"8 St, City 26",52,95.46190013897483,12.359446875077639,0
28,Retailer 28,555-6499720,"443 St, City 27",53,79.15493458490275,8.198575388044606,0
29,Retailer 29,555-7640913,"941 St, City 28",55,116.6723498248251,31.49644684663377,0
30,Retailer 30,555-4416664,"539 St, City 29",45,122.7358525575118,26.89677279089463,0
31,Retailer 31,555-4385659,"820 St, City 30",46,103.61158494116407,13.290935745560905,0
32,Retailer 32,555-4385357,"658 St, City 31",42,88.40825737356666,74.94951377181901,0
33,Retailer 33,555-2465689,"91 St, City 32",47,82.25361269607761,43.03982925661059,0
34,Retailer 34,555-1068148,"854 St, City 33",44,88.9278934420669,9.035884402615974,0
35,Retailer 35,555-2825665,"272 St, City 34",61,74.78888649370985,86.13435840637297,0
36,Retailer 36,555-3745683,"834 St, City 35",46,90.14890148739683,42.26099598447016,0
37,Retailer 37,555-5056518,"5 St, City 36",49,110.98575170974856,68.22194875334642,0
38,Retailer 38,555-3669995,"594 St, City 37",50,114.7334001788919,4.393113936871826,0
39,Retailer 39,555-5997895,"899 St, City 38",49,100.54213398647278,1.0066030271197146,0
40,Retailer 40,555-7397986,"219 St, City 39",55,107.64882430496499,20.372492302978547,0
41,Retailer 41,555-2870928,"118 St, City 40",41,95.29731808808607,17.834526229567512,0
42,Retailer 42,555-5155299,"593 St, City 41",196,6.591057575188178,61.161417684022034,1
43,Retailer 43,555-7249859,"976 St, City 42",52,93.15156128129651,5.667533558757019,0
44,Retailer 44,555-3305413,"582 St, City 43",53,122.48601198566402,0.7159418552122223,0
45,Retailer 45,555-4910197,"115 St, City 44",62,54.47201860330807,22.602702967423106,0
46,Retailer 46,555-6558019,"263 St, City 45",45,77.07552233709163,5.864615199145495,0
47,Retailer 47,555-6414709,"306 St, City 46",58,90.53435582517295,1.5232971032176585,0
48,Retailer 48,555-1271836,"654 St, City 47",50,77.77619647253098,0.6737019248475433,0
49,Retailer 49,555-4584702,"422 St, City 48",56,108.76269080016831,4.609701998803223,0
50,Retailer 50,555-8281369,"207 St, City 49",51,69.33189405849512,14.141253127695347,0
51,Retailer 51,555-3299435,"623 St, City 50",49,124.06718417920177,64.61676279372737,0
52,Retailer 52,555-9585377,"303 St, City 51",40,139.12576131308055,42.885403126297696,0
53,Retailer 53,555-3658505,"112 St, City 52",49,104.9759226811903,22.661418009372635,0
54,Retailer 54,555-2271741,"417 St, City 53",56,87.62191763630508,16.88171858070256,0
55,Retailer 55,555-4769315,"555 St, City 54",47,118.53657884707448,18.25310266276367,0
56,Retailer 56,555-2046797,"859 St, City 55",47,94.34231965133434,64.79207620463463,0
57,Retailer 57,555-4047262,"285 St, City 56",45,82.90870667691456,38.68931213381398,0
58,Retailer 58,555-1564685,"640 St, City 57",48,101.05366582356432,5.662717165411165,0
59,Retailer 59,555-3879190,"185 St, City 58",60,68.46347237413306,84.26856393746532,0
60,Retailer 60,555-6596411,"741 St, City 59",47,85.20054317673785,44.472933577868375,0
61,Retailer 61,555-2007293,"901 St, City 60",41,84.68492961277336,1.0425907651403667,0
62,Retailer 62,555-5774183,"221 St, City 61",42,98.10817758824976,20.930143673687986,0
63,Retailer 63,555-4366612,"864 St, City 62",42,68.20779614917438,31.734055978269595,0
64,Retailer 64,555-9411855,"444 St, City 63",40,81.46761160437731,1.8878426589478023,0
65,Retailer 65,555-6267180,"117 St, City 64",33,89.73049196286203,13.065059891415906,0
66,Retailer 66,555-8807313,"70 St, City 65",59,109.48126334917075,31.349512170942955,0
67,Retailer 67,555-3704238,"898 St, City 66",58,100.05134923148456,50.79888377693371,0
68,Retailer 68,555-3630708,"70 St, City 67",63,132.69717135141659,113.34823712032804,0
69,Retailer 69,555-4494679,"622 St, City 68",54,81.90556927347812,3.890636324059307,0
70,Retailer 70,555-6517209,"427 St, City 69",43,117.66481454231347,30.022991673885148,0
71,Retailer 71,555-2767640,"644 St, City 70",48,117.64996189200669,66.98888420051611,0
72,Retailer 72,555-7723771,"568 St, City 71",39,103.60793758189496,37.860545243208485,0
73,Retailer 73,555-2285160,"989 St, City 72",59,102.83297432887728,30.022766411114596,0
74,Retailer 74,555-7080526,"443 St, City 73",45,105.27978641611325,7.24006483788407,0
75,Retailer 75,555-6173036,"601 St, City 74",50,81.21480729985655,50.67023720267485,0
76,Retailer 76,555-2425472,"137 St, City 75",50,119.2097182953004,24.799766329412286,0
77,Retailer 77,555-1048984,"504 St, City 76",50,101.49732974828994,3.543790600636232,0
78,Retailer 78,555-7556168,"131 St, City 77",44,75.94996949435154,82.28006075264717,0
79,Retailer 79,555-2504384,"218 St, City 78",46,123.8234097509775,133.6785597436535,0
80,Retailer 80,555-3230919,"688 St, City 79",54,97.82729087988828,23.144450581923547,0
81,Retailer 81,555-7940119,"171 St, City 80",49,101.05990164718216,44.9475099143611,0
82,Retailer 82,555-2737095,"475 St, City 81",46,49.79002146134155,26.262576982826566,0
83,Retailer 83,555-5780450,"612 St, City 82",53,98.35058502574049,16.456122952664533,0
84,Retailer 84,555-8469344,"992 St, City 83",46,125.38255751531612,15.783662293613341,0
85,Retailer 85,555-3109818,"129 St, City 84",44,87.44991630043688,99.99015599838951,0
86,Retailer 86,555-3231785,"57 St, City 85",46,74.24089550222776,13.80333348583651,0
87,Retailer 87,555-4853339,"181 St, City 86",55,109.11867736811045,20.227065392387264,0
88,Retailer 88,555-1996107,"246 St, City 87",45,65.14380046405137,8.570154266204902,0
89,Retailer 89,555-8130144,"144 St, City 88",55,112.02154380171574,8.76203244231069,0
90,Retailer 90,555-5545583,"51 St, City 89",53,95.92833435532155,13.2122774309386,0
91,Retailer 91,555-4747389,"368 St, City 90",46,101.63182980283783,77.61920106134792,0
92,Retailer 92,555-5142807,"459 St, City 91",40,147.29321662218075,15.152168830270757,0
93,Retailer 93,555-8988004,"218 St, City 92",61,105.00870891177469,24.108254410409135,0
94,Retailer 94,555-7245035,"616 St, City 93",28,73.23259326314044,23.67345609584564,0
95,Retailer 95,555-4602279,"895 St, City 94",50,102.29693887828647,26.250955535466705,0
96,Retailer 96,555-6515989,"567 St, City 95",49,114.86079098901048,51.451192665681525,0
97,Retailer 97,555-3121690,"257 St, City 96",50,59.61935819449013,69.44015772522602,0
98,Retailer 98,555-1491234,"858 St, City 97",42,99.74434580421595,7.024120393292884,0
99,Retailer 99,555-6401218,"156 St, City 98",62,65.37718700756854,59.07938526347509,0
100,Retailer 100,555-7914550,"565 St, City 99",43,100.49465359859235,23.80276081629009,0
101,Retailer 101,555-7167294,"442 St, City 0",43,130.8908573621198,77.49657356548107,0
102,Retailer 102,555-7906726,"841 St, City 1",38,91.31200778145927,74.36412621867646,0
103,Retailer 103,555-6888794,"956 St, City 2",56,101.57429357788358,14.801031661861053,0
104,Retailer 104,555-8558158,"699 St, City 3",48,105.59550402692675,31.65596006037234,0
105,Retailer 105,555-7510425,"876 St, City 4",54,106.85187871770981,61.53406398472168,0
106,Retailer 106,555-9511017,"662 St, City 5",51,102.96211782668193,14.569792378989598,0
107,Retailer 107,555-8887739,"776 St, City 6",46,59.832972243361624,1.3444415371800853,0
108,Retailer 108,555-1769598,"762 St, City 7",54,103.69207352492252,13.379607219708035,0
109,Retailer 109,555-6292895,"945 St, City 8",67,87.31020902485102,13.643008778202002,0
110,Retailer 110,555-8971379,"810 St, City 9",48,77.18488445601847,49.312434832639596,0
111,Retailer 111,555-4331068,"923 St, City 10",57,103.98528810486499,11.115544469213713,0
112,Retailer 112,555-4256415,"935 St, City 11",45,102.78359014821395,67.32487179166218,0
113,Retailer 113,555-1874371,"723 St, City 12",42,64.56955776877635,23.864803172880762,0
114,Retailer 114,555-6654237,"25 St, City 13",52,92.01287966242258,26.467853928783054,0
115,Retailer 115,555-1973548,"806 St, City 14",47,126.83555424060624,49.35312597985118,0
116,Retailer 116,555-4344014,"853 St, City 15",48,74.83718204469291,4.336044891751051,0
117,Retailer 117,555-8064746,"664 St, City 16",48,103.34378517471013,0.5431357065224139,0
118,Retailer 118,555-7216204,"536 St, City 17",56,75.89011625355971,1.7484139262578158,0
119,Retailer 119,555-6193542,"764 St, City 18",49,132.80868276492816,0.934304924308663,0
120,Retailer 120,555-3959034,"60 St, City 19",48,113.96020125336318,36.108673963822014,0
121,Retailer 121,555-5574293,"467 St, City 20",47,83.41251691922615,8.429977054533223,0
122,Retailer 122,555-7706971,"434 St, City 21",52,104.27596782780027,58.43600465251097,0
123,Retailer 123,555-1043585,"879 St, City 22",54,72.59086898011321,64.33541056339872,0
124,Retailer 124,555-3539448,"66 St, City 23",40,63.74913349180047,13.20574840281676,0
125,Retailer 125,555-1109556,"910 St, City 24",51,98.10257140720547,6.500882291833746,0
126,Retailer 126,555-2575557,"565 St, City 25",41,84.84750067144824,20.72321845304538,0
127,Retailer 127,555-9306461,"928 St, City 26",57,103.96633165095675,50.75335789169466,0
128,Retailer 128,555-3009021,"106 St, City 27",43,66.4782094535063,34.64519275600006,0
129,Retailer 129,555-2201482,"96 St, City 28",48,88.87465151929514,0.7823815953834765,0
130,Retailer 130,555-1542335,"988 St, City 29",53,130.61272953789359,0.2152872158639,0
131,Retailer 131,555-5270070,"688 St, City 30",44,128.6144099527116,3.624498042456687,0
132,Retailer 132,555-7700379,"551 St, City 31",62,133.45942892598006,12.319175390894364,0
133,Retailer 133,555-4560920,"168 St, City 32",52,145.19396691594267,23.093215546007336,0
134,Retailer 134,555-7860006,"42 St, City 33",50,91.91986705614495,51.044119725658966,0
135,Retailer 135,555-3484413,"879 St, City 34",46,44.40813368088831,4.622267149854813,0
136,Retailer 136,555-3907360,"104 St, City 35",41,122.07885364383513,4.96319042947982,0
137,Retailer 137,555-6895544,"845 St, City 36",56,77.66850056134818,59.77159201542148,0
138,Retailer 138,555-6697469,"204 St, City 37",45,141.19150067298023,77.3204983380219,0
139,Retailer 139,555-3235000,"520 St, City 38",48,101.65688324807194,24.04131441843738,0
140,Retailer 140,555-7908531,"975 St, City 39",50,132.71330917636038,46.09853565361443,0
141,Retailer 141,555-5322252,"282 St, City 40",55,96.91295028994905,12.587124125881255,0
142,Retailer 142,555-6822184,"908 St, City 41",44,86.40921341141087,87.71177182466387,0
143,Retailer 143,555-1402690,"43 St, City 42",65,114.54867995567975,70.57862335156761,0
144,Retailer 144,555-3548421,"947 St, City 43",58,109.78489583886605,56.834692521886616,0
145,Retailer 145,555-2954109,"110 St, City 44",53,77.09378817364102,0.3919975918395863,0
146,Retailer 146,555-5422880,"987 St, City 45",41,99.30762593178879,22.225916946136685,0
147,Retailer 147,555-8205547,"210 St, City 46",50,88.48339386683003,0.8107102411250906,0
148,Retailer 148,555-9323735,"749 St, City 47",46,104.08461336793587,33.94449995115188,0
149,Retailer 149,555-7457294,"868 St, City 48",194,11.491166429816285,6.079779922042577,1
150,Retailer 150,555-2384250,"831 St, City 49",43,102.72912249107827,30.606232110458215,0
151,Retailer 151,555-1061087,"49 St, City 50",48,100.31004486917077,3.0928456666401587,0
152,Retailer 152,555-7409907,"115 St, City 51",44,92.94847913697032,42.39346352153769,0
153,Retailer 153,555-2496176,"155 St, City 52",52,107.19285275869404,38.88790529389746,0
154,Retailer 154,555-1039353,"649 St, City 53",51,84.83099765790611,0.13861625316706855,0
155,Retailer 155,555-7484531,"503 St, City 54",41,132.96891602971522,47.114185649341266,0
156,Retailer 156,555-4360011,"679 St, City 55",54,99.68148420445618,5.366169043417947,0
157,Retailer 157,555-8654909,"833 St, City 56",41,116.84456068977244,3.472096068882825,0
158,Retailer 158,555-5259622,"711 St, City 57",61,89.30825463263606,20.809251452620806,0
159,Retailer 159,555-5959617,"986 St, City 58",56,91.51232576354393,26.754618858186497,0
160,Retailer 160,555-6725570,"71 St, City 59",50,118.44395691865529,3.264521489752558,0
161,Retailer 161,555-1416880,"519 St, City 60",57,115.19505526214716,10.90445202146824,0
162,Retailer 162,555-8072695,"712 St, City 61",58,97.54570544512845,15.717067656652402,0
163,Retailer 163,555-8433296,"336 St, City 62",50,64.30276979323752,86.2671051438373,0
164,Retailer 164,555-5965050,"67 St, City 63",60,89.51901238746778,8.683399164261397,0
165,Retailer 165,555-1813168,"493 St, City 64",63,98.23202153080582,9.052944942660732,0
166,Retailer 166,555-1225281,"650 St, City 65",54,86.35228062810047,32.310974934642836,0
167,Retailer 167,555-4782875,"754 St, City 66",48,74.55629942625549,38.965266644146304,0
168,Retailer 168,555-3995765,"967 St, City 67",50,117.08021754896447,0.3264343051818525,0
169,Retailer 169,555-8734102,"213 St, City 68",55,96.38917884581069,4.31717993240954,0
170,Retailer 170,555-6595108,"181 St, City 69",60,136.17779603688928,13.280575163945791,0
171,Retailer 171,555-6674719,"766 St, City 70",53,96.64778457659379,29.991067610435465,0
172,Retailer 172,555-9658144,"613 St, City 71",48,103.54887901992298,4.3202342888291145,0
173,Retailer 173,555-7609280,"863 St, City 72",60,88.22417233268682,13.24594265106926,0
174,Retailer 174,555-6500306,"599 St, City 73",43,130.22092044117358,2.5080559631985095,0
175,Retailer 175,555-5372093,"697 St, City 74",37,93.95281931419649,25.396912235412888,0
176,Retailer 176,555-2561729,"603 St, City 75",54,95.94160745947447,16.672876465111727,0
177,Retailer 177,555-6031595,"248 St, City 76",60,80.95474951005299,46.5465668953002,0
178,Retailer 178,555-6478047,"214 St, City 77",53,107.59204625536617,25.591622733954278,0
179,Retailer 179,555-2119043,"359 St, City 78",48,93.40270181331572,32.28564901648979,0
180,Retailer 180,555-8103230,"249 St, City 79",43,80.61424279670848,33.365364971031724,0
181,Retailer 181,555-3558231,"638 St, City 80",46,99.02923314027396,26.719317616359067,0
182,Retailer 182,555-7659908,"923 St, City 81",45,114.48995441126522,0.4866877647509783,0
183,Retailer 183,555-4080389,"950 St, City 82",62,132.9629110633491,53.52432678842762,0
184,Retailer 184,555-2661909,"881 St, City 83",46,104.7165287136937,74.55905139164065,0
185,Retailer 185,555-3656138,"516 St, City 84",44,88.98837830545295,22.922560867086112,0
186,Retailer 186,555-1110078,"88 St, City 85",60,109.13390415260311,3.5688543911174495,0
187,Retailer 187,555-2915631,"663 St, City 86",57,97.19166560504846,31.900384467632993,0
188,Retailer 188,555-7314127,"176 St, City 87",52,101.12610125227734,13.563981735016148,0
189,Retailer 189,555-3008187,"723 St, City 88",45,99.95816989438593,2.2831166752576264,0
190,Retailer 190,555-2659066,"426 St, City 89",64,109.22752810134027,57.76704136460967,0
191,Retailer 191,555-3148815,"771 St, City 90",45,111.90315337082151,37.31399989119841,0
192,Retailer 192,555-8355740,"603 St, City 91",45,99.01146570800184,49.015772399230585,0
193,Retailer 193,555-5506259,"771 St, City 92",37,170.35934741987168,47.70769718717698,0
194,Retailer 194,555-8473915,"924 St, City 93",60,118.37163770228835,13.279981865874117,0
195,Retailer 195,555-8658426,"703 St, City 94",46,58.414817142702645,19.74574014688682,0
196,Retailer 196,555-7404003,"81 St, City 95",52,93.06295175432383,7.98366310388419,0
197,Retailer 197,555-5135314,"927 St, City 96",48,99.61215850916275,42.18224564371848,0
198,Retailer 198,555-1910681,"138 St, City 97",47,112.18424631091561,22.26771121223568,0
199,Retailer 199,555-2607618,"433 St, City 98",53,136.6817079278682,31.495140766395707,0
200,Retailer 200,555-4896830,"470 St, City 99",45,85.61184617855774,13.230699694250891,0
201,Retailer 201,555-5336787,"350 St, City 0",45,123.01862261931544,34.106488480806796,0
202,Retailer 202,555-3755423,"126 St, City 1",46,104.07226039331562,33.36959710638455,0
203,Retailer 203,555-1071295,"881 St, City 2",44,106.58252169603384,44.11097473586881,0
204,Retailer 204,555-8613287,"917 St, City 3",46,123.88617751383907,5.068095837978234,0
205,Retailer 205,555-4445376,"868 St, City 4",54,66.72577342793258,29.318536374668955,0
206,Retailer 206,555-6251035,"309 St, City 5",52,110.69689776547641,63.47727946486111,0
207,Retailer 207,555-4612600,"855 St, City 6",189,9.247727296326785,2.9668181459935843,1
208,Retailer 208,555-1825816,"230 St, City 7",44,78.84123983433723,97.1315705418677,0
209,Retailer 209,555-9763313,"460 St, City 8",51,100.04656926733234,6.987602725321401,0
210,Retailer 210,555-3026793,"345 St, City 9",61,113.56687531577599,82.72336706897657,0
211,Retailer 211,555-1554594,"310 St, City 10",63,60.865349512232086,60.75312656721054,0
212,Retailer 212,555-9536326,"953 St, City 11",54,106.71943136813114,44.11482864733454,0
213,Retailer 213,555-4504473,"20 St, City 12",44,94.78474936766005,7.050191257005988,0
214,Retailer 214,555-8299695,"881 St, City 13",62,128.03613218754052,7.317152701297711,0
215,Retailer 215,555-3204664,"561 St, City 14",53,85.21053388635839,9.004984558734746,0
216,Retailer 216,555-5341747,"647 St, City 15",48,99.15903616781733,49.894091168337596,0
217,Retailer 217,555-1686976,"541 St, City 16",49,83.90186683315773,6.236170753580218,0
218,Retailer 218,555-3472189,"560 St, City 17",48,97.61929721362266,26.08513269691561,0
219,Retailer 219,555-9506404,"477 St, City 18",46,85.64570184241188,45.088761583967425,0
220,Retailer 220,555-2241082,"269 St, City 19",57,92.28892462028627,18.52060876326261,0
221,Retailer 221,555-6184502,"3 St, City 20",44,77.07275793463307,55.11765877779304,0
222,Retailer 222,555-7561000,"770 St, City 21",48,86.07948031688261,24.773146566458472,0
223,Retailer 223,555-7671458,"16 St, City 22",52,84.9859137568161,27.125335947289596,0
224,Retailer 224,555-5892306,"606 St, City 23",50,90.8270852933544,33.88296934531092,0
225,Retailer 225,555-4674515,"358 St, City 24",54,97.66858386975207,56.11999738708393,0
226,Retailer 226,555-2579159,"646 St, City 25",56,41.902932136772236,0.13934295475540853,0
227,Retailer 227,555-5515488,"813 St, City 26",47,102.85815716279876,14.954823060669662,0
228,Retailer 228,555-7041495,"839 St, City 27",53,124.78253797082456,98.89824344065077,0
229,Retailer 229,555-9767088,"133 St, City 28",47,115.07846043133473,3.116573607926276,0
230,Retailer 230,555-7324167,"312 St, City 29",46,82.6621726271146,7.975602407334355,0
231,Retailer 231,555-1791971,"967 St, City 30",51,120.45487464381863,25.384131513245343,0
232,Retailer 232,555-1501157,"482 St, City 31",51,83.82469485323266,58.53245123962552,0
233,Retailer 233,555-5378727,"895 St, City 32",42,105.85745824471881,3.067737766658147,0
234,Retailer 234,555-5124499,"544 St, City 33",60,51.6688268594111,0.12115650341506584,0
235,Retailer 235,555-6946594,"305 St, City 34",52,112.19008961066018,34.84865687895878,0
236,Retailer 236,555-6106799,"269 St, City 35",51,100.10047653761535,27.287054917433245,0
237,Retailer 237,555-5327576,"414 St, City 36",51,102.77300792097101,9.484936384069266,0
238,Retailer 238,555-5962140,"25 St, City 37",57,100.34818476705209,94.82876427280193,0
239,Retailer 239,555-3799487,"981 St, City 38",42,137.36433811484642,24.57151114310072,0
240,Retailer 240,555-3904941,"316 St, City 39",49,117.47558041179244,32.66698736665893,0
241,Retailer 241,555-8983441,"571 St, City 40",51,114.31908472669403,14.28220580406111,0
242,Retailer 242,555-6320385,"725 St, City 41",56,111.10563806968949,76.3734273022487,0
243,Retailer 243,555-3100021,"668 St, City 42",36,140.1156390415028,9.692092233165198,0
244,Retailer 244,555-7928040,"826 St, City 43",54,94.96035308125217,41.44368588907035,0
245,Retailer 245,555-1618467,"276 St, City 44",53,72.22755618156143,3.7215589531768587,0
246,Retailer 246,555-6333152,"930 St, City 45",54,134.33945140997625,23.151853417886322,0
247,Retailer 247,555-8328141,"389 St, City 46",39,90.49646169472392,25.867542782739278,0
248,Retailer 248,555-6072148,"722 St, City 47",46,109.91285350053974,6.260713732788314,0
249,Retailer 249,555-2707923,"444 St, City 48",53,110.42658123655849,11.736959868441492,0
250,Retailer 250,555-6134207,"999 St, City 49",62,85.32094870379383,5.905902458256792,0
251,Retailer 251,555-9516999,"427 St, City 50",54,71.7264462420015,55.93495419402424,0
252,Retailer 252,555-7730886,"57 St, City 51",44,121.31846184486996,32.117285372600925,0
253,Retailer 253,555-6853584,"697 St, City 52",54,125.3688068374588,17.74123381074651,0
254,Retailer 254,555-9170528,"971 St, City 53",43,112.66624813558053,24.356587097171243,0
255,Retailer 255,555-5301754,"566 St, City 54",36,108.04297199209547,12.649734937260911,0
256,Retailer 256,555-3269042,"721 St, City 55",53,72.03197514326405,16.79728955228149,0
257,Retailer 257,555-2983509,"368 St, City 56",49,93.36383996918437,28.977967058551194,0
258,Retailer 258,555-8740141,"941 St, City 57",51,124.27331450144511,7.127872017929263,0
259,Retailer 259,555-1116381,"342 St, City 58",55,84.39566471973237,4.319447022739932,0
260,Retailer 260,555-2521701,"805 St, City 59",59,102.65598687291693,86.7189560671417,0
261,Retailer 261,555-7105525,"852 St, City 60",47,109.2232113954939,8.109195791154256,0
262,Retailer 262,555-4438618,"304 St, City 61",43,110.29284540323926,20.509241939091787,0
263,Retailer 263,555-8913697,"764 St, City 62",56,79.50845361334143,43.00441142268235,0
264,Retailer 264,555-3457184,"374 St, City 63",50,97.64567258649474,24.363557754166404,0
265,Retailer 265,555-5103022,"950 St, City 64",47,116.91692973038695,30.22543929427204,0
266,Retailer 266,555-2418175,"816 St, City 65",38,137.18074136134265,5.353458081297055,0
267,Retailer 267,555-4806688,"112 St, City 66",47,95.68347498286596,15.072258199414119,0
268,Retailer 268,555-8265795,"878 St, City 67",45,108.22327708703257,35.15840982811056,0
269,Retailer 269,555-4772962,"6 St, City 68",61,76.80656113130755,7.0635535724361525,0
270,Retailer 270,555-5041776,"930 St, City 69",60,95.14712499597348,19.82368188114822,0
271,Retailer 271,555-3727423,"703 St, City 70",59,90.00045766938315,26.693097415784127,0
272,Retailer 272,555-6709840,"846 St, City 71",63,138.7585805438753,46.724268554287555,0
273,Retailer 273,555-6130397,"944 St, City 72",51,114.66258017060112,7.3134811591486635,0
274,Retailer 274,555-4451356,"279 St, City 73",49,101.86884038294875,114.62701177836777,0
275,Retailer 275,555-4444084,"382 St, City 74",52,61.92557559826595,102.7275472538987,0
276,Retailer 276,555-3927109,"852 St, City 75",37,106.16816094672464,0.37109132347764434,0
277,Retailer 277,555-7979451,"13 St, City 76",50,106.36941963296826,13.764909587149647,0
278,Retailer 278,555-9519981,"303 St, City 77",48,95.46356332778183,2.1075085941695084,0
279,Retailer 279,555-8778484,"556 St, City 78",57,100.9338903677465,11.448646015742261,0
280,Retailer 280,555-9503902,"617 St, City 79",50,136.02995059283063,28.023170856497774,0
281,Retailer 281,555-7214624,"160 St, City 80",49,118.97517816839736,28.15122312038827,0
282,Retailer 282,555-5842611,"154 St, City 81",49,82.29270527472505,3.049813133544526,0
283,Retailer 283,555-7357182,"754 St, City 82",50,139.04737298108074,33.91408168083592,0
284,Retailer 284,555-5335868,"181 St, City 83",45,84.11493680709418,56.19015759876046,0
285,Retailer 285,555-3215167,"526 St, City 84",48,132.32089061343734,29.922138332013493,0
286,Retailer 286,555-4886402,"180 St, City 85",40,85.51813655393117,11.130429717454534,0
287,Retailer 287,555-7545535,"377 St, City 86",42,96.97231587501359,0.07494526776434322,0
288,Retailer 288,555-7842385,"804 St, City 87",40,57.75027781029104,31.35856157563112,0
289,Retailer 289,555-1688105,"776 St, City 88",47,110.546993389348,33.97319987579571,0
290,Retailer 290,555-2989173,"168 St, City 89",43,60.74157731690151,37.00712259350742,0
291,Retailer 291,555-4080761,"214 St, City 90",55,104.14654374796164,1.2015612648281855,0
292,Retailer 292,555-2414466,"150 St, City 91",47,91.30785990462505,21.797877779021793,0
293,Retailer 293,555-1445101,"16 St, City 92",53,91.5319694484901,16.003962602846762,0
294,Retailer 294,555-9106609,"91 St, City 93",46,107.87982985940667,43.74637986889131,0
295,Retailer 295,555-8413023,"120 St, City 94",57,116.39178220437881,38.4784944315677,0
296,Retailer 296,555-8613269,"956 St, City 95",38,126.17558918417953,90.27110983543832,0
297,Retailer 297,555-2105534,"253 St, City 96",44,76.60608478103177,68.33970823680514,0
298,Retailer 298,555-5353127,"60 St, City 97",36,93.77663447451101,24.493823113218962,0
299,Retailer 299,555-8315360,"266 St, City 98",38,99.0459073508747,118.08013039867335,0
300,Retailer 300,555-9073461,"409 St, City 99",53,112.05912445242511,4.883079737091243,0
301,Retailer 301,555-1498863,"31 St, City 0",55,111.65046989856529,0.2155328975254941,0
302,Retailer 302,555-9756262,"21 St, City 1",48,83.10583650687195,3.4230532480926725,0
303,Retailer 303,555-3676188,"731 St, City 2",49,124.03721149119264,13.160350769999829,0
304,Retailer 304,555-4295990,"593 St, City 3",54,108.20234808521754,42.226687854795394,0
305,Retailer 305,555-8782937,"289 St, City 4",55,135.77951956257604,14.489837732367235,0
306,Retailer 306,555-7526818,"543 St, City 5",40,106.3416627113635,45.506030995004586,0
307,Retailer 307,555-6491590,"498 St, City 6",55,59.94822580048567,40.73518846064607,0
308,Retailer 308,555-7512440,"746 St, City 7",59,83.53215445108296,47.44735848391966,0
309,Retailer 309,555-7099628,"474 St, City 8",50,96.77975169811151,6.220775186898306,0
310,Retailer 310,555-7555968,"405 St, City 9",38,83.11555562923375,21.772188929798414,0
311,Retailer 311,555-3699015,"548 St, City 10",56,82.37720170700143,37.41599195329956,0
312,Retailer 312,555-9837590,"961 St, City 11",51,138.0877796577265,10.029574239541343,0
313,Retailer 313,555-2172622,"132 St, City 12",45,75.01360450477097,54.60966104784706,0
314,Retailer 314,555-3503771,"324 St, City 13",45,89.41350373861687,45.33015554810571,0
315,Retailer 315,555-4177825,"858 St, City 14",38,101.32375645523607,3.8307921593248633,0
316,Retailer 316,555-1996161,"132 St, City 15",56,73.69297621319623,7.372719210833388,0
317,Retailer 317,555-5183839,"521 St, City 16",33,96.73833889038679,8.1296023779793,0
318,Retailer 318,555-1666326,"30 St, City 17",51,52.72275027302416,63.229442284021964,0
319,Retailer 319,555-1649150,"627 St, City 18",60,88.97847925107065,6.200648264135089,0
320,Retailer 320,555-4375957,"301 St, City 19",47,77.62836578547514,29.19347571926562,0
321,Retailer 321,555-1118834,"4 St, City 20",38,93.86469848485868,2.0134413631095684,0
322,Retailer 322,555-4239576,"325 St, City 21",44,98.88454715926804,24.122721344356922,0
323,Retailer 323,555-6893309,"509 St, City 22",42,126.97397943633354,4.56839650693895,0
324,Retailer 324,555-6948540,"237 St, City 23",45,87.795337190986,25.704996070447287,0
325,Retailer 325,555-5249913,"535 St, City 24",45,142.7439392846673,13.756281448699932,0
326,Retailer 326,555-5422201,"16 St, City 25",43,104.24506820501686,27.917983198509734,0
327,Retailer 327,555-2079600,"534 St, City 26",43,81.14350798894638,15.048208516031526,0
328,Retailer 328,555-4503157,"997 St, City 27",58,102.70304380873361,57.78518095909755,0
329,Retailer 329,555-9272874,"584 St, City 28",48,124.71050272475614,42.43806581140832,0
330,Retailer 330,555-9849851,"816 St, City 29",49,78.64526253597133,55.87232326566832,0
331,Retailer 331,555-2985588,"446 St, City 30",48,138.8443123083796,7.532876245182533,0
332,Retailer 332,555-9640059,"993 St, City 31",51,110.64324641500771,4.833808315979702,0
333,Retailer 333,555-5197355,"503 St, City 32",60,77.11940152841103,24.448237605833047,0
334,Retailer 334,555-2752683,"956 St, City 33",55,89.55585993374521,61.86767293990255,0
335,Retailer 335,555-8716868,"230 St, City 34",66,91.68657511819538,3.5170541051684663,0
336,Retailer 336,555-2004646,"107 St, City 35",42,122.16580371290826,7.992814286507802,0
337,Retailer 337,555-4867500,"720 St, City 36",52,76.41242863057764,41.112419933389724,0
338,Retailer 338,555-1449395,"389 St, City 37",54,130.78922866211445,18.784904538636834,0
339,Retailer 339,555-6143901,"720 St, City 38",64,122.83208298132575,27.749600750079225,0
340,Retailer 340,555-7754350,"263 St, City 39",41,133.28746439419933,26.87659152688707,0
341,Retailer 341,555-2260386,"563 St, City 40",53,101.17622214494033,15.94896565776678,0
342,Retailer 342,555-4054390,"65 St, City 41",64,124.69771425613246,36.69490387797386,0
343,Retailer 343,555-8019431,"265 St, City 42",42,95.18565995110521,57.37089588134858,0
344,Retailer 344,555-4379569,"338 St, City 43",55,120.43294365929526,71.49988234997625,0
345,Retailer 345,555-3900603,"301 St, City 44",48,101.75077419920008,1.4256943734898448,0
346,Retailer 346,555-9611474,"378 St, City 45",44,136.0213592722001,24.196607843471416,0
347,Retailer 347,555-2646711,"175 St, City 46",53,105.36665613970735,1.2362728779944492,0
348,Retailer 348,555-6587774,"963 St, City 47",47,83.10702333621283,69.3578917123238,0
349,Retailer 349,555-7319707,"152 St, City 48",46,130.25794795393068,16.82495069302193,0
350,Retailer 350,555-8967801,"476 St, City 49",47,104.17020757238205,69.2355913301583,0
351,Retailer 351,555-2423286,"266 St, City 50",51,89.26718831151152,6.235953763839065,0
352,Retailer 352,555-4695961,"329 St, City 51",55,88.31884847374559,5.315408527148318,0
353,Retailer 353,555-9217316,"973 St, City 52",47,82.19863830008882,71.684886485621,0
354,Retailer 354,555-4177945,"816 St, City 53",48,71.35132928411618,83.60091323479126,0
355,Retailer 355,555-8348340,"163 St, City 54",58,91.55550106921379,43.674431230889084,0
356,Retailer 356,555-1183062,"438 St, City 55",54,104.09684260728692,7.531841046196837,0
357,Retailer 357,555-3841992,"343 St, City 56",69,92.37585453212309,5.661734495187142,0
358,Retailer 358,555-5294539,"367 St, City 57",58,24.3794745035741,41.35134207221352,0
359,Retailer 359,555-7095929,"465 St, City 58",60,69.25854444568802,30.21722702507536,0
360,Retailer 360,555-5944505,"750 St, City 59",51,118.801573269942,61.689722603476945,0
361,Retailer 361,555-1803328,"199 St, City 60",49,97.71104609210086,9.7225577607886,0
362,Retailer 362,555-5062958,"500 St, City 61",46,65.88091222977263,10.501925593663971,0
363,Retailer 363,555-2043233,"16 St, City 62",43,92.88879562855307,39.46290263908556,0
364,Retailer 364,555-7468703,"821 St, City 63",45,102.49228209928081,9.353858506979703,0
365,Retailer 365,555-1529525,"296 St, City 64",55,119.10704002517164,18.61794417910132,0
366,Retailer 366,555-1176615,"868 St, City 65",47,86.27254293180488,22.027960508913882,0
367,Retailer 367,555-5381932,"511 St, City 66",50,112.6855112669445,33.18583589828033,0
368,Retailer 368,555-7665088,"788 St, City 67",47,99.55610383176678,12.665378293922673,0
369,Retailer 369,555-8474447,"984 St, City 68",47,92.58638284121118,58.629124143459556,0
370,Retailer 370,555-5601020,"239 St, City 69",46,117.46059593599611,15.44144665551119,0
371,Retailer 371,555-4699391,"581 St, City 70",49,81.10166342296185,1.2676060929631672,0
372,Retailer 372,555-9929860,"301 St, City 71",56,118.94685962114563,2.080569649365213,0
373,Retailer 373,555-8006454,"6 St, City 72",49,77.17188450338818,106.81286301999044,0
374,Retailer 374,555-4612610,"220 St, City 73",46,88.47358496872403,29.189229000010283,0
375,Retailer 375,555-8031883,"766 St, City 74",49,92.31210270558671,20.254976818434447,0
376,Retailer 376,555-3164367,"453 St, City 75",54,97.78313735219908,61.13301360836995,0
377,Retailer 377,555-1144356,"433 St, City 76",51,49.125769724784696,37.85703025248256,0
378,Retailer 378,555-9744220,"807 St, City 77",53,102.11080535196153,6.004503157979763,0
379,Retailer 379,555-9398043,"870 St, City 78",51,63.45711766489386,0.21957069954183783,0
380,Retailer 380,555-2748014,"386 St, City 79",54,103.35268180545981,120.73946682264688,0
381,Retailer 381,555-8156720,"619 St, City 80",45,105.48655421175066,29.764071453392063,0
382,Retailer 382,555-3288627,"295 St, City 81",43,119.53286876928101,19.449472939954077,0
383,Retailer 383,555-7517963,"118 St, City 82",41,73.29370480740825,86.8256881575247,0
384,Retailer 384,555-7597519,"405 St, City 83",57,104.58656988781327,13.823356713842715,0
385,Retailer 385,555-1764121,"680 St, City 84",58,99.04607395674574,38.4637192372491,0
386,Retailer 386,555-8068121,"997 St, City 85",48,88.64513296089824,33.27026929087437,0
387,Retailer 387,555-4502630,"763 St, City 86",63,78.50295965390409,33.90508065873211,0
388,Retailer 388,555-6698848,"594 St, City 87",54,101.61682964452223,33.91541569016509,0
389,Retailer 389,555-2107677,"566 St, City 88",62,126.7383992869569,0.31446227623983897,0
390,Retailer 390,555-6738852,"752 St, City 89",52,95.18796573195124,52.16966756464455,0
391,Retailer 391,555-1288790,"878 St, City 90",58,125.07493165197728,76.90055790931997,0
392,Retailer 392,555-6084921,"12 St, City 91",53,122.91906682456937,17.89964293390262,0
393,Retailer 393,555-4693305,"209 St, City 92",46,57.215259606561304,24.662409351922065,0
394,Retailer 394,555-5466271,"165 St, City 93",211,10.067049744418304,11.778643216906818,1
395,Retailer 395,555-5385536,"878 St, City 94",44,89.02482623487698,46.12358140682783,0
396,Retailer 396,555-2352695,"294 St, City 95",56,126.47625149987275,40.02259514450914,0
397,Retailer 397,555-2589228,"911 St, City 96",44,99.60122764301761,40.23974615211088,0
398,Retailer 398,555-2100567,"519 St, City 97",50,125.81315777357258,39.83203045915062,0
399,Retailer 399,555-8706358,"78 St, City 98",53,97.2719456771192,7.397888904115258,0
400,Retailer 400,555-1049115,"434 St, City 99",49,126.37415703484893,3.581173051593475,0
401,Retailer 401,555-1721747,"577 St, City 0",42,109.04668472021439,11.16472171985181,0
402,Retailer 402,555-6392023,"614 St, City 1",47,98.08533575013765,25.696766555447674,0
403,Retailer 403,555-6957515,"963 St, City 2",34,123.49437858862233,15.300946676272547,0
404,Retailer 404,555-7232753,"869 St, City 3",47,89.9079682044603,8.60031078118747,0
405,Retailer 405,555-6246880,"812 St, City 4",48,140.4146026345049,0.6762274694257768,0
406,Retailer 406,555-2404330,"799 St, City 5",47,70.76863752936521,3.8736551159517436,0
407,Retailer 407,555-1251492,"683 St, City 6",53,91.38939838062413,3.3390739326397987,0
408,Retailer 408,555-5035851,"77 St, City 7",39,102.0157598103556,94.14600339391686,0
409,Retailer 409,555-1491072,"48 St, City 8",42,85.16379006484085,45.264026117944994,0
410,Retailer 410,555-2086880,"767 St, City 9",53,107.88727460207512,3.9289615698887195,0
411,Retailer 411,555-3055723,"82 St, City 10",49,97.58819893898382,18.88887384854101,0
412,Retailer 412,555-3248988,"895 St, City 11",60,106.59773679501838,31.8816695171842,0
413,Retailer 413,555-3976242,"721 St, City 12",59,82.21783283403327,97.35155443259696,0
414,Retailer 414,555-5580081,"209 St, City 13",47,79.67736601899041,9.398773743798515,0
415,Retailer 415,555-3648790,"445 St, City 14",49,99.42790927449057,9.197659756108155,0
416,Retailer 416,555-4763024,"971 St, City 15",52,114.58178895784998,25.197788522918113,0
417,Retailer 417,555-5833177,"596 St, City 16",58,136.8689092145852,58.42669015120685,0
418,Retailer 418,555-9272841,"522 St, City 17",66,63.454454245059424,9.839341914719014,0
419,Retailer 419,555-4353597,"29 St, City 18",50,96.05905304263257,4.03424908288143,0
420,Retailer 420,555-9454561,"304 St, City 19",44,108.85739641580521,9.282708162078187,0
421,Retailer 421,555-3597480,"994 St, City 20",54,107.30515850509491,17.884277635080593,0
422,Retailer 422,555-5197571,"465 St, City 21",47,75.58238936582458,13.386424396625205,0
423,Retailer 423,555-7374201,"502 St, City 22",56,85.46241053197001,59.24444456347767,0
424,Retailer 424,555-7118900,"446 St, City 23",52,99.72369868853305,85.91243291849725,0
425,Retailer 425,555-3922097,"628 St, City 24",57,153.6680113100049,14.26616132418934,0
426,Retailer 426,555-1157164,"490 St, City 25",37,118.86210603569009,52.019658879668164,0
427,Retailer 427,555-1531831,"781 St, City 26",50,107.00858558158093,2.1323574991526524,0
428,Retailer 428,555-3989475,"428 St, City 27",60,46.13428119226111,24.203140034571522,0
429,Retailer 429,555-4369720,"559 St, City 28",48,73.65121182370052,53.46087067875649,0
430,Retailer 430,555-5711075,"359 St, City 29",50,75.42240453190257,16.27068816127431,0
431,Retailer 431,555-8122313,"960 St, City 30",48,107.16028472556573,4.644711440868084,0
432,Retailer 432,555-7854500,"91 St, City 31",43,97.2758338727864,10.026027629978435,0
433,Retailer 433,555-3640328,"53 St, City 32",42,87.29605608314637,20.312760692441632,0
434,Retailer 434,555-8326434,"730 St, City 33",51,106.68892929323563,55.64046931868671,0
435,Retailer 435,555-6063778,"860 St, City 34",51,69.78574978174672,41.420973936465906,0
436,Retailer 436,555-4970001,"589 St, City 35",47,83.70370072534524,2.6182690930779353,0
437,Retailer 437,555-1070640,"204 St, City 36",52,98.68224106587542,23.700141420285316,0
438,Retailer 438,555-5122263,"556 St, City 37",43,137.38433522001375,61.754078970177886,0
439,Retailer 439,555-5594877,"156 St, City 38",52,117.91289611290225,25.819312347926566,0
440,Retailer 440,555-2355531,"2 St, City 39",60,108.62075517962376,2.014259006788025,0
441,Retailer 441,555-1675510,"357 St, City 40",37,91.98534568350979,51.96856557538133,0
442,Retailer 442,555-4741196,"825 St, City 41",60,99.63668496981785,71.18047430535601,0
443,Retailer 443,555-7990102,"569 St, City 42",53,124.32140574524546,14.789028471169585,0
444,Retailer 444,555-3734296,"802 St, City 43",51,136.51485039813232,11.137862137404836,0
445,Retailer 445,555-7706024,"983 St, City 44",59,95.20079992266241,23.51518300342488,0
446,Retailer 446,555-1898320,"58 St, City 45",47,109.01223484482881,124.22059461868854,0
447,Retailer 447,555-6781565,"254 St, City 46",51,118.28198058393198,54.505720273083995,0
448,Retailer 448,555-3007635,"180 St, City 47",57,108.17592896924519,49.98910514107017,0
449,Retailer 449,555-4264908,"493 St, City 48",54,73.81264832641517,6.438283979552554,0
450,Retailer 450,555-5260538,"669 St, City 49",61,85.10042448712149,67.66113523663064,0
451,Retailer 451,555-7486460,"35 St, City 50",44,114.81263576384634,24.354255028752643,0
452,Retailer 452,555-7197323,"75 St, City 51",56,88.73023415247881,74.62361258507516,0
453,Retailer 453,555-4621581,"944 St, City 52",43,135.87203094529212,31.641651304111143,0
454,Retailer 454,555-5246238,"289 St, City 53",220,14.950262966074222,53.903241496017515,1
455,Retailer 455,555-6963135,"371 St, City 54",45,73.32271836556387,5.428600619047652,0
456,Retailer 456,555-9814131,"587 St, City 55",52,120.69219981430655,36.77852316594875,0
457,Retailer 457,555-4599865,"329 St, City 56",53,92.8003214983311,8.92195924556529,0
458,Retailer 458,555-6382287,"590 St, City 57",65,94.38355824723541,5.550233936679207,0
459,Retailer 459,555-8990340,"767 St, City 58",56,117.35823211697758,25.59823357878109,0
460,Retailer 460,555-2039458,"777 St, City 59",42,80.19131735962083,27.695013135883435,0
461,Retailer 461,555-4772811,"999 St, City 60",48,101.64252854544225,20.236700242365092,0
462,Retailer 462,555-3317336,"304 St, City 61",49,75.77275518382208,2.797715228202573,0
463,Retailer 463,555-3763642,"579 St, City 62",55,101.51866072080142,8.421154992966274,0
464,Retailer 464,555-8689684,"221 St, City 63",43,67.22565041212056,8.054070453514173,0
465,Retailer 465,555-4788340,"979 St, City 64",50,83.18319965108665,11.293302920837544,0
466,Retailer 466,555-1197775,"164 St, City 65",63,117.96602134287699,29.671117667151897,0
467,Retailer 467,555-3386488,"480 St, City 66",40,125.94491800188172,17.286923319292217,0
468,Retailer 468,555-1787494,"455 St, City 67",55,82.30384391534128,103.62382303254256,0
469,Retailer 469,555-6851244,"375 St, City 68",60,82.0871995016107,0.4791270994346125,0
470,Retailer 470,555-6332660,"220 St, City 69",39,102.04730326280801,7.2966922078754255,0
471,Retailer 471,555-7837433,"684 St, City 70",34,83.8323713820246,25.557774112681834,0
472,Retailer 472,555-6083769,"254 St, City 71",48,118.75325062322732,63.443232049734945,0
473,Retailer 473,555-1533636,"722 St, City 72",50,72.19675457831875,1.0348602723617701,0
474,Retailer 474,555-5232406,"188 St, City 73",37,87.45887511579254,64.52453585631059,0
475,Retailer 475,555-3276360,"191 St, City 74",52,136.24614711375852,21.234028573099213,0
476,Retailer 476,555-5408249,"389 St, City 75",47,107.5638339563018,46.181038929004195,0
477,Retailer 477,555-5426219,"215 St, City 76",52,111.68853347278753,89.07374238564618,0
478,Retailer 478,555-9914438,"375 St, City 77",41,96.19626271420114,7.277605919035776,0
479,Retailer 479,555-2332397,"86 St, City 78",51,70.75700754477116,26.5953981762617,0
480,Retailer 480,555-8517836,"474 St, City 79",49,130.97769646901375,64.53945621180716,0
481,Retailer 481,555-7646705,"618 St, City 80",40,103.90282484226276,55.81605804159095,0
482,Retailer 482,555-6462810,"844 St, City 81",54,118.98217035013319,22.079410165452057,0
483,Retailer 483,555-9905921,"808 St, City 82",53,94.52313548620353,89.56886428481836,0
484,Retailer 484,555-7903836,"531 St, City 83",53,99.4874437787112,36.97575046581407,0
485,Retailer 485,555-7243669,"47 St, City 84",51,92.00060330942527,22.277326709612748,0
486,Retailer 486,555-2286643,"65 St, City 85",49,104.11670091316083,1.7893872099226047,0
487,Retailer 487,555-9315390,"963 St, City 86",51,90.58585593142435,20.042274537057565,0
488,Retailer 488,555-7200646,"475 St, City 87",63,82.75449675616493,16.440283864482655,0
489,Retailer 489,555-7983896,"146 St, City 88",58,96.03674428573203,10.926227013837298,0
490,Retailer 490,555-9783148,"946 St, City 89",55,110.55638087506846,85.88402384461804,0
491,Retailer 491,555-6409861,"798 St, City 90",53,123.27318509143608,77.98933644890033,0
492,Retailer 492,555-5939003,"382 St, City 91",47,73.0506563647216,12.34227913590226,0
493,Retailer 493,555-7311326,"66 St, City 92",40,117.73383770158478,17.168416038205734,0
494,Retailer 494,555-6146386,"517 St, City 93",43,86.03476421847562,41.80795091369988,0
495,Retailer 495,555-9415398,"93 St, City 94",44,79.84572736351197,54.06468442131937,0
496,Retailer 496,555-1448345,"865 St, City 95",42,80.94411161670502,3.4986641393648035,0
497,Retailer 497,555-8827494,"426 St, City 96",61,152.07748828414705,20.247130161383275,0
498,Retailer 498,555-4685501,"468 St, City 97",53,114.88749253989182,73.77876513701514,0
499,Retailer 499,555-2879490,"94 St, City 98",48,76.97007544035355,32.771871958242905,0
500,Retailer 500,555-5984445,"618 St, City 99",52,88.95131512451448,23.489948274967464,0
501,Retailer 501,555-7939705,"133 St, City 0",53,72.85472546035476,37.98017684471035,0
502,Retailer 502,555-8002587,"434 St, City 1",48,73.5200376679715,32.49087800946879,0
503,Retailer 503,555-7742471,"341 St, City 2",43,72.768049751431,85.54837282539211,0
504,Retailer 504,555-2454908,"314 St, City 3",57,79.15471128974193,73.13028209672215,0
505,Retailer 505,555-4319144,"591 St, City 4",50,115.31703788347477,15.213767255256698,0
506,Retailer 506,555-9693670,"212 St, City 5",52,121.31380349783295,0.9762919640193906,0
507,Retailer 507,555-6806466,"520 St, City 6",49,81.56682642718415,12.134415306070775,0
508,Retailer 508,555-6744588,"159 St, City 7",50,91.73372877808805,6.802874208989889,0
509,Retailer 509,555-6304509,"268 St, City 8",52,116.77209630588456,4.231436831254096,0
510,Retailer 510,555-8668216,"661 St, City 9",64,100.73200865108632,65.66263198044531,0
511,Retailer 511,555-5949499,"862 St, City 10",48,106.96560571133537,37.129132840406825,0
512,Retailer 512,555-3387312,"958 St, City 11",50,89.63704390398905,0.9936354464921362,0
513,Retailer 513,555-4693976,"603 St, City 12",45,130.61835689208212,75.679692389392,0
514,Retailer 514,555-7062903,"748 St, City 13",52,134.34720958461452,69.99419681593696,0
515,Retailer 515,555-5408224,"474 St, City 14",52,114.45761647702412,89.50776324283567,0
516,Retailer 516,555-5035493,"801 St, City 15",45,87.99435154185262,53.13683050018218,0
517,Retailer 517,555-6703737,"410 St, City 16",51,73.66022419787676,2.464859835647578,0
518,Retailer 518,555-2871403,"474 St, City 17",45,134.9058766246898,29.24900635788966,0
519,Retailer 519,555-6747372,"356 St, City 18",45,106.53609192080174,2.6023119317497034,0
520,Retailer 520,555-5848287,"680 St, City 19",52,102.37411180242559,37.489648934306125,0
521,Retailer 521,555-6658796,"193 St, City 20",51,114.23971473276,6.582353597261346,0
522,Retailer 522,555-1821052,"699 St, City 21",50,100.54603724701083,82.37832725853303,0
523,Retailer 523,555-3225300,"271 St, City 22",49,94.69840688903098,81.62087320879847,0
524,Retailer 524,555-2855567,"114 St, City 23",40,144.32395165490527,27.08662693366035,0
525,Retailer 525,555-2534837,"897 St, City 24",40,123.63083962777846,41.911671395029806,0
526,Retailer 526,555-4338442,"523 St, City 25",64,133.2244375868093,58.590297931078,0
527,Retailer 527,555-5926203,"55 St, City 26",52,131.62823983893935,14.78692848035531,0
528,Retailer 528,555-1423570,"770 St, City 27",54,60.349637165110586,25.967283150138393,0
529,Retailer 529,555-3373139,"65 St, City 28",44,116.6414179328246,5.8083961822643415,0
530,Retailer 530,555-6221816,"991 St, City 29",51,109.98135898080481,127.00045200271576,0
531,Retailer 531,555-3114792,"684 St, City 30",45,87.69345389503891,79.52337964973815,0
532,Retailer 532,555-9441136,"272 St, City 31",51,158.82096162330905,19.81579915190757,0
533,Retailer 533,555-2873421,"502 St, City 32",48,103.06659430587128,24.178349713332388,0
534,Retailer 534,555-7550670,"662 St, City 33",47,89.68282808756241,17.218148710871628,0
535,Retailer 535,555-7081950,"362 St, City 34",49,97.25490347867714,0.04993049336966491,0
536,Retailer 536,555-7925877,"146 St, City 35",51,112.39346139090595,7.840858287940387,0
537,Retailer 537,555-6967106,"943 St, City 36",47,108.9399935814981,3.215805035539632,0
538,Retailer 538,555-6118922,"209 St, City 37",51,89.47279325209337,11.69804407974382,0
539,Retailer 539,555-8177545,"286 St, City 38",54,116.80701565201676,8.08487091479995,0
540,Retailer 540,555-6122783,"10 St, City 39",48,100.67071248186105,43.01938904715414,0
541,Retailer 541,555-6528983,"739 St, City 40",38,94.97558915937721,21.083623559164195,0
542,Retailer 542,555-1160775,"186 St, City 41",52,95.83828403691604,50.947129305972574,0
543,Retailer 543,555-8349369,"574 St, City 42",69,76.68888297486079,30.29315002707399,0
544,Retailer 544,555-3667867,"597 St, City 43",49,80.67140157880601,32.03316911790795,0
545,Retailer 545,555-7655623,"464 St, City 44",54,78.93817264045603,62.683594995595946,0
546,Retailer 546,555-8686841,"134 St, City 45",60,52.33577006397625,56.3570708594524,0
547,Retailer 547,555-7978737,"835 St, City 46",54,106.83966115935192,1.9616603972396511,0
548,Retailer 548,555-2344027,"809 St, City 47",49,79.6438712139713,25.90731551262732,0
549,Retailer 549,555-5166500,"171 St, City 48",55,91.7431185714563,15.986512901799786,0
550,Retailer 550,555-8467048,"213 St, City 49",38,93.96285562132383,27.461542116940617,0
551,Retailer 551,555-8884479,"973 St, City 50",61,80.27123030761524,59.554393188825436,0
552,Retailer 552,555-1497562,"530 St, City 51",39,92.69684479498557,0.36360385580552845,0
553,Retailer 553,555-5578238,"826 St, City 52",51,101.59659917536334,0.3308583929562915,0
554,Retailer 554,555-5037776,"502 St, City 53",50,86.09221354035935,1.9379095986352506,0
555,Retailer 555,555-5010912,"572 St, City 54",53,81.67365056091435,62.35572017575002,0
556,Retailer 556,555-5511732,"600 St, City 55",187,11.016671820337288,13.084621247002893,1
557,Retailer 557,555-6562067,"27 St, City 56",46,119.03224639098234,13.919719619589035,0
558,Retailer 558,555-6237196,"68 St, City 57",47,88.64518314149208,12.712075681642174,0
559,Retailer 559,555-5885211,"790 St, City 58",60,103.35709374205551,7.878466656131031,0
560,Retailer 560,555-7126319,"408 St, City 59",54,89.98659460730505,1.1891348161360964,0
561,Retailer 561,555-2600396,"552 St, City 60",52,97.86989501634937,71.0981925611787,0
562,Retailer 562,555-4311149,"109 St, City 61",54,116.95148035765386,7.953130483543973,0
563,Retailer 563,555-9511010,"74 St, City 62",53,82.04473217672495,67.31262273151405,0
564,Retailer 564,555-3496081,"578 St, City 63",57,144.56171218068764,93.51088751837494,0
565,Retailer 565,555-1575278,"680 St, City 64",54,107.14318062486478,25.786797362697317,0
566,Retailer 566,555-6187480,"262 St, City 65",42,104.07876510253787,13.969527392812195,0
567,Retailer 567,555-2178049,"368 St, City 66",52,79.0223792061879,43.547046385824494,0
568,Retailer 568,555-4080201,"786 St, City 67",47,113.00553226906842,0.7713195098600268,0
569,Retailer 569,555-8136029,"849 St, City 68",61,133.27425512984726,79.29607153848173,0
570,Retailer 570,555-4464442,"870 St, City 69",54,84.89021992898861,15.723218470984111,0
571,Retailer 571,555-4314692,"237 St, City 70",61,79.92099199748199,11.071195491537432,0
572,Retailer 572,555-5719607,"727 St, City 71",43,100.94013119745806,4.072356258444311,0
573,Retailer 573,555-7285088,"366 St, City 72",53,79.79589833200308,93.14654502919251,0
574,Retailer 574,555-2110389,"286 St, City 73",41,90.97538841605629,49.98500387108081,0
575,Retailer 575,555-9416320,"378 St, City 74",57,116.73116863111437,38.61416544849395,0
576,Retailer 576,555-4912942,"661 St, City 75",56,135.37481907117663,80.19406289901973,0
577,Retailer 577,555-9501424,"830 St, City 76",50,117.61219594510756,96.43989992742014,0
578,Retailer 578,555-8468810,"906 St, City 77",54,82.79434074787711,9.37756725374673,0
579,Retailer 579,555-2635156,"376 St, City 78",53,94.47513336683853,46.32706147203395,0
580,Retailer 580,555-9523838,"619 St, City 79",50,93.01659919787731,43.69909411854399,0
581,Retailer 581,555-6001045,"653 St, City 80",37,102.0012527598767,24.44698546398228,0
582,Retailer 582,555-5463418,"76 St, City 81",49,117.68113500631301,4.890589639949232,0
583,Retailer 583,555-5345760,"9 St, City 82",47,83.98269626244834,84.57555799512586,0
584,Retailer 584,555-8153768,"196 St, City 83",32,143.76027018463867,11.366837264888902,0
585,Retailer 585,555-4251298,"807 St, City 84",45,79.18633928992705,25.94507822368897,0
586,Retailer 586,555-5465150,"792 St, City 85",51,83.38779683718465,0.5871158887730178,0
587,Retailer 587,555-9389012,"893 St, City 86",48,83.99343485781075,16.818596180727134,0
588,Retailer 588,555-8249903,"630 St, City 87",48,149.20288417131025,28.783319311294022,0
589,Retailer 589,555-5897590,"290 St, City 88",40,132.68140670196647,14.387552551524374,0
590,Retailer 590,555-7189573,"999 St, City 89",64,83.69724389667205,19.45131382918403,0
591,Retailer 591,555-2323483,"61 St, City 90",49,90.78515088588097,6.396731973840159,0
592,Retailer 592,555-2722320,"937 St, City 91",39,98.09354006002113,12.933725042956677,0
593,Retailer 593,555-3332517,"389 St, City 92",33,90.36649781188275,38.551613059965014,0
594,Retailer 594,555-4196340,"847 St, City 93",61,118.01912471617592,104.91002117754113,0
595,Retailer 595,555-9551881,"818 St, City 94",49,109.8049733505431,18.977751286798647,0
596,Retailer 596,555-6387408,"900 St, City 95",58,104.0507812980968,34.755323674931965,0
597,Retailer 597,555-6692493,"563 St, City 96",48,116.39843642864662,112.1269940491439,0
598,Retailer 598,555-9247752,"564 St, City 97",47,108.77862010759989,44.72191519214718,0
599,Retailer 599,555-2087341,"634 St, City 98",60,113.45789785689266,0.3054690315117159,0
600,Retailer 600,555-7195200,"679 St, City 99",47,103.46280261879213,82.25161037407291,0
601,Retailer 601,555-4977266,"8 St, City 0",45,134.43540021527502,60.424574810207304,0
602,Retailer 602,555-6558956,"369 St, City 1",50,102.63276488585268,9.487091995387058,0
603,Retailer 603,555-4031756,"45 St, City 2",41,97.03049076892472,6.01033994796381,0
604,Retailer 604,555-1843523,"344 St, City 3",47,115.95374057329481,68.84572849849526,0
605,Retailer 605,555-9934845,"757 St, City 4",52,111.36148059603855,35.0090599250619,0
606,Retailer 606,555-5040479,"796 St, City 5",55,99.5912287343976,8.114556907079944,0
607,Retailer 607,555-1092193,"375 St, City 6",48,67.23478737962212,37.54050957913097,0
608,Retailer 608,555-2186887,"619 St, City 7",51,128.19574224838055,27.505589472717794,0
609,Retailer 609,555-9896761,"27 St, City 8",47,124.84816158148688,11.09780170792199,0
610,Retailer 610,555-4334817,"193 St, City 9",50,82.9963794519008,24.410186700849735,0
611,Retailer 611,555-3715514,"930 St, City 10",35,108.31612588915237,22.476766268892717,0
612,Retailer 612,555-3658571,"849 St, City 11",44,89.54733329501938,21.3866802144,0
613,Retailer 613,555-5834357,"357 St, City 12",67,110.56669918289646,21.85493436641331,0
614,Retailer 614,555-8102173,"62 St, City 13",52,122.31122657212462,0.012163121068778758,0
615,Retailer 615,555-5892472,"62 St, City 14",39,97.39292898110038,9.385213752383883,0
616,Retailer 616,555-1481680,"422 St, City 15",52,114.23144729865263,16.909235797046808,0
617,Retailer 617,555-6165679,"794 St, City 16",45,71.8161304966415,4.083298157462286,0
618,Retailer 618,555-7180142,"633 St, City 17",51,82.7921889644872,41.48873325801963,0
619,Retailer 619,555-6287118,"792 St, City 18",34,118.01984903202568,56.29737590783394,0
620,Retailer 620,555-5100673,"551 St, City 19",50,87.22053863531417,51.07492979255648,0
621,Retailer 621,555-2534026,"380 St, City 20",41,83.46106875637122,18.465409999049673,0
622,Retailer 622,555-9704434,"277 St, City 21",51,85.49793804387137,35.20348951786098,0
623,Retailer 623,555-4467366,"606 St, City 22",55,78.43337148794024,2.400081094284529,0
624,Retailer 624,555-1327359,"431 St, City 23",46,120.0935229098312,6.671677475768994,0
625,Retailer 625,555-1317537,"115 St, City 24",45,121.57007371426167,1.4422986733313121,0
626,Retailer 626,555-7953757,"688 St, City 25",41,84.78901785174664,100.95194256400572,0
627,Retailer 627,555-1550222,"121 St, City 26",34,77.85815740110162,25.621495866131852,0
628,Retailer 628,555-5975026,"525 St, City 27",41,98.12342212361732,5.779886035100161,0
629,Retailer 629,555-8795134,"997 St, City 28",38,76.59839148837835,36.88338081076205,0
630,Retailer 630,555-3573619,"899 St, City 29",62,114.11629712821842,20.149133102446534,0
631,Retailer 631,555-3453752,"416 St, City 30",48,100.20443779370848,17.088494452345763,0
632,Retailer 632,555-8265760,"163 St, City 31",44,92.74086840675653,73.41209270525782,0
633,Retailer 633,555-2353038,"787 St, City 32",56,120.42956800091793,36.951224695023384,0
634,Retailer 634,555-9639483,"910 St, City 33",46,81.13223484412862,35.199301944344874,0
635,Retailer 635,555-5657693,"688 St, City 34",44,91.46799363306522,3.0712393427521403,0
636,Retailer 636,555-5264694,"982 St, City 35",48,76.06212653606944,2.896274788159498,0
637,Retailer 637,555-1707689,"337 St, City 36",48,72.41743874371295,32.75803506755887,0
638,Retailer 638,555-2296516,"379 St, City 37",45,81.869495945711,5.105524616697004,0
639,Retailer 639,555-4463351,"324 St, City 38",36,83.80538454145004,18.113098892102737,0
640,Retailer 640,555-2854971,"173 St, City 39",58,81.96071383481208,25.30550646582149,0
641,Retailer 641,555-2849396,"787 St, City 40",55,98.17102924340192,14.735131997479275,0
642,Retailer 642,555-3691276,"64 St, City 41",46,98.00859246891385,2.6700064337937115,0
643,Retailer 643,555-3526954,"101 St, City 42",55,68.96542686648618,40.801355652348896,0
644,Retailer 644,555-7549546,"322 St, City 43",50,115.9447718920488,64.89303729056685,0
645,Retailer 645,555-9007407,"975 St, City 44",50,69.67829716351616,5.290780671660311,0
646,Retailer 646,555-8385034,"66 St, City 45",65,65.44827087995291,57.745752558438625,0
647,Retailer 647,555-8063410,"843 St, City 46",53,120.72117879134166,46.6337158249458,0
648,Retailer 648,555-9001482,"557 St, City 47",60,77.94471033992426,24.89377844248572,0
649,Retailer 649,555-2072647,"599 St, City 48",44,107.14171912302191,27.19766373948383,0
650,Retailer 650,555-2631107,"458 St, City 49",51,88.3236415203518,31.62937532168972,0
651,Retailer 651,555-6106563,"579 St, City 50",43,79.89838559427659,22.318152643156843,0
652,Retailer 652,555-9234679,"453 St, City 51",57,76.28722735857085,55.80296044729207,0
653,Retailer 653,555-7463768,"259 St, City 52",59,107.60759855342077,19.27924976053708,0
654,Retailer 654,555-6606594,"934 St, City 53",54,81.32875295632506,23.759383609546326,0
655,Retailer 655,555-2950367,"717 St, City 54",49,121.90561291590589,1.1237486010212858,0
656,Retailer 656,555-2910705,"426 St, City 55",44,69.5495530209405,5.956077254333786,0
657,Retailer 657,555-2601596,"979 St, City 56",52,128.30002064414649,70.2329136223415,0
658,Retailer 658,555-4791481,"936 St, City 57",57,58.41029442725131,3.8886432376108546,0
659,Retailer 659,555-6123122,"178 St, City 58",48,105.70191077550264,70.317678310703,0
660,Retailer 660,555-8757202,"931 St, City 59",53,76.49094508362171,30.311805273520324,0
661,Retailer 661,555-7348564,"280 St, City 60",42,68.1698168006562,75.81829423259101,0
662,Retailer 662,555-5150276,"344 St, City 61",37,97.9991913967374,50.50963310467321,0
663,Retailer 663,555-6723601,"17 St, City 62",59,113.51762418279787,60.137472401927184,0
664,Retailer 664,555-6354075,"296 St, City 63",48,96.08710591822023,22.2942650486973,0
665,Retailer 665,555-6279548,"202 St, City 64",29,99.1203817954266,52.3402607888879,0
666,Retailer 666,555-3382357,"962 St, City 65",51,104.07389321180143,18.51491852806299,0
667,Retailer 667,555-8904069,"684 St, City 66",55,112.34046495700628,1.3553480494011263,0
668,Retailer 668,555-3245131,"919 St, City 67",45,132.91365001063656,31.61131449588345,0
669,Retailer 669,555-5246049,"774 St, City 68",45,85.1072116002787,39.108625098798875,0
670,Retailer 670,555-9480473,"194 St, City 69",47,109.56804902189829,3.212484188865807,0
671,Retailer 671,555-6455770,"149 St, City 70",57,88.53550620188601,50.769419065711276,0
672,Retailer 672,555-2072200,"375 St, City 71",49,96.5050715365174,2.3444829766464124,0
673,Retailer 673,555-3906158,"888 St, City 72",45,113.64281190727495,17.48115034604515,0
674,Retailer 674,555-2222869,"35 St, City 73",46,103.6198720070879,20.078450370811247,0
675,Retailer 675,555-4125354,"369 St, City 74",38,85.08105062359783,1.1234840451587254,0
676,Retailer 676,555-5782883,"29 St, City 75",60,102.0931554026511,2.0420882347007776,0
677,Retailer 677,555-7501632,"775 St, City 76",51,107.05706190510826,17.97026688416129,0
678,Retailer 678,555-4982588,"221 St, City 77",48,112.61483506116794,11.186642637076087,0
679,Retailer 679,555-9083123,"53 St, City 78",47,122.83112787211684,50.769551160974366,0
680,Retailer 680,555-7160686,"933 St, City 79",41,135.84934694092595,16.02563263568013,0
681,Retailer 681,555-1635605,"791 St, City 80",54,100.05046755287843,3.345619357427583,0
682,Retailer 682,555-8479821,"353 St, City 81",59,77.93784401434974,5.154930042228118,0
683,Retailer 683,555-5583897,"392 St, City 82",46,106.33318896362,33.57728313537481,0
684,Retailer 684,555-8413718,"76 St, City 83",49,73.24050311076532,89.91117381454926,0
685,Retailer 685,555-1067661,"494 St, City 84",42,138.0435038304015,61.11384031856487,0
686,Retailer 686,555-7859991,"688 St, City 85",52,88.85085739293511,4.160430136279958,0
687,Retailer 687,555-8585153,"522 St, City 86",40,119.70264387631131,0.49510703232811104,0
688,Retailer 688,555-6914988,"975 St, City 87",42,106.31043014417963,0.8038368820575144,0
689,Retailer 689,555-7558221,"117 St, City 88",48,104.88773003558036,24.280212377849207,0
690,Retailer 690,555-2307506,"280 St, City 89",56,68.37769864935302,19.95998727128477,0
691,Retailer 691,555-3901614,"730 St, City 90",54,84.23439726889298,0.40461419026568873,0
692,Retailer 692,555-3966422,"175 St, City 91",36,92.11360919093617,1.7645746740131447,0
693,Retailer 693,555-4708654,"746 St, City 92",49,92.51833164568728,249.36157380280912,0
694,Retailer 694,555-8315436,"949 St, City 93",47,101.85656854952822,100.52188879610088,0
695,Retailer 695,555-1118033,"764 St, City 94",44,86.77247919000334,4.065133146070973,0
696,Retailer 696,555-6872354,"295 St, City 95",44,109.80058030033672,5.377384970065334,0
697,Retailer 697,555-2215502,"451 St, City 96",51,98.07448176114185,69.12645043774448,0
698,Retailer 698,555-3319049,"834 St, City 97",55,113.14928101616792,21.24413415064216,0
699,Retailer 699,555-7292518,"518 St, City 98",42,70.29795863014543,95.08534593667721,0
700,Retailer 700,555-8587768,"21 St, City 99",49,115.61834276175423,22.040317189703032,0
701,Retailer 701,555-4720464,"73 St, City 0",54,132.585864194448,25.82738985993745,0
702,Retailer 702,555-3192614,"842 St, City 1",41,96.81044512385678,7.459068152988508,0
703,Retailer 703,555-1770173,"36 St, City 2",69,124.14151363128798,62.64258051166337,0
704,Retailer 704,555-6642264,"507 St, City 3",47,99.4448912777619,52.289526842541264,0
705,Retailer 705,555-1467010,"899 St, City 4",42,91.63111637272341,12.348559261954819,0
706,Retailer 706,555-2655016,"233 St, City 5",70,104.21824724865694,28.43135408217907,0
707,Retailer 707,555-5221038,"728 St, City 6",43,131.38399396771123,12.5310961916973,0
708,Retailer 708,555-9376430,"982 St, City 7",54,129.77742964354132,18.706858152668058,0
709,Retailer 709,555-4880993,"497 St, City 8",48,69.3772154603193,57.63238890084029,0
710,Retailer 710,555-3568103,"206 St, City 9",49,79.42630360391036,16.105953571024788,0
711,Retailer 711,555-9469872,"426 St, City 10",51,98.25803046931765,55.08368351575498,0
712,Retailer 712,555-9411883,"941 St, City 11",46,85.85834524496332,96.66035895308883,0
713,Retailer 713,555-7482532,"44 St, City 12",53,107.64722144028785,16.15330873429002,0
714,Retailer 714,555-6196467,"91 St, City 13",48,97.22969164358283,62.99715287585091,0
715,Retailer 715,555-6952793,"929 St, City 14",51,90.93153645852765,10.87145083987023,0
716,Retailer 716,555-9961343,"828 St, City 15",45,139.5480675225096,0.0860546545395118,0
717,Retailer 717,555-3000609,"470 St, City 16",58,115.65412177509745,2.648266130777611,0
718,Retailer 718,555-3697143,"605 St, City 17",54,114.29756477243738,40.07959556840683,0
719,Retailer 719,555-2314532,"467 St, City 18",42,83.85575767923964,3.166876606821453,0
720,Retailer 720,555-1421240,"851 St, City 19",60,99.2562625219579,83.98515332533785,0
721,Retailer 721,555-1944789,"454 St, City 20",45,97.25944683899459,60.42750321105468,0
722,Retailer 722,555-3213573,"595 St, City 21",47,101.87658127239864,21.69897816485674,0
723,Retailer 723,555-9914501,"333 St, City 22",47,91.19458569300133,26.13307209367914,0
724,Retailer 724,555-3255363,"507 St, City 23",56,118.4508215627331,35.559250714298635,0
725,Retailer 725,555-9375741,"794 St, City 24",41,126.6224219554997,39.44780672583597,0
726,Retailer 726,555-6056861,"470 St, City 25",52,115.30882328495788,20.27140233663994,0
727,Retailer 727,555-7436446,"21 St, City 26",45,97.99961987540142,11.280107773283277,0
728,Retailer 728,555-5148887,"228 St, City 27",51,91.94188013569409,72.3184601216005,0
729,Retailer 729,555-4668866,"376 St, City 28",52,121.6491053895667,1.4306331412513134,0
730,Retailer 730,555-5612338,"130 St, City 29",44,106.47605977485064,13.205622454421896,0
731,Retailer 731,555-2033255,"687 St, City 30",52,111.12941787555032,32.943892086278524,0
732,Retailer 732,555-8082212,"620 St, City 31",40,106.11814682167847,66.51190165605931,0
733,Retailer 733,555-9202787,"414 St, City 32",52,85.14085777507206,2.313694638846745,0
734,Retailer 734,555-5989847,"795 St, City 33",50,131.26778814873217,32.2721693277132,0
735,Retailer 735,555-9929285,"71 St, City 34",54,149.0753284214697,20.02888950770049,0
736,Retailer 736,555-8643603,"404 St, City 35",51,91.35845336207976,34.79761607385656,0
737,Retailer 737,555-4094235,"562 St, City 36",49,99.21339865734939,11.44671081979745,0
738,Retailer 738,555-6986126,"607 St, City 37",66,92.38762645053959,37.2088649615815,0
739,Retailer 739,555-3859653,"791 St, City 38",49,86.74238580722646,5.963104147815056,0
740,Retailer 740,555-1387952,"397 St, City 39",52,111.92577188673044,44.80296986698849,0
741,Retailer 741,555-2030117,"337 St, City 40",58,88.41837992068974,41.51084404867148,0
742,Retailer 742,555-3896818,"644 St, City 41",42,80.89604877387109,88.00338654777059,0
743,Retailer 743,555-3357821,"505 St, City 42",53,108.9245428337806,5.706641216211119,0
744,Retailer 744,555-9913742,"910 St, City 43",36,82.50659310884487,38.403865293980225,0
745,Retailer 745,555-6584263,"276 St, City 44",47,87.67983771345658,11.687016556792937,0
746,Retailer 746,555-1244761,"892 St, City 45",59,86.47462567231125,9.932590103632212,0
747,Retailer 747,555-9386180,"13 St, City 46",52,109.250399418905,15.404655603509052,0
748,Retailer 748,555-1064323,"3 St, City 47",48,101.48324228793014,10.072640465852013,0
749,Retailer 749,555-2237715,"986 St, City 48",47,62.62310997994057,8.558289883769042,0
750,Retailer 750,555-9040979,"986 St, City 49",46,105.71494236808975,43.88039453310226,0
751,Retailer 751,555-1954480,"978 St, City 50",46,83.49663729878931,36.0695757123758,0
752,Retailer 752,555-7681134,"224 St, City 51",54,130.7531852888429,3.4743985599906213,0
753,Retailer 753,555-1854016,"974 St, City 52",52,58.59579546311787,24.64178908604266,0
754,Retailer 754,555-6347417,"175 St, City 53",47,107.51973944339751,12.059255591321127,0
755,Retailer 755,555-6809701,"899 St, City 54",58,115.56455174850473,106.24964195898016,0
756,Retailer 756,555-9671370,"385 St, City 55",51,75.86496229234139,16.603788434005892,0
757,Retailer 757,555-3883427,"602 St, City 56",45,94.4266936943317,1.2425925872788413,0
758,Retailer 758,555-2416012,"920 St, City 57",38,101.90667642649231,12.091266952994124,0
759,Retailer 759,555-6752810,"241 St, City 58",60,96.99281614595772,11.24986979224554,0
760,Retailer 760,555-1571650,"547 St, City 59",52,109.7455117650402,0.16952071559761953,0
761,Retailer 761,555-5476576,"14 St, City 60",55,103.15456595131376,20.070166065196048,0
762,Retailer 762,555-9774533,"195 St, City 61",52,115.72791047748748,70.86882173697515,0
763,Retailer 763,555-3863793,"397 St, City 62",57,106.5958009395909,48.63214574438966,0
764,Retailer 764,555-5909047,"431 St, City 63",41,102.18549910520416,34.622492802260965,0
765,Retailer 765,555-7881289,"306 St, City 64",55,94.47337250778224,12.62656332640183,0
766,Retailer 766,555-8422212,"334 St, City 65",44,104.94677091755334,7.917549701564005,0
767,Retailer 767,555-4757974,"725 St, City 66",39,134.96614334248113,12.584632561453382,0
768,Retailer 768,555-9791689,"410 St, City 67",53,98.27354595910656,3.939478676470644,0
769,Retailer 769,555-8211179,"3 St, City 68",46,74.53154396618913,3.1437698986154605,0
770,Retailer 770,555-9767500,"691 St, City 69",48,121.91711917910101,25.637018832116848,0
771,Retailer 771,555-5199591,"552 St, City 70",42,141.51334234404737,50.4592725586879,0
772,Retailer 772,555-6500545,"452 St, City 71",44,111.55075579820411,3.14051536135684,0
773,Retailer 773,555-9291923,"676 St, City 72",54,139.29878464370978,12.247489005012259,0
774,Retailer 774,555-4154240,"819 St, City 73",58,102.85946946354095,3.929037862061494,0
775,Retailer 775,555-8796324,"747 St, City 74",50,158.97961854312206,11.152818906609111,0
776,Retailer 776,555-9112074,"769 St, City 75",46,70.63090657146427,53.20521377809134,0
777,Retailer 777,555-3190222,"872 St, City 76",223,9.620942467358065,1.0640522915981598,1
778,Retailer 778,555-3719269,"495 St, City 77",43,111.98258068305614,31.256778878631973,0
779,Retailer 779,555-8235574,"417 St, City 78",56,84.70566448139898,1.8510475179972619,0
780,Retailer 780,555-6672354,"391 St, City 79",59,123.65589168464423,16.68232192010664,0
781,Retailer 781,555-6205597,"373 St, City 80",51,110.93951529597676,19.276634610742022,0
782,Retailer 782,555-6284958,"628 St, City 81",39,95.68888602964994,15.40036580560548,0
783,Retailer 783,555-1786667,"52 St, City 82",46,108.59531195085,30.43244757655547,0
784,Retailer 784,555-2712503,"376 St, City 83",56,103.98090819716707,109.10385332354919,0
785,Retailer 785,555-4609736,"395 St, City 84",42,112.99421441571303,9.330560122065378,0
786,Retailer 786,555-9060833,"923 St, City 85",52,95.34064670669699,28.230494564219907,0
787,Retailer 787,555-7638155,"142 St, City 86",49,55.78695346961659,13.15415113777022,0
788,Retailer 788,555-2384418,"86 St, City 87",42,117.27807010213598,228.06755366543487,0
789,Retailer 789,555-1386594,"464 St, City 88",48,98.69709695066167,90.47609467132648,0
790,Retailer 790,555-3869760,"46 St, City 89",50,84.28437345161308,2.9417132509692245,0
791,Retailer 791,555-2092501,"844 St, City 90",49,92.50471947452532,109.02717735527962,0
792,Retailer 792,555-6238331,"238 St, City 91",62,96.06809092825296,40.21341033081388,0
793,Retailer 793,555-9525631,"10 St, City 92",45,70.25624594261765,146.17067383943146,0
794,Retailer 794,555-2135964,"664 St, City 93",47,82.23525116201039,44.21453517869291,0
795,Retailer 795,555-3155748,"573 St, City 94",48,97.7011577799176,4.1411100705742045,0
796,Retailer 796,555-4925282,"530 St, City 95",47,96.59526618904229,41.645132972965655,0
797,Retailer 797,555-1873172,"598 St, City 96",43,81.32861677826331,38.90761105519336,0
798,Retailer 798,555-9910852,"649 St, City 97",62,74.2346778935316,5.472134766445885,0
799,Retailer 799,555-6655378,"913 St, City 98",48,82.9395491646276,41.972002384796085,0
800,Retailer 800,555-5873594,"742 St, City 99",49,105.93450038456128,33.69691922762532,0
801,Retailer 801,555-5063309,"640 St, City 0",50,87.07174240818286,155.78630914224803,0
802,Retailer 802,555-7941245,"616 St, City 1",51,117.44081916234167,28.928177824406447,0
803,Retailer 803,555-8817304,"698 St, City 2",47,123.2423822067945,16.0642895002261,0
804,Retailer 804,555-1829735,"909 St, City 3",52,134.87708520223555,92.31806171075415,0
805,Retailer 805,555-8021862,"178 St, City 4",58,112.49076962156023,29.65306583418079,0
806,Retailer 806,555-9351245,"869 St, City 5",42,108.4481933186279,12.860420434423615,0
807,Retailer 807,555-6282591,"6 St, City 6",70,127.54755135242037,0.6381085704948457,0
808,Retailer 808,555-8483058,"853 St, City 7",61,75.63555064121783,42.3963503119932,0
809,Retailer 809,555-3562469,"307 St, City 8",48,112.52659895757401,3.818852601454568,0
810,Retailer 810,555-4086176,"548 St, City 9",46,118.98471367773561,77.18043423625679,0
811,Retailer 811,555-7509590,"327 St, City 10",51,99.79294789925896,97.62861939573762,0
812,Retailer 812,555-6345854,"356 St, City 11",45,116.452382590481,8.09217435629621,0
813,Retailer 813,555-8490200,"793 St, City 12",41,93.32186452790253,3.5907270829010134,0
814,Retailer 814,555-5883680,"395 St, City 13",45,100.78931369967414,27.139761735712806,0
815,Retailer 815,555-4681262,"300 St, City 14",47,107.33023660640836,7.213719637009663,0
816,Retailer 816,555-5633078,"526 St, City 15",56,106.73655414543826,23.416097214470717,0
817,Retailer 817,555-3609089,"749 St, City 16",50,72.2074723897756,16.043543731881293,0
818,Retailer 818,555-3508749,"285 St, City 17",38,89.72617937931669,47.11017612634998,0
819,Retailer 819,555-1914228,"330 St, City 18",44,100.84674046803447,266.5470509351264,0
820,Retailer 820,555-1953959,"50 St, City 19",51,107.84270124842017,18.308577620242914,0
821,Retailer 821,555-8905477,"773 St, City 20",48,113.46498459683414,34.65714140567686,0
822,Retailer 822,555-4369538,"968 St, City 21",58,100.48839222296657,12.547634961124455,0
823,Retailer 823,555-1345266,"622 St, City 22",52,122.16090177321804,59.52426402885825,0
824,Retailer 824,555-5537358,"709 St, City 23",64,94.14984121874942,1.1295808320080394,0
825,Retailer 825,555-7867100,"378 St, City 24",63,117.13691388354971,20.408254546888056,0
826,Retailer 826,555-6275034,"764 St, City 25",46,97.00042934412568,5.835787710096838,0
827,Retailer 827,555-8553974,"600 St, City 26",50,81.65888466861905,5.8382628509016,0
828,Retailer 828,555-7097091,"825 St, City 27",46,152.3700015906478,22.8425055845014,0
829,Retailer 829,555-4177993,"538 St, City 28",37,109.98396867150164,11.036371159464029,0
830,Retailer 830,555-8705092,"774 St, City 29",42,63.18174347536862,18.430357952038314,0
831,Retailer 831,555-8583354,"144 St, City 30",57,118.07060507504485,10.943802977771231,0
832,Retailer 832,555-4131209,"60 St, City 31",52,103.29088035431197,18.212880098972587,0
833,Retailer 833,555-6813365,"868 St, City 32",55,117.34063285760098,10.102815413946578,0
834,Retailer 834,555-5057893,"780 St, City 33",62,110.83875032178797,48.820617324429264,0
835,Retailer 835,555-6691276,"75 St, City 34",45,84.72796177949435,24.481696899613556,0
836,Retailer 836,555-6397662,"3 St, City 35",41,118.40206303822819,5.2818358572056985,0
837,Retailer 837,555-2805468,"575 St, City 36",52,86.74487345839448,0.2548218952228539,0
838,Retailer 838,555-4427975,"748 St, City 37",46,83.85345977891582,0.529478197375662,0
839,Retailer 839,555-7356228,"448 St, City 38",59,93.30113966420812,16.429362206446637,0
840,Retailer 840,555-9514716,"958 St, City 39",50,79.23925807580306,11.311518692648487,0
841,Retailer 841,555-6525633,"741 St, City 40",55,110.02221093666704,9.118863458549171,0
842,Retailer 842,555-3080154,"902 St, City 41",38,141.71254805661079,29.259391642118516,0
843,Retailer 843,555-3244702,"275 St, City 42",42,77.9209769580178,50.3312477468745,0
844,Retailer 844,555-4377778,"530 St, City 43",58,127.49711442633024,1.964325171630592,0
845,Retailer 845,555-6735193,"592 St, City 44",60,88.02537268516139,3.4951246401301352,0
846,Retailer 846,555-8726890,"215 St, City 45",63,88.12687833493207,13.801410554470479,0
847,Retailer 847,555-6897498,"683 St, City 46",55,77.16998872099876,17.474296720275003,0
848,Retailer 848,555-9357956,"485 St, City 47",55,106.85927056731391,15.087217595762482,0
849,Retailer 849,555-9204298,"329 St, City 48",50,73.52596756057454,30.536135961538854,0
850,Retailer 850,555-9776957,"255 St, City 49",37,90.5198118945699,2.7376574048640268,0
851,Retailer 851,555-6843493,"387 St, City 50",66,122.17704558407569,20.479762480014266,0
852,Retailer 852,555-4386501,"126 St, City 51",53,131.27290105996184,50.0986594228556,0
853,Retailer 853,555-8395350,"767 St, City 52",42,80.99635630990774,79.12461099607452,0
854,Retailer 854,555-5588334,"584 St, City 53",47,93.91552552607592,24.655083285321027,0
855,Retailer 855,555-9464685,"550 St, City 54",57,97.16186348421374,4.469770017806586,0
856,Retailer 856,555-8168362,"324 St, City 55",51,70.56943065234627,39.000495963997956,0
857,Retailer 857,555-5327819,"204 St, City 56",51,88.5220937672282,47.73785882281406,0
858,Retailer 858,555-8284953,"172 St, City 57",51,87.31014068366969,6.555540890619349,0
859,Retailer 859,555-2255564,"735 St, City 58",43,109.77405166961924,33.950026394616586,0
860,Retailer 860,555-9514493,"217 St, City 59",49,104.90581228110119,79.99921616538161,0
861,Retailer 861,555-9930264,"245 St, City 60",45,102.47723155711363,38.065142385498554,0
862,Retailer 862,555-5424507,"336 St, City 61",44,95.77839297004385,16.11344553495824,0
863,Retailer 863,555-3792427,"703 St, City 62",40,126.22796248608171,17.542938635255734,0
864,Retailer 864,555-4357679,"298 St, City 63",46,99.56500630230342,2.4869943659377367,0
865,Retailer 865,555-6748035,"832 St, City 64",48,119.87007480867327,22.40369399754167,0
866,Retailer 866,555-5390020,"182 St, City 65",50,111.79387861669471,48.688555489314574,0
867,Retailer 867,555-3681719,"334 St, City 66",64,103.05507713298837,115.18632239241171,0
868,Retailer 868,555-1890695,"511 St, City 67",60,117.78685767959969,15.289977614149022,0
869,Retailer 869,555-1838761,"383 St, City 68",53,93.8381757381102,17.1474050641277,0
870,Retailer 870,555-8367664,"717 St, City 69",58,82.10836746074614,1.6896160437706822,0
871,Retailer 871,555-9888923,"873 St, City 70",49,99.40937522484104,44.7658114711424,0
872,Retailer 872,555-6352825,"199 St, City 71",48,130.04907855076513,37.832992370891354,0
873,Retailer 873,555-9887324,"332 St, City 72",44,104.28049185781609,15.471408746876001,0
874,Retailer 874,555-4321127,"165 St, City 73",50,89.91099855637601,37.06140766924105,0
875,Retailer 875,555-3559272,"242 St, City 74",50,83.77855004204815,29.26732588031751,0
876,Retailer 876,555-3276106,"900 St, City 75",50,69.56328705544004,43.95921490215857,0
877,Retailer 877,555-7960534,"642 St, City 76",41,83.59930210809705,11.312570514536315,0
878,Retailer 878,555-8374592,"227 St, City 77",62,106.00815986174312,31.56492164980161,0
879,Retailer 879,555-7575716,"634 St, City 78",37,95.25044695086011,29.47462499704143,0
880,Retailer 880,555-3002324,"556 St, City 79",43,104.44423015577964,2.8454888075301414,0
881,Retailer 881,555-7262105,"451 St, City 80",39,81.75876862180411,9.894847358498936,0
882,Retailer 882,555-7671318,"196 St, City 81",49,120.53263677981045,59.02643172718224,0
883,Retailer 883,555-1494592,"870 St, City 82",66,115.04948734204956,5.092779704958481,0
884,Retailer 884,555-4578226,"204 St, City 83",44,88.75595756913324,14.319977167970997,0
885,Retailer 885,555-7149031,"979 St, City 84",46,71.76666366625454,7.655895625097159,0
886,Retailer 886,555-3427540,"458 St, City 85",42,105.00447665242382,4.531155488865124,0
887,Retailer 887,555-2715630,"830 St, City 86",45,60.673436870521215,4.3997615060325685,0
888,Retailer 888,555-1318408,"257 St, City 87",52,73.69449321435788,12.829263607080904,0
889,Retailer 889,555-9856884,"529 St, City 88",49,91.92840083512525,48.80873666340027,0
890,Retailer 890,555-9900019,"272 St, City 89",59,82.36929350935728,101.72187235433569,0
891,Retailer 891,555-4117172,"9 St, City 90",50,125.89829628666037,25.44750422547482,0
892,Retailer 892,555-7304680,"761 St, City 91",54,93.41103893894481,30.25417817210969,0
893,Retailer 893,555-5235042,"949 St, City 92",35,109.7496392175982,45.25302552642643,0
894,Retailer 894,555-2898739,"201 St, City 93",43,56.451401183745716,32.52363742627725,0
895,Retailer 895,555-2017433,"59 St, City 94",48,64.31043080996398,56.579797815723744,0
896,Retailer 896,555-9104010,"887 St, City 95",53,86.48168252788801,64.63826180942185,0
897,Retailer 897,555-5661029,"393 St, City 96",43,104.26842521911259,29.64230677526612,0
898,Retailer 898,555-4678086,"652 St, City 97",60,74.59160733339576,22.846810191565734,0
899,Retailer 899,555-2581530,"119 St, City 98",48,107.2555167744831,14.880635655933293,0
900,Retailer 900,555-3087258,"553 St, City 99",45,126.96700910850484,18.573527508619296,0
901,Retailer 901,555-5856447,"399 St, City 0",43,84.22735560624038,12.714583345056814,0
902,Retailer 902,555-9369066,"834 St, City 1",54,99.77072281845047,16.70432405733565,0
903,Retailer 903,555-7857658,"331 St, City 2",45,94.51678867277658,68.99063580158877,0
904,Retailer 904,555-1996530,"267 St, City 3",45,91.52137048637708,107.66764860129028,0
905,Retailer 905,555-3601623,"520 St, City 4",47,106.36717121926695,13.460598953062977,0
906,Retailer 906,555-7231219,"695 St, City 5",41,100.17504536622232,7.476543555005078,0
907,Retailer 907,555-5108997,"480 St, City 6",59,96.3505042926649,2.442503394624436,0
908,Retailer 908,555-4364695,"134 St, City 7",49,102.8288806273905,54.40744909131106,0
909,Retailer 909,555-2045482,"693 St, City 8",47,117.25589096752282,61.36071452659759,0
910,Retailer 910,555-6786265,"916 St, City 9",66,112.07520288129282,17.9608727737185,0
911,Retailer 911,555-6908635,"935 St, City 10",56,64.90013451667917,23.453962928073228,0
912,Retailer 912,555-8487345,"355 St, City 11",42,82.28257115368572,40.39159105542345,0
913,Retailer 913,555-1570451,"584 St, City 12",52,111.68737737781272,14.141063338476272,0
914,Retailer 914,555-9408424,"498 St, City 13",59,151.63159812263265,6.750239122796531,0
915,Retailer 915,555-1967344,"625 St, City 14",42,86.90154441890283,3.654285353715484,0
916,Retailer 916,555-3412149,"107 St, City 15",51,70.03240943955339,8.045843733259447,0
917,Retailer 917,555-6398869,"290 St, City 16",52,145.56649269590918,31.09736558035556,0
918,Retailer 918,555-4352252,"825 St, City 17",42,125.33472401423235,12.816832565561638,0
919,Retailer 919,555-4732839,"629 St, City 18",49,124.02112552344889,60.68125219362989,0
920,Retailer 920,555-8022336,"632 St, City 19",58,102.20353277563663,2.748477687524686,0
921,Retailer 921,555-6768927,"147 St, City 20",55,98.98383525156792,16.154637007465965,0
922,Retailer 922,555-3878604,"327 St, City 21",52,97.1510317967512,8.910260094914937,0
923,Retailer 923,555-5327858,"415 St, City 22",57,115.21578711952823,65.59660118546621,0
924,Retailer 924,555-8433533,"210 St, City 23",54,125.04513036564765,49.22997756860367,0
925,Retailer 925,555-9652831,"296 St, City 24",54,103.26202585608263,124.63911423993281,0
926,Retailer 926,555-6984684,"398 St, City 25",50,115.5008022358094,3.810221777573151,0
927,Retailer 927,555-3694287,"103 St, City 26",50,127.84073608180444,45.731350704813146,0
928,Retailer 928,555-7511634,"636 St, City 27",56,118.76690029209861,4.035496494783835,0
929,Retailer 929,555-5621056,"757 St, City 28",58,111.6501442218426,5.053396538989354,0
930,Retailer 930,555-9976973,"508 St, City 29",38,85.56408796618783,1.199395943821261,0
931,Retailer 931,555-1703662,"891 St, City 30",50,86.98822961515401,18.748279265300106,0
932,Retailer 932,555-2305585,"868 St, City 31",55,65.51217519430358,4.036187463131044,0
933,Retailer 933,555-5092097,"209 St, City 32",53,107.71434650756697,12.847450290443906,0
934,Retailer 934,555-3659440,"933 St, City 33",40,102.26351844952595,9.697176359771422,0
935,Retailer 935,555-4943645,"428 St, City 34",47,125.45581092423565,112.33789746382993,0
936,Retailer 936,555-5495013,"393 St, City 35",41,109.13320099817624,32.211404138106744,0
937,Retailer 937,555-7094467,"826 St, City 36",59,93.52213236443563,15.85218178588496,0
938,Retailer 938,555-6517366,"916 St, City 37",45,90.30488346637924,63.223808550447245,0
939,Retailer 939,555-4448678,"109 St, City 38",49,106.90918058249119,1.979214035451184,0
940,Retailer 940,555-6211593,"889 St, City 39",43,105.04807445935747,12.205580507830033,0
941,Retailer 941,555-9370262,"348 St, City 40",55,136.46109851526717,21.683012778751365,0
942,Retailer 942,555-5846769,"50 St, City 41",52,97.82658536108438,1.6614365538235005,0
943,Retailer 943,555-8449607,"916 St, City 42",43,109.73146583091692,4.7297621316694505,0
944,Retailer 944,555-5043064,"105 St, City 43",57,132.69538963479673,67.62743545468035,0
945,Retailer 945,555-3602967,"420 St, City 44",46,97.0721248208396,5.939847930978569,0
946,Retailer 946,555-4438550,"373 St, City 45",49,93.38826197954967,76.3997218556122,0
947,Retailer 947,555-1076218,"27 St, City 46",48,73.32190487445656,3.030102703592731,0
948,Retailer 948,555-7878974,"968 St, City 47",58,92.792751031447,65.73532738879803,0
949,Retailer 949,555-1770044,"800 St, City 48",44,107.55728626282247,18.138248615489136,0
950,Retailer 950,555-6579079,"769 St, City 49",62,127.48316813743239,25.547789778717654,0
951,Retailer 951,555-4185714,"273 St, City 50",57,72.5144063748998,9.922794245252751,0
952,Retailer 952,555-2728096,"649 St, City 51",57,82.04927101185596,9.578885495572642,0
953,Retailer 953,555-9736347,"340 St, City 52",47,62.31361129592369,20.32609676529935,0
954,Retailer 954,555-9860935,"301 St, City 53",200,11.28813720505736,13.192721573532875,1
955,Retailer 955,555-8667105,"480 St, City 54",49,103.22262176654435,2.4264225807308737,0
956,Retailer 956,555-3694946,"834 St, City 55",43,91.33305780499688,13.093966547758503,0
957,Retailer 957,555-5229215,"544 St, City 56",43,64.06707050713692,8.819302781971558,0
958,Retailer 958,555-2922135,"557 St, City 57",43,99.96095666770229,56.84158635906093,0
959,Retailer 959,555-8021855,"265 St, City 58",49,91.92036354006156,54.702775021124616,0
960,Retailer 960,555-1978039,"542 St, City 59",59,64.13522855032343,4.576339490988543,0
961,Retailer 961,555-9997354,"596 St, City 60",57,94.24416650695416,39.28768201105192,0
962,Retailer 962,555-8352207,"166 St, City 61",47,124.50398811166917,17.98089949915571,0
963,Retailer 963,555-1499876,"316 St, City 62",50,94.79354116289875,60.86392321924514,0
964,Retailer 964,555-2962165,"1 St, City 63",41,123.53059938790435,9.605704409806384,0
965,Retailer 965,555-8985620,"761 St, City 64",49,131.1351689261579,2.767297675670223,0
966,Retailer 966,555-1611213,"261 St, City 65",53,94.63198524734844,48.35777605109386,0
967,Retailer 967,555-1768734,"63 St, City 66",47,98.21255658125092,60.83014584955807,0
968,Retailer 968,555-8750575,"483 St, City 67",46,110.02927028794053,55.0734356254598,0
969,Retailer 969,555-5241361,"676 St, City 68",54,120.45296526640954,11.982982981110307,0
970,Retailer 970,555-6511174,"321 St, City 69",47,128.44871961065212,0.9405498383447877,0
971,Retailer 971,555-2839433,"846 St, City 70",54,130.3709110933701,4.511277943975005,0
972,Retailer 972,555-7569632,"201 St, City 71",41,85.32895374904724,75.53611473876312,0
973,Retailer 973,555-4672214,"222 St, City 72",48,129.0932942855769,13.579965941440678,0
974,Retailer 974,555-3026580,"152 St, City 73",48,110.29147055565205,63.66003352785701,0
975,Retailer 975,555-8229039,"644 St, City 74",54,89.56257982241361,118.60588625764495,0
976,Retailer 976,555-8507324,"626 St, City 75",47,77.11623199749161,15.111217600822298,0
977,Retailer 977,555-7202258,"462 St, City 76",52,84.03118349782221,44.943074623919884,0
978,Retailer 978,555-5339235,"217 St, City 77",51,107.28741086117253,5.557896845504305,0
979,Retailer 979,555-4526737,"196 St, City 78",50,90.17240785191417,14.52301742155892,0
980,Retailer 980,555-9790529,"793 St, City 79",37,107.24944174258246,36.64196319972131,0
981,Retailer 981,555-3008960,"202 St, City 80",39,77.45903574977275,6.962137171609687,0
982,Retailer 982,555-5455214,"995 St, City 81",45,84.92417150440512,11.560872823332694,0
983,Retailer 983,555-9476563,"647 St, City 82",37,98.20198176478299,24.891515424174006,0
984,Retailer 984,555-7918889,"234 St, City 83",50,96.55818837137558,35.2529775756042,0
985,Retailer 985,555-4816446,"141 St, City 84",36,74.4601831533729,13.2426651513818,0
986,Retailer 986,555-4376513,"708 St, City 85",50,87.41903514558923,14.18682812168443,0
987,Retailer 987,555-2937878,"498 St, City 86",58,65.12063658236954,3.491572561458649,0
988,Retailer 988,555-7193956,"555 St, City 87",42,101.32628607584252,124.17159704498631,0
989,Retailer 989,555-2705215,"57 St, City 88",65,130.55538292516286,28.42076119514561,0
990,Retailer 990,555-6437149,"932 St, City 89",58,84.67776976251429,22.671593253456166,0
991,Retailer 991,555-8271476,"504 St, City 90",50,80.93219405638236,7.123104396643378,0
992,Retailer 992,555-7429611,"142 St, City 91",48,119.65239315522786,20.084695451472225,0
993,Retailer 993,555-4266402,"722 St, City 92",50,76.5855074365814,17.78880315852392,0
994,Retailer 994,555-9121849,"584 St, City 93",48,120.11065272154586,8.974791701774087,0
995,Retailer 995,555-9104789,"736 St, City 94",56,75.96110828047279,17.73258530023788,0
996,Retailer 996,555-5108880,"539 St, City 95",66,92.89029330931554,6.826983572245403,0
997,Retailer 997,555-6499593,"640 St, City 96",38,95.17735590481323,37.159529725401335,0
998,Retailer 998,555-5261946,"106 St, City 97",56,114.08808073768486,71.83612225021378,0
999,Retailer 999,555-1090093,"165 St, City 98",61,137.446299203095,0.07777013091311376,0
1000,Retailer 1000,555-2732465,"215 St, City 99",61,93.07169818293036,24.375252451353006,0
1001,Retailer 1001,555-4173584,"71 St, City 0",59,99.6289712392703,39.53881497557497,0
1002,Retailer 1002,555-3859244,"716 St, City 1",52,65.80558907487372,71.31790133817,0
1003,Retailer 1003,555-1886040,"665 St, City 2",43,99.1835168001892,13.314673861126558,0
1004,Retailer 1004,555-1322918,"579 St, City 3",55,123.09570524448412,71.30368899480925,0
1005,Retailer 1005,555-3245909,"90 St, City 4",61,147.25730149825515,52.38396456519873,0
1006,Retailer 1006,555-1116739,"772 St, City 5",47,92.81294138117399,22.34677307558331,0
1007,Retailer 1007,555-2014929,"874 St, City 6",56,114.33618564746243,8.90947681668057,0
1008,Retailer 1008,555-3420564,"228 St, City 7",60,123.15010358260992,31.737048653978853,0
1009,Retailer 1009,555-9577064,"79 St, City 8",65,71.23320782582012,9.055801335433564,0
1010,Retailer 1010,555-3653093,"608 St, City 9",49,128.37180816351903,12.870298960816339,0
1011,Retailer 1011,555-4303457,"349 St, City 10",58,83.86025844496238,18.876407272927402,0
1012,Retailer 1012,555-6888997,"842 St, City 11",60,105.29168753374894,20.673201851007263,0
1013,Retailer 1013,555-7944121,"981 St, City 12",54,74.74223110335883,6.290057391799206,0
1014,Retailer 1014,555-7238795,"894 St, City 13",39,92.67007994242915,35.50572645382324,0
1015,Retailer 1015,555-5767348,"246 St, City 14",48,66.2370860677139,144.53664166024885,0
1016,Retailer 1016,555-1716756,"272 St, City 15",50,105.33042301457583,8.386275770028762,0
1017,Retailer 1017,555-9439834,"403 St, City 16",37,130.69642949955517,24.259424881679383,0
1018,Retailer 1018,555-7790968,"669 St, City 17",51,100.65691091321108,18.193431506585068,0
1019,Retailer 1019,555-4751198,"116 St, City 18",51,71.15963676175996,11.035495406237358,0
1020,Retailer 1020,555-8369434,"435 St, City 19",57,93.23189242937134,16.33045082692147,0
1021,Retailer 1021,555-4138145,"530 St, City 20",48,104.27236004702893,39.58403046210179,0
1022,Retailer 1022,555-2226476,"442 St, City 21",56,97.08674691069855,16.070949927285234,0
1023,Retailer 1023,555-5184056,"172 St, City 22",56,113.57500612301959,21.202927655126153,0
1024,Retailer 1024,555-9960820,"16 St, City 23",45,140.31203089734376,19.458948047496794,0
1025,Retailer 1025,555-2500844,"961 St, City 24",47,98.82299668670284,24.305955439059407,0
1026,Retailer 1026,555-4443609,"752 St, City 25",58,97.39502957530276,10.325116914610609,0
1027,Retailer 1027,555-9752084,"898 St, City 26",47,85.57656794357051,21.382251318590995,0
1028,Retailer 1028,555-2400283,"56 St, City 27",52,120.60248768628591,4.345267997062897,0
1029,Retailer 1029,555-6927613,"591 St, City 28",52,138.21349941171005,40.57235440654523,0
1030,Retailer 1030,555-1691757,"103 St, City 29",42,96.20325335768966,3.5271920914340216,0
1031,Retailer 1031,555-1390719,"284 St, City 30",52,105.09264532726351,46.10782828957419,0
1032,Retailer 1032,555-7854453,"705 St, City 31",49,103.25270479547027,52.38189268599894,0
1033,Retailer 1033,555-4337920,"517 St, City 32",38,84.63518010233763,0.5773921213403118,0
1034,Retailer 1034,555-4296050,"618 St, City 33",51,114.65247216247893,53.307154224062835,0
1035,Retailer 1035,555-3118324,"278 St, City 34",61,99.1897708669036,31.33813636361998,0
1036,Retailer 1036,555-7827299,"885 St, City 35",50,104.54098058311595,3.0579747924866463,0
1037,Retailer 1037,555-7247794,"612 St, City 36",56,119.31671332580035,185.26695339079106,0
1038,Retailer 1038,555-8917596,"750 St, City 37",52,93.46570489136249,28.671754685510383,0
1039,Retailer 1039,555-5902666,"269 St, City 38",179,11.303590665765512,15.367668724967064,1
1040,Retailer 1040,555-1876031,"833 St, City 39",61,85.49160373501174,64.94068873556051,0
1041,Retailer 1041,555-7232739,"400 St, City 40",44,78.16615098125307,1.27542498654157,0
1042,Retailer 1042,555-2270896,"503 St, City 41",47,102.42663058510001,37.905619745222246,0
1043,Retailer 1043,555-2059622,"86 St, City 42",45,104.15419769481706,4.654948823232835,0
1044,Retailer 1044,555-5422375,"320 St, City 43",49,118.46239708520434,24.122385688007338,0
1045,Retailer 1045,555-1378165,"32 St, City 44",47,84.7340232657258,3.0258497408144125,0
1046,Retailer 1046,555-5131479,"336 St, City 45",49,79.00289263632197,34.10304879493612,0
1047,Retailer 1047,555-1415008,"51 St, City 46",49,135.5515019279531,18.76064198688266,0
1048,Retailer 1048,555-2631993,"79 St, City 47",41,102.6237454999864,0.20170850356528153,0
1049,Retailer 1049,555-4351278,"698 St, City 48",52,72.45821918203998,2.2222551615861073,0
1050,Retailer 1050,555-3342035,"174 St, City 49",53,98.89155466066892,36.42463838723447,0
1051,Retailer 1051,555-8978450,"948 St, City 50",60,86.8627181510894,15.29767119303675,0
1052,Retailer 1052,555-6703394,"618 St, City 51",50,107.16461898362913,33.45623723393486,0
1053,Retailer 1053,555-8240947,"501 St, City 52",59,91.65282003034017,14.821202886423583,0
1054,Retailer 1054,555-3768362,"575 St, City 53",52,124.73832663698738,13.467841822154032,0
1055,Retailer 1055,555-2170365,"76 St, City 54",50,74.00025570241303,57.91286289406168,0
1056,Retailer 1056,555-6931161,"316 St, City 55",52,125.56625950745241,57.89087491951653,0
1057,Retailer 1057,555-7790593,"833 St, City 56",44,114.86216520963016,75.69053027107975,0
1058,Retailer 1058,555-5851188,"373 St, City 57",54,106.45653459808186,51.95176334296509,0
1059,Retailer 1059,555-3721864,"81 St, City 58",52,120.6892229098874,4.089447732693366,0
1060,Retailer 1060,555-4947208,"873 St, City 59",72,124.30968156695121,2.064197673900228,0
1061,Retailer 1061,555-7984720,"640 St, City 60",40,100.02684436866693,1.8058118883174799,0
1062,Retailer 1062,555-8733308,"695 St, City 61",50,132.59285836025924,117.67169422271881,0
1063,Retailer 1063,555-4875754,"755 St, City 62",58,112.35679906926055,20.86359907589076,0
1064,Retailer 1064,555-3704999,"697 St, City 63",47,89.04581385803266,3.6707887022958503,0
1065,Retailer 1065,555-6298217,"732 St, City 64",59,73.06641260146179,23.577306356992636,0
1066,Retailer 1066,555-2324070,"71 St, City 65",42,121.48013617390247,37.16692135677806,0
1067,Retailer 1067,555-8364386,"969 St, City 66",53,99.98863842676123,2.9777189129445394,0
1068,Retailer 1068,555-6787749,"854 St, City 67",46,64.16967819047026,12.7579748678194,0
1069,Retailer 1069,555-2661793,"666 St, City 68",43,106.6694887877336,6.241149296315883,0
1070,Retailer 1070,555-7576651,"757 St, City 69",44,94.83891790674427,111.18805612959144,0
1071,Retailer 1071,555-7867218,"652 St, City 70",39,86.59379408054555,11.491822662663202,0
1072,Retailer 1072,555-8466027,"71 St, City 71",46,120.18244511073937,35.184409227287276,0
1073,Retailer 1073,555-5987696,"46 St, City 72",51,84.24564986914567,75.1902180129408,0
1074,Retailer 1074,555-1428988,"47 St, City 73",52,90.93244344262219,59.6744339846819,0
1075,Retailer 1075,555-5084752,"591 St, City 74",53,95.68482486441268,15.024974858502201,0
1076,Retailer 1076,555-5374857,"422 St, City 75",57,120.33642087595244,11.171589740490163,0
1077,Retailer 1077,555-3977590,"149 St, City 76",57,76.51030140911654,49.70344168803694,0
1078,Retailer 1078,555-8599600,"910 St, City 77",50,87.34562062297292,6.8883618610409245,0
1079,Retailer 1079,555-7610734,"130 St, City 78",54,108.50369261889074,37.90331549363983,0
1080,Retailer 1080,555-4297291,"456 St, City 79",55,109.92067004496484,54.106430604587445,0
1081,Retailer 1081,555-5894287,"639 St, City 80",48,77.47755321888962,56.75807576115499,0
1082,Retailer 1082,555-8954647,"877 St, City 81",56,92.12063681562118,0.2687228796084218,0
1083,Retailer 1083,555-3490706,"631 St, City 82",46,97.65359181128215,20.7866600276149,0
1084,Retailer 1084,555-8542535,"966 St, City 83",52,105.75947059752703,13.275896061093286,0
1085,Retailer 1085,555-9047252,"997 St, City 84",52,95.80525491885655,115.69752878791641,0
1086,Retailer 1086,555-6254224,"869 St, City 85",51,130.77530236026135,23.562874025741433,0
1087,Retailer 1087,555-7215140,"505 St, City 86",46,98.02909572211067,16.72930660511727,0
1088,Retailer 1088,555-4737973,"929 St, City 87",56,130.18349550018397,8.405847840371159,0
1089,Retailer 1089,555-3202575,"774 St, City 88",44,90.70120828309224,56.05212435738676,0
1090,Retailer 1090,555-7611653,"244 St, City 89",53,67.98404077089099,11.542136458978897,0
1091,Retailer 1091,555-1464071,"474 St, City 90",43,150.21781630646575,52.59125940901704,0
1092,Retailer 1092,555-5381137,"382 St, City 91",43,98.26311230671094,66.66002338328863,0
1093,Retailer 1093,555-5912216,"103 St, City 92",42,107.39251358313454,1.7980584228065106,0
1094,Retailer 1094,555-8597626,"489 St, City 93",44,70.99691127331207,21.399674302904327,0
1095,Retailer 1095,555-4498472,"37 St, City 94",53,105.23873827445908,16.361160417632757,0
1096,Retailer 1096,555-9369689,"654 St, City 95",63,116.43137390423101,14.982127260786566,0
1097,Retailer 1097,555-2564718,"549 St, City 96",50,77.08757436874373,13.931030626498194,0
1098,Retailer 1098,555-6139743,"520 St, City 97",51,97.14801051467721,22.777722158673676,0
1099,Retailer 1099,555-4813270,"743 St, City 98",49,98.78917715570765,4.184802999770874,0
1100,Retailer 1100,555-5806425,"333 St, City 99",63,74.37869787454215,61.50533648033072,0
1101,Retailer 1101,555-7609876,"397 St, City 0",44,132.4917556487827,24.492202615905658,0
1102,Retailer 1102,555-3378837,"296 St, City 1",58,46.47953477639548,12.790427383330103,0
1103,Retailer 1103,555-7123769,"107 St, City 2",47,57.228053467640365,8.352876939255461,0
1104,Retailer 1104,555-2524102,"860 St, City 3",51,102.12630177846508,28.75744813538305,0
1105,Retailer 1105,555-3383366,"954 St, City 4",49,80.10212884262226,46.35611696875093,0
1106,Retailer 1106,555-3035848,"530 St, City 5",65,113.54211195897778,17.440638691336115,0
1107,Retailer 1107,555-6122930,"825 St, City 6",55,93.08724897071093,125.05457982434697,0
1108,Retailer 1108,555-9593223,"83 St, City 7",53,107.96966808265313,23.008212879469255,0
1109,Retailer 1109,555-7691409,"934 St, City 8",50,72.65913057185247,115.77075951713861,0
1110,Retailer 1110,555-1838003,"288 St, City 9",48,92.0495781642488,98.58300358876463,0
1111,Retailer 1111,555-4433382,"982 St, City 10",51,91.1495621045719,27.469571772267074,0
1112,Retailer 1112,555-9670178,"706 St, City 11",49,146.88073661641138,26.120616783938246,0
1113,Retailer 1113,555-4395049,"461 St, City 12",50,90.94103161569501,3.350516775962277,0
1114,Retailer 1114,555-1066150,"215 St, City 13",41,54.212098955499485,79.47055546659108,0
1115,Retailer 1115,555-8951632,"281 St, City 14",41,122.02239957595437,48.768492083263936,0
1116,Retailer 1116,555-8429645,"732 St, City 15",44,95.11643421704383,20.822243196662857,0
1117,Retailer 1117,555-7081687,"954 St, City 16",49,105.3892625985789,10.976140334729282,0
1118,Retailer 1118,555-9948331,"459 St, City 17",30,93.09326458748437,54.7060746228355,0
1119,Retailer 1119,555-3547500,"801 St, City 18",47,74.47510896931634,10.338901543570215,0
1120,Retailer 1120,555-5193060,"344 St, City 19",50,126.13911238201425,23.417258980613056,0
1121,Retailer 1121,555-1134055,"194 St, City 20",51,80.44097773691966,6.65033648682535,0
1122,Retailer 1122,555-2841648,"158 St, City 21",44,70.35309026121496,48.96794979359861,0
1123,Retailer 1123,555-8132508,"465 St, City 22",45,109.40643625650013,41.9277935370974,0
1124,Retailer 1124,555-7437845,"104 St, City 23",40,103.11424947535559,10.349780857815906,0
1125,Retailer 1125,555-4828433,"34 St, City 24",42,121.38754064701358,3.745001311845156,0
1126,Retailer 1126,555-3735264,"102 St, City 25",54,105.60927821076886,5.84651993454854,0
1127,Retailer 1127,555-5448748,"639 St, City 26",190,13.202336194459399,28.74109887782047,1
1128,Retailer 1128,555-8152747,"726 St, City 27",59,118.15301442886107,4.876977162938207,0
1129,Retailer 1129,555-5137270,"325 St, City 28",36,67.04323631175407,11.575411349612587,0
1130,Retailer 1130,555-5317922,"944 St, City 29",54,96.36610486555925,54.827577995663745,0
1131,Retailer 1131,555-9847905,"808 St, City 30",45,81.06933617359533,2.559324112868157,0
1132,Retailer 1132,555-8465373,"691 St, City 31",40,105.06116044065769,26.10949684245353,0
1133,Retailer 1133,555-2020154,"592 St, City 32",63,116.31402424538223,15.316088911648212,0
1134,Retailer 1134,555-9070924,"141 St, City 33",45,105.57764902895414,3.845765722828251,0
1135,Retailer 1135,555-7843532,"474 St, City 34",28,114.17553289704476,21.365917961253455,0
1136,Retailer 1136,555-5945169,"31 St, City 35",66,124.77925002110956,21.810133335593875,0
1137,Retailer 1137,555-7733215,"884 St, City 36",46,110.0685160842546,14.248618489802748,0
1138,Retailer 1138,555-9195810,"935 St, City 37",55,114.82594088139071,1.7073408100798073,0
1139,Retailer 1139,555-8904294,"63 St, City 38",44,137.49192874656586,6.9529372503132,0
1140,Retailer 1140,555-8185197,"560 St, City 39",55,152.79464514743282,15.561675494569165,0
1141,Retailer 1141,555-9171548,"87 St, City 40",37,96.86242946682428,9.73966938101046,0
1142,Retailer 1142,555-7714301,"304 St, City 41",53,81.19919777560764,5.249547846861156,0
1143,Retailer 1143,555-8969693,"61 St, City 42",42,48.41512940300334,20.02239545545816,0
1144,Retailer 1144,555-2859582,"396 St, City 43",47,138.49527618479902,15.20503087103221,0
1145,Retailer 1145,555-8744064,"334 St, City 44",51,88.63407961033047,32.803386964509016,0
1146,Retailer 1146,555-3129885,"952 St, City 45",69,109.25309866096299,24.658838510887612,0
1147,Retailer 1147,555-5720642,"786 St, City 46",48,113.20092785102786,5.580699605459972,0
1148,Retailer 1148,555-1549239,"411 St, City 47",57,116.10897406145509,34.909999075790864,0
1149,Retailer 1149,555-9945309,"284 St, City 48",54,94.98265571685721,18.786007033462948,0
1150,Retailer 1150,555-6408753,"466 St, City 49",50,115.89208183200898,3.612755953903708,0
1151,Retailer 1151,555-4047569,"80 St, City 50",54,110.84251070308953,0.5587339984585177,0
1152,Retailer 1152,555-1785332,"692 St, City 51",46,86.43969791764121,29.53895567720712,0
1153,Retailer 1153,555-9555080,"784 St, City 52",45,132.5283320088616,28.92081640494213,0
1154,Retailer 1154,555-1397710,"77 St, City 53",49,113.5369961795279,51.5224397270193,0
1155,Retailer 1155,555-7503216,"954 St, City 54",35,74.32430215830558,43.11922535122754,0
1156,Retailer 1156,555-5317048,"733 St, City 55",46,92.56821260801243,62.990221618715,0
1157,Retailer 1157,555-4188729,"905 St, City 56",48,92.11929916832285,10.377071963283413,0
1158,Retailer 1158,555-5785956,"794 St, City 57",60,88.59833988095282,15.99076391038118,0
1159,Retailer 1159,555-6105724,"540 St, City 58",42,112.22548531685027,1.9177486348943447,0
1160,Retailer 1160,555-6025764,"361 St, City 59",47,125.82288295544188,15.89759913072443,0
1161,Retailer 1161,555-8996198,"77 St, City 60",60,78.11465736755704,7.444833290780011,0
1162,Retailer 1162,555-1910775,"509 St, City 61",40,92.85742910647892,49.09150276868619,0
1163,Retailer 1163,555-6954878,"164 St, City 62",41,122.92482684528056,32.036675263450014,0
1164,Retailer 1164,555-6927997,"9 St, City 63",55,83.19946838811059,45.655245588857575,0
1165,Retailer 1165,555-1558924,"175 St, City 64",49,85.72607614350517,26.930202866551042,0
1166,Retailer 1166,555-4881185,"462 St, City 65",45,54.9518132315293,27.334401983901564,0
1167,Retailer 1167,555-6004998,"307 St, City 66",43,115.37499186818245,8.045205448909629,0
1168,Retailer 1168,555-6166650,"588 St, City 67",42,104.04498543856161,33.24366471395214,0
1169,Retailer 1169,555-6693075,"245 St, City 68",38,93.31758413350984,4.6634983902465,0
1170,Retailer 1170,555-9109916,"122 St, City 69",52,67.8886482365038,9.682376064988986,0
1171,Retailer 1171,555-6193278,"185 St, City 70",48,93.14473863219466,5.951610461241237,0
1172,Retailer 1172,555-1431413,"32 St, City 71",59,61.54455782725783,89.58318173125417,0
1173,Retailer 1173,555-5165100,"998 St, City 72",39,96.49294354912256,68.50914034152117,0
1174,Retailer 1174,555-1863561,"963 St, City 73",42,138.4146654434653,62.34393025858956,0
1175,Retailer 1175,555-1302186,"762 St, City 74",55,103.92406800319198,96.69655727881792,0
1176,Retailer 1176,555-4207393,"569 St, City 75",50,124.64870854981024,28.448474733604904,0
1177,Retailer 1177,555-6489464,"310 St, City 76",42,126.10759428174569,67.52764481230926,0
1178,Retailer 1178,555-8456985,"372 St, City 77",48,89.43615300781978,10.353333299113592,0
1179,Retailer 1179,555-7767528,"656 St, City 78",45,112.369387349275,14.572185083393233,0
1180,Retailer 1180,555-2026553,"830 St, City 79",50,45.380240522670434,18.87510209010575,0
1181,Retailer 1181,555-9533879,"596 St, City 80",44,105.62453941800128,2.8097102860567644,0
1182,Retailer 1182,555-4743797,"992 St, City 81",39,121.5130759934364,52.23654268410062,0
1183,Retailer 1183,555-2514542,"56 St, City 82",50,110.4486664983684,3.8069152417393246,0
1184,Retailer 1184,555-7357718,"791 St, City 83",43,92.82583939548255,48.23117364468245,0
1185,Retailer 1185,555-5180656,"273 St, City 84",53,125.11393285156339,76.6303058169907,0
1186,Retailer 1186,555-9465506,"464 St, City 85",50,122.74647586576322,25.1681476033606,0
1187,Retailer 1187,555-7846192,"678 St, City 86",50,99.01534236473479,5.442114616250603,0
1188,Retailer 1188,555-9676924,"456 St, City 87",53,129.8156565387111,17.21861370488706,0
1189,Retailer 1189,555-8347689,"979 St, City 88",53,110.36122561951447,4.484718131863517,0
1190,Retailer 1190,555-2829553,"670 St, City 89",43,67.80372780369001,3.8022212564829343,0
1191,Retailer 1191,555-4041341,"249 St, City 90",58,106.40430519339883,42.3272586589203,0
1192,Retailer 1192,555-2039504,"698 St, City 91",47,85.66310856609478,14.978611354871836,0
1193,Retailer 1193,555-7666455,"994 St, City 92",47,109.93918387901991,0.003868809007545677,0
1194,Retailer 1194,555-8663589,"78 St, City 93",55,27.260078979509302,1.4903468902875057,0
1195,Retailer 1195,555-8918348,"534 St, City 94",40,131.88275955808314,51.07186780149947,0
1196,Retailer 1196,555-5988023,"108 St, City 95",45,122.3356213375796,29.003706873633856,0
1197,Retailer 1197,555-8635836,"273 St, City 96",49,131.80127623689157,55.836026441281206,0
1198,Retailer 1198,555-8809006,"764 St, City 97",46,99.79559014640841,9.592585525911083,0
1199,Retailer 1199,555-2675843,"15 St, City 98",44,123.12345759311293,11.320380773344864,0
1200,Retailer 1200,555-9423309,"370 St, City 99",43,104.23135055650418,28.781560922480416,0
1201,Retailer 1201,555-4229028,"304 St, City 0",45,80.32629498008997,32.822491271915354,0
1202,Retailer 1202,555-8056993,"672 St, City 1",57,83.77334587169247,0.8062410983957201,0
1203,Retailer 1203,555-2721610,"205 St, City 2",47,93.09605564033131,71.32408924686366,0
1204,Retailer 1204,555-3339767,"981 St, City 3",49,125.00178947277232,48.15786258496183,0
1205,Retailer 1205,555-3614235,"113 St, City 4",52,124.32729482598378,4.242178279984814,0
1206,Retailer 1206,555-1491036,"680 St, City 5",47,87.06360774093228,0.31128763569806495,0
1207,Retailer 1207,555-9715912,"865 St, City 6",48,114.35238540394911,43.98153257414196,0
1208,Retailer 1208,555-7046914,"253 St, City 7",64,100.32480028889093,69.95395374759086,0
1209,Retailer 1209,555-3710241,"441 St, City 8",48,81.11056970499313,11.662892562640288,0
1210,Retailer 1210,555-2142953,"186 St, City 9",51,76.36753696442493,11.605288001088448,0
1211,Retailer 1211,555-4961352,"859 St, City 10",41,95.37833897500771,21.684610540312505,0
1212,Retailer 1212,555-4978702,"227 St, City 11",41,118.66626008949187,33.6769793524295,0
1213,Retailer 1213,555-9168984,"528 St, City 12",53,89.86098278567752,31.295569525730148,0
1214,Retailer 1214,555-1326916,"668 St, City 13",65,115.803111366603,41.90638904355217,0
1215,Retailer 1215,555-4597706,"354 St, City 14",50,106.20283346766456,3.6306151588653743,0
1216,Retailer 1216,555-5506554,"623 St, City 15",50,67.24176032662132,22.007524229782955,0
1217,Retailer 1217,555-1605409,"1 St, City 16",47,140.15877478827275,21.176601018823327,0
1218,Retailer 1218,555-7849486,"553 St, City 17",44,123.89870330258958,89.78432064084697,0
1219,Retailer 1219,555-6050405,"560 St, City 18",55,71.8300273029397,75.12330746826984,0
1220,Retailer 1220,555-9337735,"927 St, City 19",44,107.98536047344557,41.62751728611285,0
1221,Retailer 1221,555-2725690,"420 St, City 20",55,129.5186603336864,62.84633550247796,0
1222,Retailer 1222,555-4280772,"620 St, City 21",54,108.21004099493308,41.067974610630856,0
1223,Retailer 1223,555-9197295,"161 St, City 22",54,91.70709828072414,38.2406810245715,0
1224,Retailer 1224,555-6809041,"161 St, City 23",47,97.54269682379038,7.289265386595757,0
1225,Retailer 1225,555-6087268,"871 St, City 24",51,94.9773763729646,28.81139914730282,0
1226,Retailer 1226,555-7155579,"128 St, City 25",53,97.16944267286927,74.33037762751074,0
1227,Retailer 1227,555-1403119,"722 St, City 26",51,122.48801265730592,41.60611062040108,0
1228,Retailer 1228,555-9212420,"151 St, City 27",49,109.453057517194,27.845036912099516,0
1229,Retailer 1229,555-1402732,"444 St, City 28",53,82.73884925428354,8.95928012065932,0
1230,Retailer 1230,555-1506079,"767 St, City 29",50,94.55351448385247,34.05588826073791,0
1231,Retailer 1231,555-2950013,"471 St, City 30",41,92.06879862992847,12.78808434426867,0
1232,Retailer 1232,555-2132658,"463 St, City 31",33,105.78639425908281,2.023766997393539,0
1233,Retailer 1233,555-2985209,"730 St, City 32",44,77.660996088347,8.207516241179015,0
1234,Retailer 1234,555-5322626,"30 St, City 33",57,69.86362650366425,14.791195723620106,0
1235,Retailer 1235,555-1656951,"473 St, City 34",58,81.44209620411876,171.12038131199688,0
1236,Retailer 1236,555-9399911,"557 St, City 35",47,68.7951083197121,42.82809463080421,0
1237,Retailer 1237,555-4479591,"80 St, City 36",39,69.45150749542107,9.837038052964417,0
1238,Retailer 1238,555-6203916,"39 St, City 37",41,124.48824835047925,43.113716972235494,0
1239,Retailer 1239,555-7026988,"240 St, City 38",35,97.42793843695125,13.278246964104296,0
1240,Retailer 1240,555-8426263,"557 St, City 39",41,107.4377699959968,28.08815535284622,0
1241,Retailer 1241,555-3366610,"590 St, City 40",44,101.21596982866079,43.40436250413277,0
1242,Retailer 1242,555-5180303,"337 St, City 41",43,102.33606262053658,40.50870413869137,0
1243,Retailer 1243,555-5684346,"908 St, City 42",46,105.9704865211046,4.525844035366161,0
1244,Retailer 1244,555-1458298,"861 St, City 43",41,111.75239201193202,52.38152503362368,0
1245,Retailer 1245,555-2047343,"800 St, City 44",41,107.38546321301462,76.8943034786848,0
1246,Retailer 1246,555-6719720,"952 St, City 45",40,155.76758046192316,7.974511325014777,0
1247,Retailer 1247,555-9493836,"280 St, City 46",49,79.49451783115951,11.98819471469108,0
1248,Retailer 1248,555-5620650,"116 St, City 47",51,78.80000043771277,83.51432173861613,0
1249,Retailer 1249,555-2755692,"269 St, City 48",36,89.05834184263044,123.45370226655507,0
1250,Retailer 1250,555-2730228,"916 St, City 49",60,73.54002299392616,18.126621570690535,0
1251,Retailer 1251,555-2946793,"335 St, City 50",52,94.2357910689393,1.0544404469378188,0
1252,Retailer 1252,555-2569123,"312 St, City 51",47,80.86919550858251,81.04318690184346,0
1253,Retailer 1253,555-7115518,"53 St, City 52",51,101.62918414152759,0.7716208106653666,0
1254,Retailer 1254,555-8393979,"68 St, City 53",48,101.46838062820017,12.023705896434407,0
1255,Retailer 1255,555-9437482,"694 St, City 54",53,73.90069539387596,2.819098922192391,0
1256,Retailer 1256,555-2622572,"34 St, City 55",55,115.32863338414819,21.507488233775515,0
1257,Retailer 1257,555-4220281,"796 St, City 56",50,83.95678380277243,1.1489069317230816,0
1258,Retailer 1258,555-3689784,"818 St, City 57",54,81.24191066294286,7.662610785186899,0
1259,Retailer 1259,555-9175602,"386 St, City 58",56,108.7869809861179,18.42142276401722,0
1260,Retailer 1260,555-1709662,"249 St, City 59",45,100.00072343853796,2.311936847674005,0
1261,Retailer 1261,555-7863382,"111 St, City 60",57,100.02601556257899,19.642228279023534,0
1262,Retailer 1262,555-6321129,"94 St, City 61",50,80.14568250536887,9.241197361183033,0
1263,Retailer 1263,555-9859060,"410 St, City 62",58,77.7387577809484,9.31474980012218,0
1264,Retailer 1264,555-6672605,"179 St, City 63",50,115.95109000929531,82.95510066536828,0
1265,Retailer 1265,555-3592670,"47 St, City 64",56,98.52505906491754,35.157681959525945,0
1266,Retailer 1266,555-5810833,"794 St, City 65",49,104.5828641038754,79.55580697122248,0
1267,Retailer 1267,555-7703459,"852 St, City 66",37,103.05187039336715,25.718719220340596,0
1268,Retailer 1268,555-7417665,"874 St, City 67",51,113.55336097646979,71.31031030561071,0
1269,Retailer 1269,555-1442061,"604 St, City 68",57,98.8508519799326,54.49905126613319,0
1270,Retailer 1270,555-4761675,"376 St, City 69",64,95.36119119037093,184.17288603113371,0
1271,Retailer 1271,555-8415745,"724 St, City 70",53,114.34270754422444,20.981205895834933,0
1272,Retailer 1272,555-9082655,"587 St, City 71",47,144.69335067810636,35.73427635004386,0
1273,Retailer 1273,555-9877580,"890 St, City 72",41,75.15880547391431,5.254509307944777,0
1274,Retailer 1274,555-4081328,"202 St, City 73",43,89.02719969936284,84.1494189367882,0
1275,Retailer 1275,555-6371112,"445 St, City 74",46,105.85940390952703,15.262211147743868,0
1276,Retailer 1276,555-9551646,"919 St, City 75",50,56.48047961228086,74.53523393301957,0
1277,Retailer 1277,555-8281505,"933 St, City 76",43,122.2074227745911,3.1845789515370835,0
1278,Retailer 1278,555-6124795,"297 St, City 77",52,115.89862290461454,21.72393732062582,0
1279,Retailer 1279,555-6411263,"308 St, City 78",55,100.60104762587879,0.04204338388617307,0
1280,Retailer 1280,555-4963735,"723 St, City 79",59,109.32741321918661,16.136570427417205,0
1281,Retailer 1281,555-7493509,"493 St, City 80",47,130.13712650125336,2.6054496498278303,0
1282,Retailer 1282,555-9989138,"338 St, City 81",57,105.78385370082235,17.890397160480394,0
1283,Retailer 1283,555-9824031,"945 St, City 82",48,74.697169300518,24.34406024511962,0
1284,Retailer 1284,555-2192929,"923 St, City 83",41,119.20863972668778,57.3713884100951,0
1285,Retailer 1285,555-9711998,"646 St, City 84",57,118.52930216118509,10.50513288527612,0
1286,Retailer 1286,555-7555035,"842 St, City 85",53,104.16484736044895,25.09726167161581,0
1287,Retailer 1287,555-5068316,"66 St, City 86",58,152.30116723081906,2.0630416989865594,0
1288,Retailer 1288,555-9067987,"792 St, City 87",43,97.90278632237013,73.43004475627576,0
1289,Retailer 1289,555-2656671,"422 St, City 88",52,64.1157757776213,18.029663847343972,0
1290,Retailer 1290,555-6681635,"540 St, City 89",50,105.18877145701771,8.734242638184343,0
1291,Retailer 1291,555-7145265,"924 St, City 90",53,102.93564927202146,18.66561494468263,0
1292,Retailer 1292,555-9527171,"629 St, City 91",45,144.53462263100283,19.704804313245198,0
1293,Retailer 1293,555-1783066,"493 St, City 92",48,107.13481664197589,40.79499332661196,0
1294,Retailer 1294,555-5899856,"882 St, City 93",36,95.1736450882921,110.15955192161712,0
1295,Retailer 1295,555-7240779,"999 St, City 94",48,74.8943389688584,6.179124484107227,0
1296,Retailer 1296,555-5055957,"962 St, City 95",34,136.15645191730914,1.681033868306922,0
1297,Retailer 1297,555-7617488,"317 St, City 96",54,54.372081226967296,31.987888752129127,0
1298,Retailer 1298,555-1597897,"942 St, City 97",43,109.3860552263226,64.77491918845385,0
1299,Retailer 1299,555-4941237,"837 St, City 98",56,59.81654068447449,24.97515035472189,0
1300,Retailer 1300,555-3042999,"626 St, City 99",44,94.16442324528465,2.497208617325353,0
1301,Retailer 1301,555-4659985,"75 St, City 0",53,92.891364016144,16.433760959025786,0
1302,Retailer 1302,555-2902897,"714 St, City 1",50,86.26885233754238,31.90309711218375,0
1303,Retailer 1303,555-9019213,"939 St, City 2",66,92.598374801633,11.927036651678312,0
1304,Retailer 1304,555-4576511,"59 St, City 3",44,102.80401193016654,55.91190290849381,0
1305,Retailer 1305,555-2163950,"386 St, City 4",41,90.7812277786133,7.634908728392015,0
1306,Retailer 1306,555-1549148,"15 St, City 5",38,97.63805668834422,13.600045096247275,0
1307,Retailer 1307,555-3773707,"231 St, City 6",52,86.10552474401322,74.46302988017405,0
1308,Retailer 1308,555-6068002,"617 St, City 7",43,95.15722261248142,25.56778982583765,0
1309,Retailer 1309,555-3773939,"677 St, City 8",47,119.45708687090169,0.18763662192610808,0
1310,Retailer 1310,555-2935740,"199 St, City 9",51,90.77122117785358,8.39226362126014,0
1311,Retailer 1311,555-4434955,"916 St, City 10",49,131.22831541123406,41.98943699636625,0
1312,Retailer 1312,555-5936710,"354 St, City 11",56,119.42770721399366,1.6035488096431587,0
1313,Retailer 1313,555-6155872,"35 St, City 12",58,116.42654272720034,149.0967915529412,0
1314,Retailer 1314,555-4177326,"162 St, City 13",51,100.14778803216329,68.45583093931282,0
1315,Retailer 1315,555-2554510,"757 St, City 14",51,80.97957899464575,7.60138825868036,0
1316,Retailer 1316,555-4763122,"982 St, City 15",60,101.97837485660075,67.75843397103338,0
1317,Retailer 1317,555-5421590,"799 St, City 16",57,135.1773216767082,36.06658444864136,0
1318,Retailer 1318,555-3534937,"895 St, City 17",35,83.49752610137568,16.619865620280066,0
1319,Retailer 1319,555-1812461,"471 St, City 18",40,105.87676332095143,6.549064510120242,0
1320,Retailer 1320,555-5427036,"531 St, City 19",49,81.84328549553638,6.702236136509929,0
1321,Retailer 1321,555-2718224,"964 St, City 20",51,91.94302620826305,27.047559943267693,0
1322,Retailer 1322,555-3710626,"792 St, City 21",55,106.00011249880527,16.138777672669598,0
1323,Retailer 1323,555-8906166,"852 St, City 22",59,107.28705520588463,27.1312978290939,0
1324,Retailer 1324,555-8310108,"423 St, City 23",59,102.34345547378945,12.025772045411765,0
1325,Retailer 1325,555-7440010,"348 St, City 24",59,112.12969841386868,7.84384630508897,0
1326,Retailer 1326,555-9674163,"694 St, City 25",52,109.08781732772044,54.33847695597951,0
1327,Retailer 1327,555-1444191,"935 St, City 26",57,93.44216580214812,75.788194615917,0
1328,Retailer 1328,555-2502337,"913 St, City 27",58,114.46674765293075,36.64956565005533,0
1329,Retailer 1329,555-4486669,"147 St, City 28",54,80.66346751291458,5.2874011983740985,0
1330,Retailer 1330,555-4722946,"374 St, City 29",56,94.83073923425457,2.9055849393292483,0
1331,Retailer 1331,555-8064400,"688 St, City 30",55,90.71238398656202,23.23616433357494,0
1332,Retailer 1332,555-1224695,"675 St, City 31",53,107.44649608368526,23.978719858720698,0
1333,Retailer 1333,555-4441628,"416 St, City 32",55,52.45725785177314,30.586406368875444,0
1334,Retailer 1334,555-8552975,"687 St, City 33",58,92.01155164988236,70.98985264211089,0
1335,Retailer 1335,555-9123236,"494 St, City 34",44,109.1322171475318,31.22110160121801,0
1336,Retailer 1336,555-8761850,"559 St, City 35",57,149.39947649501937,74.360503425324,0
1337,Retailer 1337,555-4340216,"256 St, City 36",63,100.99463380917054,3.7566084637993407,0
1338,Retailer 1338,555-4833284,"960 St, City 37",43,78.35902466083894,37.058489607199895,0
1339,Retailer 1339,555-2847865,"686 St, City 38",54,113.48770590697704,78.70077798296253,0
1340,Retailer 1340,555-8586725,"103 St, City 39",42,86.39473036999154,18.641867129039127,0
1341,Retailer 1341,555-5897954,"121 St, City 40",52,72.84201322528415,102.81421860132713,0
1342,Retailer 1342,555-5017136,"419 St, City 41",50,103.65357590106233,24.123250612202828,0
1343,Retailer 1343,555-1344855,"350 St, City 42",49,126.45185600678195,85.92752066802144,0
1344,Retailer 1344,555-6750283,"657 St, City 43",43,83.96516538581731,41.41154141677587,0
1345,Retailer 1345,555-2074961,"42 St, City 44",41,95.77171329045176,18.361450563486958,0
1346,Retailer 1346,555-5625678,"367 St, City 45",47,113.85696285960798,1.0467944592841227,0
1347,Retailer 1347,555-3377935,"29 St, City 46",57,120.45428697407539,32.135027776278484,0
1348,Retailer 1348,555-2134106,"966 St, City 47",55,128.5245506979608,8.802096632121327,0
1349,Retailer 1349,555-9296877,"892 St, City 48",44,86.05497866908159,10.217941873283877,0
1350,Retailer 1350,555-3474968,"785 St, City 49",48,97.4969655222561,0.5994688710836912,0
1351,Retailer 1351,555-7166160,"977 St, City 50",39,56.60919538382827,24.46978186619877,0
1352,Retailer 1352,555-6672540,"14 St, City 51",51,92.10623031382788,10.244908351306924,0
1353,Retailer 1353,555-6644807,"920 St, City 52",41,79.02732337246636,121.17597643734548,0
1354,Retailer 1354,555-6972558,"953 St, City 53",54,102.81020398521532,41.46998775230919,0
1355,Retailer 1355,555-3442266,"818 St, City 54",57,117.71473639598591,13.271059918371881,0
1356,Retailer 1356,555-5437677,"825 St, City 55",60,113.80484104142563,10.463269633038676,0
1357,Retailer 1357,555-6241218,"485 St, City 56",52,76.80680105247372,37.65516915425415,0
1358,Retailer 1358,555-6150635,"189 St, City 57",43,92.03344923748315,8.799248395741083,0
1359,Retailer 1359,555-6481140,"872 St, City 58",68,109.22227573224339,17.8265353339157,0
1360,Retailer 1360,555-8214615,"295 St, City 59",44,102.5003084062937,5.244366689861336,0
1361,Retailer 1361,555-9010643,"183 St, City 60",66,85.92987442381313,8.795246892368528,0
1362,Retailer 1362,555-5981262,"864 St, City 61",50,107.49262060604002,3.1070406813885,0
1363,Retailer 1363,555-5525208,"548 St, City 62",40,115.32282805184214,16.713828444411185,0
1364,Retailer 1364,555-6290717,"882 St, City 63",57,96.20848127336451,78.42977532739334,0
1365,Retailer 1365,555-1518349,"37 St, City 64",53,80.19210383890301,3.189504269137949,0
1366,Retailer 1366,555-3881990,"14 St, City 65",42,107.54611258258974,17.251893937890483,0
1367,Retailer 1367,555-1797968,"923 St, City 66",42,82.751061588966,10.628442580980089,0
1368,Retailer 1368,555-8892861,"635 St, City 67",65,126.4469210526047,13.527870829361829,0
1369,Retailer 1369,555-9467691,"595 St, City 68",42,47.25778617597456,44.2847108894374,0
1370,Retailer 1370,555-7211411,"159 St, City 69",52,93.50256644472067,17.130177783804488,0
1371,Retailer 1371,555-3655971,"494 St, City 70",44,82.19458213792493,31.528393425913567,0
1372,Retailer 1372,555-6609125,"329 St, City 71",49,114.24569196278607,107.47882490036105,0
1373,Retailer 1373,555-3874299,"614 St, City 72",46,128.66513592798603,28.74940126157058,0
1374,Retailer 1374,555-8339838,"849 St, City 73",60,86.91493984401134,12.347005044939332,0
1375,Retailer 1375,555-8330292,"83 St, City 74",39,81.24327367664458,15.207782112591975,0
1376,Retailer 1376,555-2804673,"556 St, City 75",57,112.87839433543637,35.71285865239196,0
1377,Retailer 1377,555-3938199,"580 St, City 76",41,64.2076710344559,35.55787717155689,0
1378,Retailer 1378,555-8594378,"560 St, City 77",50,104.9299354902956,13.770859240864548,0
1379,Retailer 1379,555-9998604,"569 St, City 78",53,99.3247916238224,38.67149270523103,0
1380,Retailer 1380,555-5909776,"587 St, City 79",42,95.62265422450325,23.993645694992953,0
1381,Retailer 1381,555-4303389,"22 St, City 80",37,83.22261979039848,117.99797969967986,0
1382,Retailer 1382,555-9025407,"132 St, City 81",48,57.77863815469295,71.60871517819133,0
1383,Retailer 1383,555-5354385,"465 St, City 82",50,119.47677588839343,52.09310721309685,0
1384,Retailer 1384,555-9777198,"456 St, City 83",51,112.58801021827686,1.0481316234693838,0
1385,Retailer 1385,555-4151882,"302 St, City 84",53,98.84309224238511,14.362109828728876,0
1386,Retailer 1386,555-4210016,"955 St, City 85",54,104.59021566725983,25.549602112484518,0
1387,Retailer 1387,555-7737320,"930 St, City 86",65,96.98604784702731,22.120258678455972,0
1388,Retailer 1388,555-3389383,"267 St, City 87",55,119.6440584363091,43.262545727620335,0
1389,Retailer 1389,555-7996746,"799 St, City 88",59,96.02532980876192,71.93452441622279,0
1390,Retailer 1390,555-1164053,"395 St, City 89",46,99.3673054052266,46.41403426809451,0
1391,Retailer 1391,555-6973544,"120 St, City 90",48,102.946047210024,7.461576309758399,0
1392,Retailer 1392,555-6282379,"246 St, City 91",53,92.30186932126661,19.943333464818053,0
1393,Retailer 1393,555-3542637,"568 St, City 92",56,98.14489799425105,15.00703770735172,0
1394,Retailer 1394,555-9033951,"38 St, City 93",51,97.36732434509872,43.59875809063065,0
1395,Retailer 1395,555-9107317,"245 St, City 94",50,86.29611558786006,67.6493038495859,0
1396,Retailer 1396,555-5158549,"21 St, City 95",45,80.94241620414246,10.140969443504183,0
1397,Retailer 1397,555-5530889,"110 St, City 96",49,96.04761276873566,20.13627830659085,0
1398,Retailer 1398,555-9411039,"606 St, City 97",44,93.94369557620091,39.493918141590314,0
1399,Retailer 1399,555-9962049,"394 St, City 98",57,121.16977264980699,1.5373137504229382,0
1400,Retailer 1400,555-9284960,"410 St, City 99",52,80.7563343472425,98.9634509087205,0
1401,Retailer 1401,555-3049949,"987 St, City 0",51,88.84093871338126,48.27773075615062,0
1402,Retailer 1402,555-9388512,"648 St, City 1",51,103.6904778270584,23.476828652114975,0
1403,Retailer 1403,555-2268300,"743 St, City 2",55,107.96394098732847,45.24037023907175,0
1404,Retailer 1404,555-2947763,"8 St, City 3",42,97.2182952932026,54.302221254462715,0
1405,Retailer 1405,555-8654502,"444 St, City 4",50,116.36975590078114,20.42679600001968,0
1406,Retailer 1406,555-4882149,"328 St, City 5",41,97.91078641318548,17.3983951778986,0
1407,Retailer 1407,555-5873062,"887 St, City 6",42,82.63343634718115,54.54990572607682,0
1408,Retailer 1408,555-8045209,"290 St, City 7",62,99.21555066002928,58.913181076455885,0
1409,Retailer 1409,555-9439469,"763 St, City 8",51,114.90371484728517,3.9589223800486164,0
1410,Retailer 1410,555-8678073,"511 St, City 9",53,119.44791091205904,71.52755189663813,0
1411,Retailer 1411,555-5845710,"912 St, City 10",50,118.89004019264884,9.721833972226486,0
1412,Retailer 1412,555-5000737,"361 St, City 11",52,103.87367664086861,33.00346821517211,0
1413,Retailer 1413,555-8258746,"909 St, City 12",42,105.25195622509631,37.064982467237485,0
1414,Retailer 1414,555-2443717,"599 St, City 13",48,111.7959925979588,9.843608767304277,0
1415,Retailer 1415,555-5409352,"716 St, City 14",53,67.43271536368658,10.879759045714582,0
1416,Retailer 1416,555-6111142,"219 St, City 15",45,85.64549222886161,36.75596161143675,0
1417,Retailer 1417,555-9421928,"406 St, City 16",53,105.97363061943587,5.773919893415158,0
1418,Retailer 1418,555-9715633,"992 St, City 17",45,80.28233928073922,58.64529839705602,0
1419,Retailer 1419,555-7906571,"753 St, City 18",66,123.02951066578801,7.565410102735795,0
1420,Retailer 1420,555-9752967,"923 St, City 19",47,121.3498947184196,12.977649825818887,0
1421,Retailer 1421,555-2308507,"832 St, City 20",49,89.16109226402985,9.304311207317577,0
1422,Retailer 1422,555-5066621,"770 St, City 21",62,81.87212171988732,8.44296487203501,0
1423,Retailer 1423,555-1100734,"621 St, City 22",43,108.60042621736493,115.7065009343139,0
1424,Retailer 1424,555-9546310,"768 St, City 23",44,74.45805560338209,8.763736644924847,0
1425,Retailer 1425,555-3851274,"993 St, City 24",51,102.79597377829023,25.905899102556223,0
1426,Retailer 1426,555-2225811,"794 St, City 25",59,156.60524973121613,41.03965514107638,0
1427,Retailer 1427,555-4081091,"220 St, City 26",53,79.83154367297666,1.2864259740151265,0
1428,Retailer 1428,555-4829049,"595 St, City 27",53,84.35721553409343,64.00349937934655,0
1429,Retailer 1429,555-2868670,"107 St, City 28",49,87.65077169849994,4.977711121610222,0
1430,Retailer 1430,555-8265406,"581 St, City 29",62,82.04006669633631,26.606747140940165,0
1431,Retailer 1431,555-5813673,"609 St, City 30",51,83.05383313733451,30.743695056328683,0
1432,Retailer 1432,555-5755469,"724 St, City 31",50,134.37980834411076,29.79238664501188,0
1433,Retailer 1433,555-8551989,"286 St, City 32",64,101.25455879022059,39.66536639619736,0
1434,Retailer 1434,555-5335702,"749 St, City 33",43,118.18701611010904,80.31292750323226,0
1435,Retailer 1435,555-8974411,"8 St, City 34",60,123.98867518670123,78.47289694198722,0
1436,Retailer 1436,555-3962732,"806 St, City 35",53,63.917112757616124,25.88804403288624,0
1437,Retailer 1437,555-2992825,"189 St, City 36",54,84.61377200509409,13.857194897173066,0
1438,Retailer 1438,555-4832978,"81 St, City 37",49,81.86263680913744,11.636328535506111,0
1439,Retailer 1439,555-7152941,"108 St, City 38",43,47.35346173506513,65.32810148251703,0
1440,Retailer 1440,555-5115811,"321 St, City 39",56,108.51905106894064,57.545952542973545,0
1441,Retailer 1441,555-9983212,"579 St, City 40",40,106.07377958564987,10.521719858489679,0
1442,Retailer 1442,555-4174108,"686 St, City 41",46,126.44689960354356,4.958616533503099,0
1443,Retailer 1443,555-3731638,"346 St, City 42",56,109.48241323150572,59.22912926432277,0
1444,Retailer 1444,555-1264500,"863 St, City 43",38,47.84800977429484,28.12153707405809,0
1445,Retailer 1445,555-3976031,"328 St, City 44",45,85.9595654067332,11.26869506704236,0
1446,Retailer 1446,555-7512427,"555 St, City 45",64,87.40772102841751,28.29820923247555,0
1447,Retailer 1447,555-3903633,"699 St, City 46",62,110.22725078331545,2.0546878041116283,0
1448,Retailer 1448,555-6711813,"302 St, City 47",53,46.94366063731216,6.326696403854527,0
1449,Retailer 1449,555-2940369,"200 St, City 48",52,110.87926360729053,23.675743652647117,0
1450,Retailer 1450,555-4948242,"893 St, City 49",38,115.7620428642061,23.241673099943224,0
1451,Retailer 1451,555-9127125,"419 St, City 50",48,94.99629216561833,8.497494844582233,0
1452,Retailer 1452,555-2217060,"39 St, City 51",67,84.01981429753603,120.66948700789523,0
1453,Retailer 1453,555-2031519,"732 St, City 52",46,123.56318405114158,15.953133785564352,0
1454,Retailer 1454,555-5678714,"307 St, City 53",31,72.32866790929151,36.985380312588944,0
1455,Retailer 1455,555-9109698,"4 St, City 54",212,5.245913540168279,8.970657100934332,1
1456,Retailer 1456,555-2390281,"633 St, City 55",50,118.17171724248355,16.57430213439435,0
1457,Retailer 1457,555-4941106,"848 St, City 56",40,111.21376006127687,53.37523451527573,0
1458,Retailer 1458,555-3322466,"77 St, City 57",58,136.33651202438023,56.63438609736511,0
1459,Retailer 1459,555-8778748,"468 St, City 58",45,100.33863678854361,4.359771878250087,0
1460,Retailer 1460,555-9099932,"179 St, City 59",46,112.4200829587312,13.139802516282346,0
1461,Retailer 1461,555-2851317,"645 St, City 60",36,99.0386056208805,6.812681198815232,0
1462,Retailer 1462,555-2946830,"823 St, City 61",41,93.57586336286406,66.29154731410878,0
1463,Retailer 1463,555-3614150,"741 St, City 62",47,110.57342427837693,42.05581016363733,0
1464,Retailer 1464,555-8238987,"276 St, City 63",28,93.933313697465,24.85602436410883,0
1465,Retailer 1465,555-5660061,"152 St, City 64",54,101.25130337588706,31.50186979632028,0
1466,Retailer 1466,555-3605214,"164 St, City 65",54,101.35984475612568,73.65628417641521,0
1467,Retailer 1467,555-8923641,"290 St, City 66",39,91.90332676517498,10.840955358484031,0
1468,Retailer 1468,555-3229180,"378 St, City 67",43,114.692758645673,0.41308112454946355,0
1469,Retailer 1469,555-5188891,"621 St, City 68",55,64.57456771625854,0.8012659482788886,0
1470,Retailer 1470,555-5031419,"638 St, City 69",57,86.09746652042192,1.4343693734715506,0
1471,Retailer 1471,555-5495511,"752 St, City 70",51,80.52715214991366,4.125525339762582,0
1472,Retailer 1472,555-2424945,"310 St, City 71",46,106.14350055417832,25.380158758903573,0
1473,Retailer 1473,555-3363999,"930 St, City 72",40,95.24578019355582,119.03637184142185,0
1474,Retailer 1474,555-5790691,"979 St, City 73",44,71.6236570648428,16.337540352255218,0
1475,Retailer 1475,555-9807673,"913 St, City 74",50,109.40153349489935,37.38726110642085,0
1476,Retailer 1476,555-5225889,"389 St, City 75",38,104.5496635039316,47.1320745437223,0
1477,Retailer 1477,555-4092195,"857 St, City 76",66,100.72939695064885,48.49342711154423,0
1478,Retailer 1478,555-1289102,"658 St, City 77",46,115.61306527395566,17.57166123934004,0
1479,Retailer 1479,555-5443778,"764 St, City 78",41,110.44010103805746,23.95163057429806,0
1480,Retailer 1480,555-9043756,"183 St, City 79",47,95.33894623744268,11.95858452996618,0
1481,Retailer 1481,555-5162065,"821 St, City 80",42,108.32446602339014,34.92920157408457,0
1482,Retailer 1482,555-1260116,"306 St, City 81",55,127.39100056543793,14.480144191607199,0
1483,Retailer 1483,555-7086368,"72 St, City 82",33,96.93224398420939,11.178188690191988,0
1484,Retailer 1484,555-5214279,"219 St, City 83",53,124.92921717509338,29.609698023383647,0
1485,Retailer 1485,555-2257949,"719 St, City 84",50,137.90418253762087,12.52258295509417,0
1486,Retailer 1486,555-8537165,"173 St, City 85",42,106.60047524184647,15.727429257909131,0
1487,Retailer 1487,555-4850241,"653 St, City 86",46,79.89081602481109,37.226745773786774,0
1488,Retailer 1488,555-6538166,"272 St, City 87",48,94.05390888383897,57.58802534526768,0
1489,Retailer 1489,555-1388076,"726 St, City 88",47,103.25652162289812,17.1173548960279,0
1490,Retailer 1490,555-5884797,"468 St, City 89",55,100.40310452427543,22.156891879879403,0
1491,Retailer 1491,555-6540070,"269 St, City 90",64,102.57739325061027,41.15784230042256,0
1492,Retailer 1492,555-7491878,"20 St, City 91",43,124.29971030452666,7.644768620942469,0
1493,Retailer 1493,555-2960826,"578 St, City 92",52,82.99823729348722,16.084597268754063,0
1494,Retailer 1494,555-3844664,"995 St, City 93",63,107.36231542349553,50.05287793315752,0
1495,Retailer 1495,555-3613275,"815 St, City 94",41,118.42550833743405,67.46651653958749,0
1496,Retailer 1496,555-2378369,"503 St, City 95",50,94.9844882686217,31.06106028107376,0
1497,Retailer 1497,555-3090212,"147 St, City 96",50,79.48066421884039,14.996342032192025,0
1498,Retailer 1498,555-6230852,"429 St, City 97",46,95.89299256893423,27.936248616159634,0
1499,Retailer 1499,555-5171774,"165 St, City 98",46,79.17081665413806,5.91119182704212,0
1500,Retailer 1500,555-1152999,"890 St, City 99",44,85.86920581947396,0.8920051486901021,0
1501,Retailer 1501,555-5542923,"310 St, City 0",63,111.6279822447506,2.3263702352781017,0
1502,Retailer 1502,555-9449975,"518 St, City 1",52,105.28732035187888,3.434473772659597,0
1503,Retailer 1503,555-5600108,"14 St, City 2",53,114.24045510713755,7.672307262816592,0
1504,Retailer 1504,555-3854190,"132 St, City 3",45,109.67639664572893,18.581610458711246,0
1505,Retailer 1505,555-2284382,"854 St, City 4",52,95.8797211313825,7.931015938579727,0
1506,Retailer 1506,555-8196042,"755 St, City 5",50,79.80056039148559,26.386602522408143,0
1507,Retailer 1507,555-4853321,"439 St, City 6",50,106.47353162675807,191.31078404122334,0
1508,Retailer 1508,555-3654837,"743 St, City 7",43,89.31128893326922,20.685479111447734,0
1509,Retailer 1509,555-8684365,"740 St, City 8",47,97.21372475690569,42.422962921066144,0
1510,Retailer 1510,555-2042377,"674 St, City 9",38,85.70197043433402,10.376355529609942,0
1511,Retailer 1511,555-5577033,"795 St, City 10",65,118.0783643971909,98.80776814219429,0
1512,Retailer 1512,555-7105931,"263 St, City 11",61,55.179986752544494,8.594702518261037,0
1513,Retailer 1513,555-4257181,"643 St, City 12",50,110.30383552040173,27.23710535105085,0
1514,Retailer 1514,555-6262696,"943 St, City 13",58,102.9825816072276,122.82559613288012,0
1515,Retailer 1515,555-6154048,"225 St, City 14",36,117.7371985349642,49.54619798283237,0
1516,Retailer 1516,555-1923780,"258 St, City 15",51,75.5486751683807,144.9745717532404,0
1517,Retailer 1517,555-9361735,"234 St, City 16",41,99.07902159279242,14.328398596380186,0
1518,Retailer 1518,555-2942811,"336 St, City 17",43,91.44353408031832,2.4243137289925483,0
1519,Retailer 1519,555-7507640,"409 St, City 18",62,96.83632484795868,8.371211829835625,0
1520,Retailer 1520,555-1298090,"828 St, City 19",55,100.35246627249096,94.82776382877942,0
1521,Retailer 1521,555-9705956,"975 St, City 20",47,90.40873680510785,13.888601278834813,0
1522,Retailer 1522,555-6425838,"24 St, City 21",48,97.83609136264548,3.998181671673275,0
1523,Retailer 1523,555-9480932,"271 St, City 22",61,124.78029452570965,26.975988806893874,0
1524,Retailer 1524,555-3320688,"95 St, City 23",45,128.94431308721065,20.819843253216046,0
1525,Retailer 1525,555-2805808,"142 St, City 24",65,104.7745094991444,1.9351657442989627,0
1526,Retailer 1526,555-5220459,"694 St, City 25",47,129.33017022362043,18.096213469306093,0
1527,Retailer 1527,555-5536119,"718 St, City 26",50,71.12359210297029,30.06107123013832,0
1528,Retailer 1528,555-5015470,"902 St, City 27",41,116.09546657172974,7.945851986361542,0
1529,Retailer 1529,555-5654798,"974 St, City 28",61,104.24823785371382,3.986772984549964,0
1530,Retailer 1530,555-4622138,"81 St, City 29",56,92.57882405095748,60.02928248944758,0
1531,Retailer 1531,555-1937841,"274 St, City 30",48,112.26145248008916,29.460746818181892,0
1532,Retailer 1532,555-9061896,"276 St, City 31",49,103.12915204490477,5.06167969516753,0
1533,Retailer 1533,555-3843940,"883 St, City 32",46,88.0133679072089,29.75533897123406,0
1534,Retailer 1534,555-4932441,"958 St, City 33",50,113.99003511353379,39.8697472681338,0
1535,Retailer 1535,555-2207068,"465 St, City 34",55,99.09768647426684,27.303894560338367,0
1536,Retailer 1536,555-5364406,"208 St, City 35",46,85.71251104580399,3.704268622849036,0
1537,Retailer 1537,555-9782882,"296 St, City 36",55,116.21032016645289,3.997191329789458,0
1538,Retailer 1538,555-2386980,"39 St, City 37",62,65.91402099600134,1.3858694800746452,0
1539,Retailer 1539,555-2208052,"948 St, City 38",57,132.86195553343555,7.997350537181161,0
1540,Retailer 1540,555-8500960,"288 St, City 39",38,118.13300649945595,1.8450647568682566,0
1541,Retailer 1541,555-4040267,"124 St, City 40",53,62.18129614270035,49.089398391384734,0
1542,Retailer 1542,555-2180887,"876 St, City 41",50,124.27697496168517,0.46576278154618533,0
1543,Retailer 1543,555-5439850,"969 St, City 42",52,101.69997828090831,26.097745096303107,0
1544,Retailer 1544,555-8536765,"283 St, City 43",52,58.85235806124582,49.79564374326148,0
1545,Retailer 1545,555-2896220,"878 St, City 44",55,62.76896876034331,67.57472799096234,0
1546,Retailer 1546,555-4138744,"180 St, City 45",49,111.44952002185498,15.801285977400445,0
1547,Retailer 1547,555-9535078,"97 St, City 46",32,78.1495928980988,29.10058049954433,0
1548,Retailer 1548,555-7935774,"191 St, City 47",39,82.50064512255595,90.58056735786766,0
1549,Retailer 1549,555-2367223,"74 St, City 48",40,102.10519962787677,33.406641808944094,0
1550,Retailer 1550,555-3428081,"447 St, City 49",50,110.11586062837863,69.40706618075572,0
1551,Retailer 1551,555-5273445,"785 St, City 50",51,104.25358987973888,34.588127179142546,0
1552,Retailer 1552,555-4184790,"497 St, City 51",46,81.87091305677113,2.112586019673492,0
1553,Retailer 1553,555-7681935,"561 St, City 52",61,85.00135430640549,6.577646160775345,0
1554,Retailer 1554,555-7689142,"484 St, City 53",39,78.78741300478295,84.62869208107617,0
1555,Retailer 1555,555-5990961,"849 St, City 54",60,104.60807078567798,55.788739195742316,0
1556,Retailer 1556,555-4646804,"722 St, City 55",48,103.59719302336698,16.482928646801266,0
1557,Retailer 1557,555-1647296,"116 St, City 56",55,107.96664281891455,5.27083075034507,0
1558,Retailer 1558,555-2549302,"535 St, City 57",54,103.68005947551944,5.129714800940731,0
1559,Retailer 1559,555-4122951,"98 St, City 58",47,102.25745941868756,70.57280823114664,0
1560,Retailer 1560,555-1800101,"328 St, City 59",41,117.8684780019262,5.45313496171069,0
1561,Retailer 1561,555-5100612,"909 St, City 60",49,101.95027451034252,14.646492904641626,0
1562,Retailer 1562,555-6877845,"407 St, City 61",51,117.67664800431005,69.31981861048719,0
1563,Retailer 1563,555-7014126,"313 St, City 62",57,92.14988224834732,1.020135785270077,0
1564,Retailer 1564,555-6238561,"702 St, City 63",55,84.26914700366865,29.887720934803358,0
1565,Retailer 1565,555-7339776,"694 St, City 64",36,124.01567021934028,12.950988779056795,0
1566,Retailer 1566,555-9885366,"148 St, City 65",216,11.668209461775739,3.421387564936966,1
1567,Retailer 1567,555-9121757,"342 St, City 66",224,6.067789792847581,25.14684709436112,1
1568,Retailer 1568,555-5642929,"495 St, City 67",41,83.45166409907658,19.901895782765045,0
1569,Retailer 1569,555-9417233,"948 St, City 68",42,139.74494637388904,3.1342118753866632,0
1570,Retailer 1570,555-3833552,"23 St, City 69",53,69.38632712814018,9.326935239214363,0
1571,Retailer 1571,555-8376519,"105 St, City 70",41,119.65252153681227,40.453335962491096,0
1572,Retailer 1572,555-6701934,"675 St, City 71",49,62.78183077777576,42.29920384105184,0
1573,Retailer 1573,555-2276647,"579 St, City 72",47,92.43713855248016,27.390089176657135,0
1574,Retailer 1574,555-6416775,"802 St, City 73",57,114.80511466277686,3.5124407653231158,0
1575,Retailer 1575,555-9704813,"801 St, City 74",43,133.58718828417616,57.53842340265591,0
1576,Retailer 1576,555-4045315,"558 St, City 75",43,95.22436740495371,5.6877811955395625,0
1577,Retailer 1577,555-4144480,"593 St, City 76",54,89.19017875771767,38.28968052611236,0
1578,Retailer 1578,555-4570834,"941 St, City 77",44,104.07313049492716,1.3055269195958483,0
1579,Retailer 1579,555-5828761,"659 St, City 78",41,133.02470592538214,12.096372384166486,0
1580,Retailer 1580,555-4940285,"222 St, City 79",203,12.591059000281465,19.5234191973938,1
1581,Retailer 1581,555-7851803,"855 St, City 80",48,110.21659596866073,0.8508746010437023,0
1582,Retailer 1582,555-6742533,"15 St, City 81",54,87.20080193111464,5.646094946241299,0
1583,Retailer 1583,555-8324222,"891 St, City 82",41,118.18295667269064,11.521835831667516,0
1584,Retailer 1584,555-3627144,"633 St, City 83",44,68.67363713823616,121.37924874858936,0
1585,Retailer 1585,555-3825896,"78 St, City 84",54,125.0544617873237,45.35244111102005,0
1586,Retailer 1586,555-5936792,"322 St, City 85",36,126.5781570515191,55.10831740942889,0
1587,Retailer 1587,555-5876872,"807 St, City 86",60,140.4157488851538,33.03498642863811,0
1588,Retailer 1588,555-3739956,"241 St, City 87",43,126.5355188782826,10.37605667868494,0
1589,Retailer 1589,555-3619980,"18 St, City 88",63,89.20924271820822,37.079171548312765,0
1590,Retailer 1590,555-1721384,"768 St, City 89",55,129.3091388106762,33.601910155614846,0
1591,Retailer 1591,555-9908385,"454 St, City 90",36,122.60399990183893,28.244501129699955,0
1592,Retailer 1592,555-8716220,"443 St, City 91",49,85.5052409051615,10.62839886445007,0
1593,Retailer 1593,555-3887698,"928 St, City 92",55,104.16929005248944,9.163748644676595,0
1594,Retailer 1594,555-3432593,"277 St, City 93",45,41.73162597229328,12.297716362159537,0
1595,Retailer 1595,555-5031464,"424 St, City 94",59,72.41238985544479,11.236311427109872,0
1596,Retailer 1596,555-4390742,"476 St, City 95",48,116.41923520859311,2.4308558247069647,0
1597,Retailer 1597,555-9545106,"27 St, City 96",48,132.69881935669545,48.62679537847615,0
1598,Retailer 1598,555-8357804,"514 St, City 97",49,116.4964430363892,13.825707005179698,0
1599,Retailer 1599,555-7133066,"865 St, City 98",51,101.10701425465156,36.790316750112986,0
1600,Retailer 1600,555-3887296,"464 St, City 99",42,79.33858314065054,9.851974563419713,0
1601,Retailer 1601,555-7529845,"807 St, City 0",50,112.887140162465,27.64032792314977,0
1602,Retailer 1602,555-3736582,"982 St, City 1",44,61.67409727745989,1.0586699500681607,0
1603,Retailer 1603,555-8956056,"824 St, City 2",51,110.29920234935766,3.3627724282426614,0
1604,Retailer 1604,555-2100500,"363 St, City 3",44,81.96724141711687,13.601698132993453,0
1605,Retailer 1605,555-2576590,"383 St, City 4",66,115.10621229759424,9.389454063719807,0
1606,Retailer 1606,555-6594176,"751 St, City 5",50,116.0751478678975,13.08096938170492,0
1607,Retailer 1607,555-2961977,"525 St, City 6",43,88.69098616187068,80.07591551324921,0
1608,Retailer 1608,555-8049926,"382 St, City 7",48,118.67643704878574,2.303217093904754,0
1609,Retailer 1609,555-5032654,"184 St, City 8",52,64.91659740899911,18.637681589699127,0
1610,Retailer 1610,555-1664468,"194 St, City 9",41,97.12877078275204,6.629001072531973,0
1611,Retailer 1611,555-7500242,"462 St, City 10",50,115.8211298984064,13.19417508717261,0
1612,Retailer 1612,555-8899963,"56 St, City 11",38,112.43410951442998,33.90632880422986,0
1613,Retailer 1613,555-7978140,"230 St, City 12",51,88.88610159765304,108.28999308679258,0
1614,Retailer 1614,555-4037099,"489 St, City 13",51,117.64209427079524,35.59653400523988,0
1615,Retailer 1615,555-5828426,"28 St, City 14",44,118.38405042450796,64.84413856194935,0
1616,Retailer 1616,555-9100706,"832 St, City 15",51,76.53265383667241,4.778970593953693,0
1617,Retailer 1617,555-3042823,"583 St, City 16",50,97.76072010013488,6.00448413514868,0
1618,Retailer 1618,555-2048173,"722 St, City 17",46,103.90091532387075,62.81071244286704,0
1619,Retailer 1619,555-9379341,"960 St, City 18",46,103.61497716875758,28.058269973119124,0
1620,Retailer 1620,555-7579137,"184 St, City 19",48,116.2287987186912,47.12373957919052,0
1621,Retailer 1621,555-2912584,"425 St, City 20",48,91.73519456022542,7.564035531867011,0
1622,Retailer 1622,555-4777538,"375 St, City 21",56,132.71634054526578,12.858710155965875,0
1623,Retailer 1623,555-1225049,"868 St, City 22",57,92.1210152189582,2.535201848121942,0
1624,Retailer 1624,555-1747419,"41 St, City 23",45,77.31985531449423,67.78158711353244,0
1625,Retailer 1625,555-6438684,"484 St, City 24",43,95.46602288714199,93.95028841302315,0
1626,Retailer 1626,555-7030489,"260 St, City 25",60,105.08268573993765,58.44478829999276,0
1627,Retailer 1627,555-6537803,"441 St, City 26",38,76.42587255970119,17.243879279399717,0
1628,Retailer 1628,555-3380932,"926 St, City 27",53,93.85473576138683,12.517085486737077,0
1629,Retailer 1629,555-2654753,"856 St, City 28",51,75.19662313499902,18.63042070656249,0
1630,Retailer 1630,555-9793380,"84 St, City 29",43,114.0630614265262,30.451650103830165,0
1631,Retailer 1631,555-1571107,"46 St, City 30",55,96.4504990961994,16.943006504498772,0
1632,Retailer 1632,555-3086213,"440 St, City 31",57,52.28099178589035,16.425740036309968,0
1633,Retailer 1633,555-4358509,"671 St, City 32",63,120.76078008226241,16.918306578967805,0
1634,Retailer 1634,555-3779499,"856 St, City 33",57,76.58843272671754,40.94505001060691,0
1635,Retailer 1635,555-8313834,"519 St, City 34",49,153.33854781277267,46.36445295448691,0
1636,Retailer 1636,555-9937492,"986 St, City 35",36,86.3313219649376,61.33111099825301,0
1637,Retailer 1637,555-2999254,"845 St, City 36",49,88.43317797172037,8.351256438727887,0
1638,Retailer 1638,555-6044842,"438 St, City 37",39,103.20825493829736,5.14161788425685,0
1639,Retailer 1639,555-5156532,"136 St, City 38",50,51.714249774908694,12.699460619408779,0
1640,Retailer 1640,555-7592910,"183 St, City 39",50,108.80838985180932,16.36499681381934,0
1641,Retailer 1641,555-6561112,"709 St, City 40",52,114.02412829397178,36.30653378150446,0
1642,Retailer 1642,555-6382858,"172 St, City 41",40,118.12552719417319,42.55590392136441,0
1643,Retailer 1643,555-6017650,"909 St, City 42",55,105.61459501483705,124.34300005092521,0
1644,Retailer 1644,555-8188238,"861 St, City 43",36,101.82156518523625,14.2551952330021,0
1645,Retailer 1645,555-8909699,"788 St, City 44",53,69.65083614813025,15.451025469409808,0
1646,Retailer 1646,555-4617556,"590 St, City 45",49,109.86306077296128,23.431821787336283,0
1647,Retailer 1647,555-1258517,"928 St, City 46",63,99.16362123206463,51.499917982795175,0
1648,Retailer 1648,555-7428540,"956 St, City 47",55,91.45911206909224,32.446815787211825,0
1649,Retailer 1649,555-1705475,"690 St, City 48",39,79.34187780057863,25.50521952282685,0
1650,Retailer 1650,555-5338843,"539 St, City 49",51,109.59772582628925,31.33411947442793,0
1651,Retailer 1651,555-1424226,"120 St, City 50",43,93.5473462545334,18.733852639626498,0
1652,Retailer 1652,555-5117923,"281 St, City 51",45,62.3580741363474,42.69541945404247,0
1653,Retailer 1653,555-6613201,"308 St, City 52",46,95.53919817885668,2.348438406195972,0
1654,Retailer 1654,555-7303745,"708 St, City 53",51,84.5915826335383,21.340799515668365,0
1655,Retailer 1655,555-1698956,"277 St, City 54",38,117.51962380555057,49.286374339998375,0
1656,Retailer 1656,555-4403096,"530 St, City 55",45,96.68409392882371,10.808403507017262,0
1657,Retailer 1657,555-7278602,"295 St, City 56",54,94.7454997585256,55.62488795340503,0
1658,Retailer 1658,555-7143326,"783 St, City 57",47,106.1746270506171,45.812554111349755,0
1659,Retailer 1659,555-1175211,"53 St, City 58",42,133.49845872108165,26.072851304873527,0
1660,Retailer 1660,555-8519817,"806 St, City 59",59,108.12115035150815,8.716528653112867,0
1661,Retailer 1661,555-8412620,"432 St, City 60",53,84.20730533953139,59.21446243363813,0
1662,Retailer 1662,555-5257950,"52 St, City 61",47,68.86110290859935,0.9128136317604858,0
1663,Retailer 1663,555-9654406,"728 St, City 62",59,126.60461996949955,26.932404850115933,0
1664,Retailer 1664,555-7048055,"72 St, City 63",38,50.96194191915888,45.7756137902685,0
1665,Retailer 1665,555-2883376,"28 St, City 64",49,99.56687475850943,19.931128925318596,0
1666,Retailer 1666,555-4891113,"469 St, City 65",42,146.98757788352424,3.2561710454744093,0
1667,Retailer 1667,555-8020988,"912 St, City 66",56,64.44702002427437,53.86969580096843,0
1668,Retailer 1668,555-9544291,"764 St, City 67",52,77.65968891924855,71.93592166633533,0
1669,Retailer 1669,555-5730741,"886 St, City 68",61,103.98444957262468,24.855930475318594,0
1670,Retailer 1670,555-6605126,"912 St, City 69",39,83.88480573432992,46.415683436710104,0
1671,Retailer 1671,555-2906039,"547 St, City 70",46,97.68630092183503,28.303290241726103,0
1672,Retailer 1672,555-2455465,"401 St, City 71",42,108.50240266562804,25.54902393802851,0
1673,Retailer 1673,555-1211830,"201 St, City 72",50,111.38501968392035,4.20449448315545,0
1674,Retailer 1674,555-6439381,"761 St, City 73",47,122.15969978800922,17.22322074586777,0
1675,Retailer 1675,555-6987029,"611 St, City 74",49,68.36846168333662,34.070155136755545,0
1676,Retailer 1676,555-7516616,"820 St, City 75",45,125.32543081344926,18.180642707939,0
1677,Retailer 1677,555-4329049,"989 St, City 76",43,126.93270531297934,28.851554476164367,0
1678,Retailer 1678,555-5755976,"999 St, City 77",62,116.91413778491108,67.55923565155683,0
1679,Retailer 1679,555-9910606,"466 St, City 78",61,77.367825419989,13.681678873137836,0
1680,Retailer 1680,555-7897673,"652 St, City 79",46,76.3418569123443,52.89282101063499,0
1681,Retailer 1681,555-4746169,"595 St, City 80",29,105.9320512376165,0.8842603578329247,0
1682,Retailer 1682,555-7002296,"560 St, City 81",52,112.87702722857395,57.45083641279924,0
1683,Retailer 1683,555-1075388,"790 St, City 82",55,123.5091775977735,3.384221792933015,0
1684,Retailer 1684,555-7810183,"379 St, City 83",66,90.3823256838835,11.6335032010033,0
1685,Retailer 1685,555-2775767,"760 St, City 84",66,112.5320719707104,21.61214211641265,0
1686,Retailer 1686,555-8983823,"895 St, City 85",54,111.4442082500321,31.497675954891243,0
1687,Retailer 1687,555-9373296,"177 St, City 86",45,86.9114490051065,91.79978483847687,0
1688,Retailer 1688,555-8467866,"52 St, City 87",45,91.1864190957126,11.003072848054622,0
1689,Retailer 1689,555-6494339,"79 St, City 88",52,68.06724810224264,2.6763732594311236,0
1690,Retailer 1690,555-6877809,"385 St, City 89",56,78.72085080594678,18.4209653516275,0
1691,Retailer 1691,555-7396567,"834 St, City 90",53,87.40001684024679,12.705887818050524,0
1692,Retailer 1692,555-9002619,"576 St, City 91",49,110.43830645280019,27.49765726546337,0
1693,Retailer 1693,555-5021080,"8 St, City 92",57,145.25259343052124,76.8338873534617,0
1694,Retailer 1694,555-8667857,"214 St, City 93",57,109.69567545505079,30.930692943037016,0
1695,Retailer 1695,555-5428690,"25 St, City 94",40,75.10808928884742,25.883512449961934,0
1696,Retailer 1696,555-6439433,"450 St, City 95",53,90.45250403516634,8.474252831997516,0
1697,Retailer 1697,555-9889782,"768 St, City 96",176,16.45440434387067,9.226920043015417,1
1698,Retailer 1698,555-3881777,"755 St, City 97",36,83.93769989180026,17.185067994181427,0
1699,Retailer 1699,555-3748996,"969 St, City 98",48,129.98401020914972,66.57280265758041,0
1700,Retailer 1700,555-1195246,"457 St, City 99",57,113.6905394920055,25.98816255321626,0
1701,Retailer 1701,555-4696176,"461 St, City 0",59,94.96947914832168,20.474988060627513,0
1702,Retailer 1702,555-9899691,"198 St, City 1",48,61.73785179428446,23.462468115962842,0
1703,Retailer 1703,555-2012384,"94 St, City 2",42,120.15000722999753,53.8336965259673,0
1704,Retailer 1704,555-9143478,"719 St, City 3",44,112.87364403119025,33.986268527882594,0
1705,Retailer 1705,555-1866964,"947 St, City 4",57,109.45239955362646,78.69404041211416,0
1706,Retailer 1706,555-9437712,"437 St, City 5",57,153.5020092557383,26.149624253996933,0
1707,Retailer 1707,555-1863663,"527 St, City 6",41,81.27868917964477,6.545747590911248,0
1708,Retailer 1708,555-6783182,"690 St, City 7",55,130.43175581294693,0.5671018782630857,0
1709,Retailer 1709,555-7980571,"967 St, City 8",49,96.26992523584727,11.442816228960696,0
1710,Retailer 1710,555-6334538,"378 St, City 9",58,105.10299891453602,1.943709395369074,0
1711,Retailer 1711,555-7349449,"587 St, City 10",53,106.24274932728599,15.680116512854482,0
1712,Retailer 1712,555-2206861,"104 St, City 11",52,116.69194479029517,6.243590675973503,0
1713,Retailer 1713,555-4119612,"806 St, City 12",41,85.70968954523528,15.57144325196306,0
1714,Retailer 1714,555-3891005,"680 St, City 13",63,147.87598684515123,15.284958754722588,0
1715,Retailer 1715,555-5936600,"962 St, City 14",58,77.8887000552364,9.70006795920583,0
1716,Retailer 1716,555-5736319,"627 St, City 15",46,92.86490450191147,31.737307600148633,0
1717,Retailer 1717,555-1257681,"39 St, City 16",44,136.86752737867155,17.04484109430352,0
1718,Retailer 1718,555-9482626,"458 St, City 17",54,123.5963960073021,67.1760033652355,0
1719,Retailer 1719,555-6629481,"364 St, City 18",64,92.86626210354959,2.373907002055012,0
1720,Retailer 1720,555-3054780,"785 St, City 19",34,113.60619124134386,15.860706904629714,0
1721,Retailer 1721,555-8991208,"135 St, City 20",43,78.4522753680475,44.87653350689014,0
1722,Retailer 1722,555-5423408,"374 St, City 21",55,83.78838869409415,20.468311220450865,0
1723,Retailer 1723,555-1842186,"232 St, City 22",47,92.71739094336503,101.51363964914754,0
1724,Retailer 1724,555-6352727,"39 St, City 23",51,128.5281729677479,5.7647200334691275,0
1725,Retailer 1725,555-8116355,"964 St, City 24",67,57.879129897757274,11.394982025220775,0
1726,Retailer 1726,555-8226585,"803 St, City 25",61,117.6105996726678,3.7041751636119353,0
1727,Retailer 1727,555-6538917,"819 St, City 26",55,92.08878480997186,8.499932621651919,0
1728,Retailer 1728,555-2124905,"47 St, City 27",50,112.42329665954634,33.490971234880654,0
1729,Retailer 1729,555-4105958,"36 St, City 28",58,111.67699546169375,20.021225129314796,0
1730,Retailer 1730,555-6559277,"832 St, City 29",48,99.4632812902971,5.304522243154908,0
1731,Retailer 1731,555-4258084,"95 St, City 30",50,84.88958508353684,19.3132909399878,0
1732,Retailer 1732,555-9593059,"985 St, City 31",53,86.66227911282108,56.39834160711054,0
1733,Retailer 1733,555-2980290,"361 St, City 32",50,93.72853646747495,17.385227256490765,0
1734,Retailer 1734,555-1403322,"525 St, City 33",53,67.48137596243922,0.39907853330678333,0
1735,Retailer 1735,555-5310796,"146 St, City 34",53,101.78876945442224,1.694619818820426,0
1736,Retailer 1736,555-6181057,"917 St, City 35",46,85.88450697263185,17.29402706457934,0
1737,Retailer 1737,555-8017403,"368 St, City 36",190,9.629328852511005,26.98633648401552,1
1738,Retailer 1738,555-5077716,"65 St, City 37",45,95.88182056428275,65.28730115709084,0
1739,Retailer 1739,555-7941447,"228 St, City 38",47,115.00564640576614,120.45743296669838,0
1740,Retailer 1740,555-6037285,"754 St, City 39",46,124.76422127293064,117.93022691828729,0
1741,Retailer 1741,555-2908802,"520 St, City 40",51,127.45503767932576,24.486166756653702,0
1742,Retailer 1742,555-8334901,"816 St, City 41",38,108.21261451125214,1.0915314369191165,0
1743,Retailer 1743,555-2548075,"853 St, City 42",56,92.20619910184514,7.204194869804291,0
1744,Retailer 1744,555-1493948,"555 St, City 43",41,73.84323942255351,17.092423267773256,0
1745,Retailer 1745,555-5168962,"756 St, City 44",52,148.81770871456732,63.527005366461694,0
1746,Retailer 1746,555-7520645,"181 St, City 45",48,135.6190522218622,0.6538407870871357,0
1747,Retailer 1747,555-7689921,"501 St, City 46",49,117.83918149179908,21.360081122955947,0
1748,Retailer 1748,555-9383190,"597 St, City 47",48,113.16126735736763,31.793184294702087,0
1749,Retailer 1749,555-8228161,"155 St, City 48",51,92.92003017563037,10.200006569074064,0
1750,Retailer 1750,555-1780641,"787 St, City 49",54,102.60917044229974,11.379817617767394,0
1751,Retailer 1751,555-5466134,"535 St, City 50",45,118.41256785982893,14.751629961804653,0
1752,Retailer 1752,555-2554205,"627 St, City 51",55,62.182240360012216,9.63072464723491,0
1753,Retailer 1753,555-7606963,"818 St, City 52",65,87.75665784640854,17.24431159461785,0
1754,Retailer 1754,555-7651143,"435 St, City 53",46,100.21166047931939,5.162569837924331,0
1755,Retailer 1755,555-3551331,"811 St, City 54",50,61.53751201290205,6.669263066945121,0
1756,Retailer 1756,555-4127748,"99 St, City 55",58,70.24972865854457,1.1352979201432654,0
1757,Retailer 1757,555-5001070,"616 St, City 56",42,86.83592017321013,15.895903531485787,0
1758,Retailer 1758,555-8365624,"372 St, City 57",39,101.72012626116549,36.862133449755284,0
1759,Retailer 1759,555-3883791,"563 St, City 58",46,130.2062083700028,21.165837023759924,0
1760,Retailer 1760,555-4496605,"362 St, City 59",46,91.05627766358467,22.69269347383619,0
1761,Retailer 1761,555-5948600,"112 St, City 60",55,137.62257919421307,17.932183971310053,0
1762,Retailer 1762,555-7416438,"453 St, City 61",50,85.45458648243756,26.37322310511736,0
1763,Retailer 1763,555-6311499,"756 St, City 62",50,97.48471798797027,7.828336064133517,0
1764,Retailer 1764,555-1308623,"169 St, City 63",36,70.38030754512198,6.97748130360191,0
1765,Retailer 1765,555-4647371,"584 St, City 64",44,91.28186503112524,85.40097818813861,0
1766,Retailer 1766,555-4296903,"139 St, City 65",58,61.938175984036725,17.957449481246687,0
1767,Retailer 1767,555-6998223,"848 St, City 66",54,167.71559059412732,52.6644131435657,0
1768,Retailer 1768,555-2147116,"231 St, City 67",42,79.09862063612458,74.60668928908919,0
1769,Retailer 1769,555-4772763,"239 St, City 68",52,107.18020511528935,28.626274368312377,0
1770,Retailer 1770,555-7478450,"984 St, City 69",48,90.46074690911244,10.648575788506115,0
1771,Retailer 1771,555-1310375,"253 St, City 70",51,95.29564347857527,34.16458522608698,0
1772,Retailer 1772,555-3126453,"981 St, City 71",50,98.47123238862548,16.911705800120465,0
1773,Retailer 1773,555-2271300,"436 St, City 72",46,118.98928947493586,108.43331598077084,0
1774,Retailer 1774,555-6238631,"919 St, City 73",42,110.16370593250241,50.02625281034917,0
1775,Retailer 1775,555-4842411,"561 St, City 74",46,104.83581672775254,50.61303738192236,0
1776,Retailer 1776,555-7310208,"422 St, City 75",45,111.59359417529173,26.652170632014265,0
1777,Retailer 1777,555-7127764,"303 St, City 76",40,107.42249348911164,0.2535346096811983,0
1778,Retailer 1778,555-6859046,"72 St, City 77",49,74.47687768462276,53.481742128474096,0
1779,Retailer 1779,555-7034207,"263 St, City 78",55,95.03655891497188,0.7709792989090244,0
1780,Retailer 1780,555-8940879,"834 St, City 79",61,113.67610867048134,3.915497487201042,0
1781,Retailer 1781,555-4341861,"222 St, City 80",45,88.09540066653383,54.72893596339362,0
1782,Retailer 1782,555-8359201,"77 St, City 81",62,107.1427422924504,7.407529344442412,0
1783,Retailer 1783,555-3615804,"62 St, City 82",47,122.04798389407159,55.18934301824867,0
1784,Retailer 1784,555-5312717,"471 St, City 83",51,86.12154981160641,8.089406179519207,0
1785,Retailer 1785,555-2982243,"157 St, City 84",55,120.36493109033401,44.1828112148716,0
1786,Retailer 1786,555-4413654,"806 St, City 85",54,97.88165676339906,23.43814072606303,0
1787,Retailer 1787,555-6986417,"125 St, City 86",51,101.46486602878474,33.35036630797689,0
1788,Retailer 1788,555-8863020,"741 St, City 87",56,116.92912938787077,54.61983716570739,0
1789,Retailer 1789,555-4270209,"852 St, City 88",60,111.86534365333489,124.1083214994938,0
1790,Retailer 1790,555-9604008,"161 St, City 89",58,45.62176006304341,2.6876273047581174,0
1791,Retailer 1791,555-8323988,"541 St, City 90",35,63.30247817708595,34.6920051818777,0
1792,Retailer 1792,555-4324664,"626 St, City 91",43,110.63463994098477,95.62529832833089,0
1793,Retailer 1793,555-9210880,"591 St, City 92",47,97.17699787838491,14.0423544832024,0
1794,Retailer 1794,555-4594058,"535 St, City 93",56,67.93776077472747,12.18247651702749,0
1795,Retailer 1795,555-5584258,"106 St, City 94",56,86.81493778743496,34.18087128982345,0
1796,Retailer 1796,555-9117654,"131 St, City 95",52,66.07911148498735,15.422480501607422,0
1797,Retailer 1797,555-5212377,"357 St, City 96",43,97.89236727028477,7.241536708824163,0
1798,Retailer 1798,555-1233782,"989 St, City 97",55,125.16502798825259,5.28304334489629,0
1799,Retailer 1799,555-7906117,"685 St, City 98",53,85.70098835839836,6.419204765317961,0
1800,Retailer 1800,555-7112674,"776 St, City 99",55,104.91452182796743,36.55341458962488,0
1801,Retailer 1801,555-5809109,"854 St, City 0",66,97.91146688957991,75.28647242670017,0
1802,Retailer 1802,555-4735466,"885 St, City 1",53,132.02323162987233,49.19903192035096,0
1803,Retailer 1803,555-2583246,"797 St, City 2",49,125.36433853235246,17.83717798091923,0
1804,Retailer 1804,555-1726331,"2 St, City 3",63,68.22129285314031,22.561521927503946,0
1805,Retailer 1805,555-2794291,"233 St, City 4",46,96.17213034792239,29.041216173705408,0
1806,Retailer 1806,555-7353385,"369 St, City 5",61,82.28462054724059,26.02120523779217,0
1807,Retailer 1807,555-5952075,"251 St, City 6",54,87.981729441963,103.70708679455126,0
1808,Retailer 1808,555-4898606,"946 St, City 7",40,115.7073819805909,65.32965001571874,0
1809,Retailer 1809,555-3878117,"833 St, City 8",66,103.86201514182736,1.3354950310113771,0
1810,Retailer 1810,555-5481617,"108 St, City 9",50,115.43023936123583,54.19386335336718,0
1811,Retailer 1811,555-8374626,"276 St, City 10",41,54.17594823472601,3.633214086049424,0
1812,Retailer 1812,555-6287913,"180 St, City 11",52,118.60888924321932,35.15577409384137,0
1813,Retailer 1813,555-4733149,"725 St, City 12",43,108.56173218842865,10.09146775103355,0
1814,Retailer 1814,555-6316741,"293 St, City 13",33,132.1391286751549,44.534870630089706,0
1815,Retailer 1815,555-3804802,"584 St, City 14",47,87.78374040653772,0.2593046195797733,0
1816,Retailer 1816,555-5157263,"795 St, City 15",62,121.5221847887905,14.451201991089713,0
1817,Retailer 1817,555-5488198,"175 St, City 16",58,105.84108116157878,0.6527189350386962,0
1818,Retailer 1818,555-3733460,"123 St, City 17",59,102.66095865740851,92.06846428235234,0
1819,Retailer 1819,555-8084609,"227 St, City 18",57,90.24232497570932,0.46452552525431257,0
1820,Retailer 1820,555-7216538,"902 St, City 19",46,98.108110115212,5.062854948464413,0
1821,Retailer 1821,555-5115362,"444 St, City 20",40,80.41391090766996,23.248474109485063,0
1822,Retailer 1822,555-2252557,"813 St, City 21",57,92.04505198841471,31.16655907086313,0
1823,Retailer 1823,555-2490687,"428 St, City 22",44,88.18466865998357,39.16812613499895,0
1824,Retailer 1824,555-5057025,"83 St, City 23",48,94.27658599433691,8.50681140782824,0
1825,Retailer 1825,555-6272864,"765 St, City 24",39,96.3653738117122,10.742921761482943,0
1826,Retailer 1826,555-4788963,"658 St, City 25",38,96.86684616607566,8.229272809266291,0
1827,Retailer 1827,555-4874910,"632 St, City 26",41,99.84339962336146,8.394306997335699,0
1828,Retailer 1828,555-4368045,"65 St, City 27",43,99.6492296143225,45.669321990795744,0
1829,Retailer 1829,555-6185773,"281 St, City 28",45,102.16132956683501,88.69465249351259,0
1830,Retailer 1830,555-5832691,"795 St, City 29",35,99.39983352835289,27.175582103546642,0
1831,Retailer 1831,555-1968616,"391 St, City 30",43,94.59052784272747,5.138977038245692,0
1832,Retailer 1832,555-5217733,"428 St, City 31",53,108.60514953087369,2.0301530291414007,0
1833,Retailer 1833,555-8914520,"618 St, City 32",47,124.24775927610014,8.20061913689026,0
1834,Retailer 1834,555-2490036,"925 St, City 33",51,93.28796888477396,5.8729442877675,0
1835,Retailer 1835,555-3869729,"991 St, City 34",60,89.30003446702636,25.91957155795019,0
1836,Retailer 1836,555-8585159,"812 St, City 35",48,107.53122074863488,35.912961233119205,0
1837,Retailer 1837,555-8179156,"107 St, City 36",45,102.15546382604663,0.1380405321922404,0
1838,Retailer 1838,555-9944718,"548 St, City 37",50,80.66302514218405,17.374224028177984,0
1839,Retailer 1839,555-8904428,"659 St, City 38",42,84.97496958357684,29.26365201966075,0
1840,Retailer 1840,555-5202271,"262 St, City 39",49,88.10834337029401,6.428327354928028,0
1841,Retailer 1841,555-5042879,"921 St, City 40",45,79.26422831246691,69.37022611325818,0
1842,Retailer 1842,555-3322523,"159 St, City 41",50,108.7660793415692,23.889454396933132,0
1843,Retailer 1843,555-5746771,"265 St, City 42",54,115.29483569450721,12.71182569964416,0
1844,Retailer 1844,555-9640145,"468 St, City 43",46,83.77057760527822,0.5655661841491089,0
1845,Retailer 1845,555-2756124,"202 St, City 44",45,72.79115346654613,19.867301677424877,0
1846,Retailer 1846,555-1841531,"933 St, City 45",44,103.45345772537361,12.281755708606603,0
1847,Retailer 1847,555-1864645,"155 St, City 46",36,100.61641842103747,104.7464255584292,0
1848,Retailer 1848,555-2428127,"13 St, City 47",47,146.03711687851902,14.280890740417133,0
1849,Retailer 1849,555-6130076,"297 St, City 48",56,113.35029572547423,76.15203891681001,0
1850,Retailer 1850,555-9859690,"896 St, City 49",61,77.45461397862778,34.75606540120015,0
1851,Retailer 1851,555-5254849,"834 St, City 50",45,80.9672305015948,2.305234513641404,0
1852,Retailer 1852,555-8574587,"498 St, City 51",54,106.30708502672707,80.96698083409599,0
1853,Retailer 1853,555-7515350,"597 St, City 52",52,98.90384134561634,5.533858622350849,0
1854,Retailer 1854,555-9336900,"993 St, City 53",51,97.7919526389357,17.827497836095564,0
1855,Retailer 1855,555-2615777,"792 St, City 54",48,101.3376008247198,76.92006269815883,0
1856,Retailer 1856,555-4512664,"245 St, City 55",55,115.50704560055289,52.89688985194969,0
1857,Retailer 1857,555-1973181,"300 St, City 56",51,137.08147067910738,20.058425443286684,0
1858,Retailer 1858,555-2491633,"362 St, City 57",51,126.58859653889301,6.954955882608411,0
1859,Retailer 1859,555-3061774,"354 St, City 58",43,79.70993466665941,21.35528879648003,0
1860,Retailer 1860,555-3790358,"828 St, City 59",50,89.30820950993929,23.797935641105273,0
1861,Retailer 1861,555-4860562,"521 St, City 60",42,52.92719889111944,173.64707713818257,0
1862,Retailer 1862,555-7976610,"386 St, City 61",53,104.21883226373455,52.123472017771554,0
1863,Retailer 1863,555-2765524,"759 St, City 62",44,89.49832260484433,59.266940957999445,0
1864,Retailer 1864,555-2250632,"312 St, City 63",61,99.61203838736338,128.46527556911778,0
1865,Retailer 1865,555-7210715,"414 St, City 64",43,83.54235573686779,22.22725518058609,0
1866,Retailer 1866,555-9526086,"278 St, City 65",42,83.33027617502125,26.400679925728554,0
1867,Retailer 1867,555-4243087,"750 St, City 66",39,69.19267458680656,18.17850655740099,0
1868,Retailer 1868,555-1909711,"715 St, City 67",48,93.6158296958335,4.021513020158037,0
1869,Retailer 1869,555-4711584,"759 St, City 68",59,111.37864472445305,22.349432745071866,0
1870,Retailer 1870,555-7913283,"747 St, City 69",52,86.5209148629969,26.210509649618686,0
1871,Retailer 1871,555-2619715,"593 St, City 70",54,113.03275550011047,8.125619672499749,0
1872,Retailer 1872,555-3590310,"356 St, City 71",54,86.1739377401894,45.81145838057262,0
1873,Retailer 1873,555-7314768,"525 St, City 72",56,100.0137431760848,3.9881982751354688,0
1874,Retailer 1874,555-9324454,"839 St, City 73",40,127.11128451788068,20.914610846508264,0
1875,Retailer 1875,555-9815995,"16 St, City 74",65,90.24302045529294,32.6046399086592,0
1876,Retailer 1876,555-7726451,"993 St, City 75",57,104.50158367461421,1.694930319896998,0
1877,Retailer 1877,555-9064220,"45 St, City 76",48,105.19427594712553,48.89737934001954,0
1878,Retailer 1878,555-2544613,"321 St, City 77",42,105.4565427165064,10.878815547690303,0
1879,Retailer 1879,555-2297638,"651 St, City 78",54,110.60347991219002,37.94877808457156,0
1880,Retailer 1880,555-8134897,"326 St, City 79",51,104.92577913882764,3.4357128215152803,0
1881,Retailer 1881,555-8748670,"148 St, City 80",49,79.46046037194134,29.051104461739268,0
1882,Retailer 1882,555-3430525,"355 St, City 81",46,91.7306297618343,24.439933725195935,0
1883,Retailer 1883,555-8439103,"236 St, City 82",51,111.51246263408784,4.875659397767835,0
1884,Retailer 1884,555-3456070,"703 St, City 83",51,114.09229078797776,29.404476144760075,0
1885,Retailer 1885,555-9878234,"613 St, City 84",52,85.14308471353588,35.26391029422749,0
1886,Retailer 1886,555-1288859,"105 St, City 85",41,119.45165933875874,20.704690428899152,0
1887,Retailer 1887,555-6008341,"474 St, City 86",51,90.45540637608397,25.923529268093652,0
1888,Retailer 1888,555-5749766,"762 St, City 87",50,106.6515008716785,65.52261802606816,0
1889,Retailer 1889,555-2546236,"396 St, City 88",46,103.90386415412782,35.89036046971304,0
1890,Retailer 1890,555-9982913,"446 St, City 89",61,81.73869167804466,70.91934924150098,0
1891,Retailer 1891,555-5257341,"606 St, City 90",62,94.51467982284156,24.11190285789454,0
1892,Retailer 1892,555-4759834,"220 St, City 91",184,18.751259930824485,5.765814019101104,1
1893,Retailer 1893,555-3627988,"987 St, City 92",50,92.12735842956629,8.482459335817055,0
1894,Retailer 1894,555-6477093,"810 St, City 93",43,124.67245801474812,5.822493944222032,0
1895,Retailer 1895,555-9592974,"851 St, City 94",53,61.90244575495294,12.250262023476894,0
1896,Retailer 1896,555-1502420,"965 St, City 95",44,82.62322543397009,19.475984531102224,0
1897,Retailer 1897,555-6529046,"442 St, City 96",43,90.77220701893778,8.868665056105153,0
1898,Retailer 1898,555-2679161,"645 St, City 97",50,57.30133338383925,19.36700392160792,0
1899,Retailer 1899,555-1660902,"873 St, City 98",41,59.81885805266435,13.593596910250081,0
1900,Retailer 1900,555-8562116,"667 St, City 99",47,141.2043324285018,24.313850141744847,0
1901,Retailer 1901,555-2538112,"28 St, City 0",54,111.73752169752476,16.785446897700606,0
1902,Retailer 1902,555-2726676,"794 St, City 1",46,119.99151643576928,17.079755556456682,0
1903,Retailer 1903,555-2685996,"475 St, City 2",48,107.00568692410856,20.236899103061585,0
1904,Retailer 1904,555-4246417,"628 St, City 3",62,111.59139843826273,132.3751457781602,0
1905,Retailer 1905,555-2352144,"305 St, City 4",38,93.63256762481801,24.395001721012267,0
1906,Retailer 1906,555-2551330,"746 St, City 5",45,120.85740996921197,38.548733110978596,0
1907,Retailer 1907,555-1971248,"405 St, City 6",45,128.6800436532525,16.173954276380453,0
1908,Retailer 1908,555-5657851,"513 St, City 7",50,86.47016281774113,11.829037277888151,0
1909,Retailer 1909,555-7695306,"502 St, City 8",45,95.04315537741499,74.51500797729457,0
1910,Retailer 1910,555-6378750,"348 St, City 9",47,88.39449238831543,40.68579869674166,0
1911,Retailer 1911,555-3607411,"240 St, City 10",44,98.28942094662419,26.199075693286822,0
1912,Retailer 1912,555-2693439,"570 St, City 11",53,114.81705823870362,12.303686374983592,0
1913,Retailer 1913,555-2831094,"847 St, City 12",70,96.42463230554341,8.94653230198958,0
1914,Retailer 1914,555-4437172,"695 St, City 13",50,65.06262029430044,8.713444023757123,0
1915,Retailer 1915,555-7919875,"337 St, City 14",57,119.39467641893634,21.019104974734418,0
1916,Retailer 1916,555-6923361,"26 St, City 15",59,84.71549073615735,62.34018902769697,0
1917,Retailer 1917,555-2963571,"980 St, City 16",53,108.1184726241483,63.87101154259187,0
1918,Retailer 1918,555-6542511,"409 St, City 17",48,110.07003272411083,40.99301838915244,0
1919,Retailer 1919,555-9985826,"77 St, City 18",56,91.44668409195805,23.45877268169388,0
1920,Retailer 1920,555-4815144,"929 St, City 19",59,81.68988962188713,8.032843867012662,0
1921,Retailer 1921,555-4436252,"217 St, City 20",59,90.43543656406446,19.551660020557666,0
1922,Retailer 1922,555-1817052,"328 St, City 21",46,131.93181401033772,35.596027502806244,0
1923,Retailer 1923,555-8596585,"837 St, City 22",60,81.0254458525234,27.117279666814216,0
1924,Retailer 1924,555-7269324,"774 St, City 23",53,77.97878928089122,21.64850622183789,0
1925,Retailer 1925,555-2428080,"23 St, City 24",36,103.81461433287261,16.769589608252673,0
1926,Retailer 1926,555-3521279,"756 St, City 25",50,95.73917024763054,41.8920738730901,0
1927,Retailer 1927,555-8503888,"670 St, City 26",42,91.80192079195079,55.399484358148634,0
1928,Retailer 1928,555-7119848,"718 St, City 27",62,81.94539683586484,38.5025214111701,0
1929,Retailer 1929,555-3726016,"310 St, City 28",50,99.58324080777737,83.38358471350875,0
1930,Retailer 1930,555-2244289,"599 St, City 29",49,96.77141772139593,45.40658580510873,0
1931,Retailer 1931,555-1442939,"267 St, City 30",53,126.73750366189863,17.968120105054297,0
1932,Retailer 1932,555-4282972,"415 St, City 31",47,82.28099161955868,28.772305720946804,0
1933,Retailer 1933,555-9692832,"646 St, City 32",65,90.27155684342091,21.05759845943107,0
1934,Retailer 1934,555-5414473,"267 St, City 33",69,125.68647428971276,23.711113271947568,0
1935,Retailer 1935,555-3711793,"333 St, City 34",58,89.650158627241,67.81447838798617,0
1936,Retailer 1936,555-3319124,"780 St, City 35",45,85.56563102718309,10.737064454633636,0
1937,Retailer 1937,555-4923227,"450 St, City 36",51,108.93437960195021,0.3954386185370735,0
1938,Retailer 1938,555-3073290,"565 St, City 37",44,103.16923143875985,35.686992312715574,0
1939,Retailer 1939,555-3518970,"611 St, City 38",36,93.81550353401957,5.990637038856344,0
1940,Retailer 1940,555-4889877,"247 St, City 39",53,101.51150906494095,5.025320426038143,0
1941,Retailer 1941,555-2727408,"36 St, City 40",53,109.48883897932768,146.69055079316388,0
1942,Retailer 1942,555-3801742,"401 St, City 41",45,103.21559248254664,9.309090487851964,0
1943,Retailer 1943,555-2055675,"28 St, City 42",47,111.5396461310205,6.835931290657942,0
1944,Retailer 1944,555-7016854,"220 St, City 43",54,96.23754738720335,6.358070717502704,0
1945,Retailer 1945,555-8436754,"406 St, City 44",61,79.40478908256853,15.948893116156027,0
1946,Retailer 1946,555-1965188,"614 St, City 45",48,111.32931425205459,15.79939480351854,0
1947,Retailer 1947,555-3161088,"775 St, City 46",49,94.57967174758333,30.030918089772403,0
1948,Retailer 1948,555-9018006,"271 St, City 47",53,94.06068037169318,3.282351008912571,0
1949,Retailer 1949,555-3320484,"736 St, City 48",48,114.92034675478324,30.272328003159757,0
1950,Retailer 1950,555-5105223,"651 St, City 49",51,133.20439034427582,18.133925529296004,0
1951,Retailer 1951,555-1487510,"792 St, City 50",58,66.3953478458601,6.98271695271951,0
1952,Retailer 1952,555-7354986,"511 St, City 51",42,93.68699478986643,45.18222422354298,0
1953,Retailer 1953,555-8609964,"963 St, City 52",61,98.46383754718417,19.277210167052157,0
1954,Retailer 1954,555-6795250,"286 St, City 53",46,102.18535921774034,37.87574414875093,0
1955,Retailer 1955,555-5055447,"454 St, City 54",46,96.35684329770353,75.98621383574677,0
1956,Retailer 1956,555-2673879,"762 St, City 55",67,98.22873826055631,13.08104433635134,0
1957,Retailer 1957,555-2780752,"834 St, City 56",48,107.33935326058071,68.45538366525759,0
1958,Retailer 1958,555-4293331,"317 St, City 57",49,96.10078973159621,6.707114912165676,0
1959,Retailer 1959,555-4764455,"590 St, City 58",50,89.34629641693695,7.535892401286638,0
1960,Retailer 1960,555-8253817,"297 St, City 59",44,88.75757852168185,32.69233234768672,0
1961,Retailer 1961,555-5335518,"338 St, City 60",48,126.5639215221567,3.2486664607098157,0
1962,Retailer 1962,555-9791690,"307 St, City 61",51,139.66621743760243,18.196977392075706,0
1963,Retailer 1963,555-9589747,"428 St, City 62",55,93.2360324125602,7.217553557940334,0
1964,Retailer 1964,555-6222798,"351 St, City 63",50,93.66044800410978,25.378906555272405,0
1965,Retailer 1965,555-4904722,"511 St, City 64",58,107.83881114657903,49.324374746323336,0
1966,Retailer 1966,555-6215622,"525 St, City 65",58,102.6697542990744,1.3005200369509058,0
1967,Retailer 1967,555-7879771,"858 St, City 66",61,97.05259125402091,15.997762194307265,0
1968,Retailer 1968,555-9481209,"492 St, City 67",48,74.99959757042113,39.35482778402557,0
1969,Retailer 1969,555-4175684,"908 St, City 68",46,83.69137272451248,12.568107024270368,0
1970,Retailer 1970,555-1629085,"594 St, City 69",62,113.83742304551174,1.2780214087783779,0
1971,Retailer 1971,555-7071845,"9 St, City 70",64,94.421535064389,26.84911254567907,0
1972,Retailer 1972,555-3518638,"497 St, City 71",50,139.3261353087956,3.8406103453676583,0
1973,Retailer 1973,555-1603103,"725 St, City 72",45,138.46840471490398,13.857240342473162,0
1974,Retailer 1974,555-2989968,"560 St, City 73",51,81.64862842691562,139.79889327758755,0
1975,Retailer 1975,555-6303943,"561 St, City 74",53,126.43410067039795,15.225930149868889,0
1976,Retailer 1976,555-6497191,"821 St, City 75",50,97.33145831738645,55.51796154870456,0
1977,Retailer 1977,555-2257008,"440 St, City 76",51,102.9012421837415,58.941893193145546,0
1978,Retailer 1978,555-7473507,"552 St, City 77",55,114.05654494499784,9.148150049842611,0
1979,Retailer 1979,555-8437693,"875 St, City 78",54,120.05121306860846,27.15347561131056,0
1980,Retailer 1980,555-6137997,"792 St, City 79",54,85.57719268075408,88.38465192963044,0
1981,Retailer 1981,555-8270518,"738 St, City 80",43,143.7879216014361,27.96746899095877,0
1982,Retailer 1982,555-6511934,"968 St, City 81",34,105.58973286728174,50.34023001729763,0
1983,Retailer 1983,555-9173321,"108 St, City 82",54,60.46739634482671,18.628307763495396,0
1984,Retailer 1984,555-8899284,"245 St, City 83",52,94.76381868198406,38.11699246892241,0
1985,Retailer 1985,555-2003171,"255 St, City 84",46,142.30971854159046,0.6628285312633404,0
1986,Retailer 1986,555-8214938,"33 St, City 85",44,88.17171934023207,46.46065192096967,0
1987,Retailer 1987,555-3900737,"23 St, City 86",54,145.79216296274075,33.42848193865885,0
1988,Retailer 1988,555-2370485,"845 St, City 87",55,102.47760429451844,13.334696367746561,0
1989,Retailer 1989,555-8045900,"566 St, City 88",49,99.91816307718577,16.186317765312467,0
1990,Retailer 1990,555-2681076,"821 St, City 89",49,79.01924418138819,11.863092721975297,0
1991,Retailer 1991,555-9501598,"49 St, City 90",49,112.33905922136641,22.28819031051873,0
1992,Retailer 1992,555-6312399,"462 St, City 91",48,93.4549820190307,3.4514061251839303,0
1993,Retailer 1993,555-1981883,"590 St, City 92",52,99.60484068684764,55.913445852190534,0
1994,Retailer 1994,555-2668321,"336 St, City 93",55,95.76581122145022,19.505715862025337,0
1995,Retailer 1995,555-4293705,"945 St, City 94",54,116.84466193926603,1.3217598793498841,0
1996,Retailer 1996,555-7154512,"358 St, City 95",50,95.90546648981362,24.153332913216516,0
1997,Retailer 1997,555-4759505,"122 St, City 96",55,49.819462706878085,80.00025343609974,0
1998,Retailer 1998,555-9415414,"444 St, City 97",53,83.05908286138155,2.745717403112719,0
1999,Retailer 1999,555-6418952,"359 St, City 98",47,73.62092964989378,3.9440365063269485,0
2000,Retailer 2000,555-5609688,"602 St, City 99",68,129.64856674218709,14.690681439206303,0
2001,Retailer 2001,555-5264423,"346 St, City 0",51,111.95200243841973,39.91151798731915,0
2002,Retailer 2002,555-9181883,"193 St, City 1",37,100.9591573810388,27.837385515040218,0
2003,Retailer 2003,555-9306681,"416 St, City 2",57,96.08990913184815,18.37243617750312,0
2004,Retailer 2004,555-8170837,"377 St, City 3",35,71.69937823169066,147.78561610360748,0
2005,Retailer 2005,555-2519603,"463 St, City 4",55,95.48527621777288,6.166229799654458,0
2006,Retailer 2006,555-2750740,"756 St, City 5",54,119.05554979653795,51.73819021814302,0
2007,Retailer 2007,555-1863403,"661 St, City 6",57,116.37301169547224,3.966092287615639,0
2008,Retailer 2008,555-1885421,"146 St, City 7",46,108.56957287832047,5.939154518175426,0
2009,Retailer 2009,555-5278384,"478 St, City 8",61,72.1714132533271,10.505635162220278,0
2010,Retailer 2010,555-6495671,"828 St, City 9",48,85.35091217290307,61.9296650574229,0
2011,Retailer 2011,555-1978836,"890 St, City 10",47,107.44219437990101,17.620712093599344,0
2012,Retailer 2012,555-4223522,"653 St, City 11",56,77.03953687486091,15.114775944940043,0
2013,Retailer 2013,555-3217181,"408 St, City 12",48,114.4356136738001,20.243060610976585,0
2014,Retailer 2014,555-9568438,"286 St, City 13",67,73.36992458949487,29.901144736117832,0
2015,Retailer 2015,555-2556518,"898 St, City 14",194,6.6674691877830945,16.52309469468243,1
2016,Retailer 2016,555-3659083,"851 St, City 15",59,73.50752304194862,98.5277918929643,0
2017,Retailer 2017,555-5113640,"111 St, City 16",58,90.11444580872947,4.362633650564337,0
2018,Retailer 2018,555-5500398,"620 St, City 17",57,69.58066161848797,19.368809203469393,0
2019,Retailer 2019,555-5877708,"879 St, City 18",53,90.27556109441056,16.10651928461216,0
2020,Retailer 2020,555-8880317,"793 St, City 19",53,81.77638542369135,35.39858988525884,0
2021,Retailer 2021,555-9281447,"50 St, City 20",55,86.3048515916486,98.97278663133673,0
2022,Retailer 2022,555-4895958,"14 St, City 21",53,113.38207823513486,10.207722466440055,0
2023,Retailer 2023,555-8076042,"134 St, City 22",41,99.78841626509502,93.25124645456302,0
2024,Retailer 2024,555-9839765,"588 St, City 23",55,113.36520731895494,52.75548000610263,0
2025,Retailer 2025,555-2265898,"596 St, City 24",60,144.39188194226745,49.89749103627253,0
2026,Retailer 2026,555-3120539,"343 St, City 25",54,66.24020307822514,2.276509419276361,0
2027,Retailer 2027,555-1880412,"670 St, City 26",54,89.10039412861722,84.69547549046824,0
2028,Retailer 2028,555-6947148,"286 St, City 27",54,79.41548953516447,54.77708567079541,0
2029,Retailer 2029,555-4231185,"934 St, City 28",47,86.09204129207613,34.61580301698806,0
2030,Retailer 2030,555-8319764,"314 St, City 29",39,107.53180553369458,4.104133345836685,0
2031,Retailer 2031,555-9706483,"606 St, City 30",45,135.39851181788148,16.343742529239925,0
2032,Retailer 2032,555-6923098,"297 St, City 31",58,112.88808784648218,55.020272443627,0
2033,Retailer 2033,555-2228337,"606 St, City 32",48,109.70425663673666,17.26259781159008,0
2034,Retailer 2034,555-1484814,"569 St, City 33",48,120.80951598179394,17.205251692113745,0
2035,Retailer 2035,555-9359922,"164 St, City 34",45,129.83796123898276,9.446492977777277,0
2036,Retailer 2036,555-4690583,"832 St, City 35",42,135.9369468720571,1.576346031975694,0
2037,Retailer 2037,555-2599908,"497 St, City 36",51,109.741131297536,21.584969567203263,0
2038,Retailer 2038,555-3164412,"610 St, City 37",48,80.75446050239125,44.67899536803921,0
2039,Retailer 2039,555-6309792,"16 St, City 38",61,93.2109456802005,4.737229278945083,0
2040,Retailer 2040,555-3353847,"344 St, City 39",47,58.99711960045343,67.26659884109766,0
2041,Retailer 2041,555-3892478,"78 St, City 40",50,115.32641787406986,24.3095810756678,0
2042,Retailer 2042,555-2984117,"346 St, City 41",38,82.96734540612223,50.18713115289115,0
2043,Retailer 2043,555-6949852,"72 St, City 42",59,85.66874835990778,32.99197601382657,0
2044,Retailer 2044,555-1029725,"270 St, City 43",54,107.0723171197556,4.348887329495331,0
2045,Retailer 2045,555-1888036,"287 St, City 44",48,61.04194209502795,71.12341810969113,0
2046,Retailer 2046,555-3971783,"66 St, City 45",53,120.63739747583992,37.99138162649318,0
2047,Retailer 2047,555-3662761,"880 St, City 46",64,111.10779422806169,1.0868204119217468,0
2048,Retailer 2048,555-7524559,"68 St, City 47",56,91.33754748975261,26.028177106768258,0
2049,Retailer 2049,555-3513024,"193 St, City 48",42,99.01745586328776,19.625076054525053,0
2050,Retailer 2050,555-3398083,"55 St, City 49",58,86.58214711150585,58.80266176135319,0
2051,Retailer 2051,555-7536295,"980 St, City 50",41,152.0882006458122,3.9300918633495465,0
2052,Retailer 2052,555-4909439,"379 St, City 51",38,81.6609765728542,26.80976669297952,0
2053,Retailer 2053,555-6627745,"974 St, City 52",45,106.45658589522577,11.14408855782691,0
2054,Retailer 2054,555-4911146,"168 St, City 53",47,94.74002320269683,8.455726717364941,0
2055,Retailer 2055,555-2707017,"409 St, City 54",36,101.07861302123787,0.6837945557032239,0
2056,Retailer 2056,555-1689556,"508 St, City 55",54,110.25191745557436,12.114270778334893,0
2057,Retailer 2057,555-8288538,"537 St, City 56",44,111.03085607398704,15.130195192842049,0
2058,Retailer 2058,555-3253722,"643 St, City 57",57,92.8610474286089,17.814627101775887,0
2059,Retailer 2059,555-2649729,"837 St, City 58",41,76.75733962524927,39.80927110870054,0
2060,Retailer 2060,555-2116271,"102 St, City 59",52,85.35815313479041,15.50241520858704,0
2061,Retailer 2061,555-4099555,"886 St, City 60",47,90.7875698667817,6.516331054916725,0
2062,Retailer 2062,555-6683797,"794 St, City 61",66,88.06548790306383,15.232223315446676,0
2063,Retailer 2063,555-2681641,"808 St, City 62",42,79.16438876407022,2.16309199750659,0
2064,Retailer 2064,555-1516409,"806 St, City 63",45,108.96168076714747,107.34616000734815,0
2065,Retailer 2065,555-1666165,"422 St, City 64",52,72.88540515949298,2.0558632259770993,0
2066,Retailer 2066,555-3788363,"964 St, City 65",58,98.97180332170286,6.765297474678778,0
2067,Retailer 2067,555-5476321,"775 St, City 66",56,67.35732525276259,16.76014792758725,0
2068,Retailer 2068,555-4710388,"478 St, City 67",61,121.82097943831977,81.27414713784691,0
2069,Retailer 2069,555-4235192,"926 St, City 68",36,87.70420521755291,5.907362355408034,0
2070,Retailer 2070,555-2935090,"120 St, City 69",52,85.4479047288368,15.313695303320632,0
2071,Retailer 2071,555-4937270,"915 St, City 70",40,82.08806952431075,136.17321102747027,0
2072,Retailer 2072,555-7739013,"743 St, City 71",45,134.1040470316985,27.64268833804223,0
2073,Retailer 2073,555-8089975,"291 St, City 72",56,126.54913187323005,28.60290371999647,0
2074,Retailer 2074,555-9805586,"488 St, City 73",44,101.08719979082225,109.63940496729008,0
2075,Retailer 2075,555-2033316,"161 St, City 74",41,89.96078348176701,21.16255643352971,0
2076,Retailer 2076,555-5819075,"673 St, City 75",44,141.51255613361457,0.07692086545949631,0
2077,Retailer 2077,555-5742297,"78 St, City 76",48,109.9536650623163,0.9440897861738584,0
2078,Retailer 2078,555-4868452,"38 St, City 77",55,94.89513252318623,34.314390691585864,0
2079,Retailer 2079,555-9074037,"394 St, City 78",57,88.77898413360455,7.129113389568944,0
2080,Retailer 2080,555-2312743,"441 St, City 79",58,116.35591932464447,19.530271955905626,0
2081,Retailer 2081,555-8420105,"540 St, City 80",55,95.58862432791331,24.046854408966016,0
2082,Retailer 2082,555-1104195,"462 St, City 81",66,73.22205019379159,33.019941953781625,0
2083,Retailer 2083,555-8008443,"612 St, City 82",46,103.43789321803892,2.623871164347164,0
2084,Retailer 2084,555-6276728,"294 St, City 83",60,104.77488191199676,42.81895145701756,0
2085,Retailer 2085,555-5101036,"400 St, City 84",57,100.88688617429514,75.83493119564311,0
2086,Retailer 2086,555-3165251,"636 St, City 85",53,110.1036263994703,8.861168460267024,0
2087,Retailer 2087,555-8303693,"917 St, City 86",51,93.5300943154371,14.362666117315621,0
2088,Retailer 2088,555-4214850,"92 St, City 87",53,100.14030050027836,40.856032706693135,0
2089,Retailer 2089,555-8983439,"767 St, City 88",49,99.8004908583948,8.568153431783646,0
2090,Retailer 2090,555-9874883,"609 St, City 89",50,73.22284643338955,23.442606594459296,0
2091,Retailer 2091,555-9687479,"6 St, City 90",45,114.05560513748999,32.35959929707592,0
2092,Retailer 2092,555-9268541,"681 St, City 91",41,111.00419804937914,63.426943207082076,0
2093,Retailer 2093,555-3949281,"895 St, City 92",50,119.78449218038514,12.710357492896248,0
2094,Retailer 2094,555-8356061,"271 St, City 93",41,79.81727835472138,20.356520751740234,0
2095,Retailer 2095,555-2294929,"620 St, City 94",56,91.54693619971295,6.12227283116406,0
2096,Retailer 2096,555-3504594,"899 St, City 95",45,122.1819348135791,11.028197643741825,0
2097,Retailer 2097,555-2243294,"811 St, City 96",66,88.47675377795927,2.992501603568829,0
2098,Retailer 2098,555-4567675,"559 St, City 97",41,135.92919675599217,6.605852507987724,0
2099,Retailer 2099,555-8711634,"99 St, City 98",47,68.8115566534887,12.749133307858743,0
2100,Retailer 2100,555-3414802,"526 St, City 99",42,88.69390465055639,16.563589320976288,0
2101,Retailer 2101,555-1443031,"194 St, City 0",47,90.70273385601371,36.81494095267092,0
2102,Retailer 2102,555-7444345,"157 St, City 1",50,115.27472244887362,18.399536662820648,0
2103,Retailer 2103,555-3790373,"900 St, City 2",48,133.30773103485535,1.5087867621775226,0
2104,Retailer 2104,555-4916643,"666 St, City 3",44,106.0781478960009,42.286322027912334,0
2105,Retailer 2105,555-8061183,"115 St, City 4",60,47.58377789329508,22.829731855005026,0
2106,Retailer 2106,555-4287058,"396 St, City 5",47,98.37965729551259,84.10799957350902,0
2107,Retailer 2107,555-6510493,"770 St, City 6",54,102.46265338422735,30.255475582274805,0
2108,Retailer 2108,555-1290998,"657 St, City 7",47,107.86228811856843,22.902699366672927,0
2109,Retailer 2109,555-5855920,"803 St, City 8",59,98.42862384548049,10.462430373698643,0
2110,Retailer 2110,555-2828022,"522 St, City 9",55,126.12749460216854,8.093708428404689,0
2111,Retailer 2111,555-7367712,"880 St, City 10",54,82.23444659798179,7.8422591005543625,0
2112,Retailer 2112,555-2409854,"214 St, City 11",50,79.38479619449609,15.683040846009803,0
2113,Retailer 2113,555-8997043,"745 St, City 12",54,87.75265284912591,5.639497625019873,0
2114,Retailer 2114,555-1181360,"683 St, City 13",45,152.03740277290484,55.777352468126665,0
2115,Retailer 2115,555-3444026,"533 St, City 14",47,96.40290017364501,49.07305616841987,0
2116,Retailer 2116,555-3515419,"15 St, City 15",49,122.9761267874822,39.15223248583731,0
2117,Retailer 2117,555-6532410,"419 St, City 16",57,122.59991927168106,1.4993753417997164,0
2118,Retailer 2118,555-5138286,"368 St, City 17",46,65.6224839316361,2.2386635608816388,0
2119,Retailer 2119,555-9333100,"638 St, City 18",41,98.86924948451569,30.353113565164648,0
2120,Retailer 2120,555-7893728,"853 St, City 19",42,122.40436995915213,41.46527886909088,0
2121,Retailer 2121,555-4584197,"853 St, City 20",41,157.23432725287736,0.8123789353866886,0
2122,Retailer 2122,555-1311955,"213 St, City 21",57,121.56715991703523,10.295852763152608,0
2123,Retailer 2123,555-3127599,"700 St, City 22",51,93.1513904164626,4.395309872492096,0
2124,Retailer 2124,555-5933594,"684 St, City 23",51,129.20477358274695,7.890814909751429,0
2125,Retailer 2125,555-5835451,"992 St, City 24",47,91.3763796908963,21.91780905926472,0
2126,Retailer 2126,555-5382794,"759 St, City 25",42,77.37042628378447,3.4705658095211365,0
2127,Retailer 2127,555-8323494,"5 St, City 26",47,113.99660744152528,7.8344811976249975,0
2128,Retailer 2128,555-7699144,"231 St, City 27",63,70.95732755475589,24.965960506037213,0
2129,Retailer 2129,555-5698713,"201 St, City 28",49,88.09079067755883,21.284948472330335,0
2130,Retailer 2130,555-8867791,"885 St, City 29",54,129.7348063672042,58.47156557760532,0
2131,Retailer 2131,555-4790328,"402 St, City 30",40,114.246692469137,4.896035688196043,0
2132,Retailer 2132,555-6289730,"149 St, City 31",193,2.405366045134686,13.855575513235614,1
2133,Retailer 2133,555-5437610,"584 St, City 32",44,102.80708914218019,77.45298475684977,0
2134,Retailer 2134,555-4239536,"492 St, City 33",53,98.09811156272904,47.65940483336713,0
2135,Retailer 2135,555-3326133,"226 St, City 34",48,118.14676126257538,27.29117365413632,0
2136,Retailer 2136,555-8948140,"586 St, City 35",44,107.59988212210409,43.95915697108388,0
2137,Retailer 2137,555-6720626,"819 St, City 36",43,103.09538664028932,17.846918758384234,0
2138,Retailer 2138,555-7221714,"169 St, City 37",52,99.26905661082952,72.46830609872852,0
2139,Retailer 2139,555-7374825,"761 St, City 38",56,78.00344756673131,27.462965951338102,0
2140,Retailer 2140,555-6005858,"792 St, City 39",68,127.60306746897325,35.685904302170826,0
2141,Retailer 2141,555-8028722,"152 St, City 40",53,108.3766748332898,31.66538410232597,0
2142,Retailer 2142,555-9221252,"224 St, City 41",39,93.43039460529614,33.51225853949122,0
2143,Retailer 2143,555-9975708,"504 St, City 42",42,94.88327294211439,30.738255217790414,0
2144,Retailer 2144,555-4415871,"737 St, City 43",40,97.95726858901521,2.29879931666506,0
2145,Retailer 2145,555-2877971,"550 St, City 44",51,83.55432190715021,27.778807659685206,0
2146,Retailer 2146,555-8997488,"44 St, City 45",40,88.64413315855225,45.891008879902024,0
2147,Retailer 2147,555-7814612,"697 St, City 46",35,119.66353612531348,0.011877742449642879,0
2148,Retailer 2148,555-5963401,"504 St, City 47",44,68.70449980142492,66.67879481697138,0
2149,Retailer 2149,555-3866757,"955 St, City 48",55,137.16888127268768,91.24305749210208,0
2150,Retailer 2150,555-6913318,"241 St, City 49",55,100.07613347794641,4.115524165955679,0
2151,Retailer 2151,555-7741286,"930 St, City 50",53,84.17042711229307,22.974904396705067,0
2152,Retailer 2152,555-2577969,"843 St, City 51",49,93.08147152656386,3.5161276282585043,0
2153,Retailer 2153,555-4651387,"351 St, City 52",48,108.41978881202145,9.980711907402089,0
2154,Retailer 2154,555-2711672,"722 St, City 53",60,90.37793656274684,29.145585566428796,0
2155,Retailer 2155,555-6905950,"23 St, City 54",50,113.18958303185276,10.822752020970373,0
2156,Retailer 2156,555-4212883,"636 St, City 55",41,78.75447908986251,13.649911144397027,0
2157,Retailer 2157,555-4028631,"598 St, City 56",59,84.04971302695319,41.128566157910484,0
2158,Retailer 2158,555-8232212,"43 St, City 57",55,104.88729841482021,25.668794488539707,0
2159,Retailer 2159,555-7423959,"466 St, City 58",54,87.59913395387363,21.89712230692688,0
2160,Retailer 2160,555-7984297,"40 St, City 59",45,139.18370740096242,11.754567149734637,0
2161,Retailer 2161,555-5024733,"303 St, City 60",39,116.5874472886538,36.53718564282026,0
2162,Retailer 2162,555-5859221,"681 St, City 61",59,110.24308603484253,16.547689961050317,0
2163,Retailer 2163,555-4801250,"175 St, City 62",38,102.22849096672816,68.72377949914197,0
2164,Retailer 2164,555-1019675,"999 St, City 63",60,93.0643291773328,27.608865869193025,0
2165,Retailer 2165,555-9462605,"532 St, City 64",43,94.87962310533051,23.186017246275718,0
2166,Retailer 2166,555-1486799,"461 St, City 65",46,83.30010811704744,48.75703460163157,0
2167,Retailer 2167,555-7810805,"621 St, City 66",55,104.24010331592969,19.93336211645185,0
2168,Retailer 2168,555-3238057,"193 St, City 67",61,75.08242831900424,9.825483737683992,0
2169,Retailer 2169,555-5464344,"244 St, City 68",51,129.1669340592074,5.056003901523674,0
2170,Retailer 2170,555-1566088,"836 St, City 69",58,101.22043247596685,24.753659712595805,0
2171,Retailer 2171,555-7558947,"280 St, City 70",42,127.39526922531495,16.594076384914935,0
2172,Retailer 2172,555-1658003,"740 St, City 71",49,117.86493689988865,15.193854960206446,0
2173,Retailer 2173,555-1805113,"36 St, City 72",64,98.61395185468623,12.896139479443011,0
2174,Retailer 2174,555-6028035,"557 St, City 73",50,108.91912651735146,33.40680300875327,0
2175,Retailer 2175,555-5034464,"898 St, City 74",49,91.4768656656498,21.95641803557091,0
2176,Retailer 2176,555-3092101,"540 St, City 75",39,98.0749000942341,23.116314495013597,0
2177,Retailer 2177,555-6995134,"154 St, City 76",51,84.47800455431523,11.050490648122734,0
2178,Retailer 2178,555-9503967,"23 St, City 77",46,133.3126170632559,28.530423508595018,0
2179,Retailer 2179,555-7208714,"719 St, City 78",50,103.7615558912907,15.50108957412901,0
2180,Retailer 2180,555-7762126,"932 St, City 79",48,116.92559281922374,44.02252173398832,0
2181,Retailer 2181,555-7342057,"91 St, City 80",42,91.24262662586584,22.62072789103556,0
2182,Retailer 2182,555-4541483,"390 St, City 81",57,131.55554050966128,10.251584413691997,0
2183,Retailer 2183,555-2512760,"931 St, City 82",50,85.50777699677414,4.79554530032731,0
2184,Retailer 2184,555-4557689,"359 St, City 83",49,97.70111969755828,36.11278468838928,0
2185,Retailer 2185,555-2863236,"550 St, City 84",62,90.57918372747625,13.913762490521764,0
2186,Retailer 2186,555-8863426,"931 St, City 85",55,105.49841574704381,2.032668618164385,0
2187,Retailer 2187,555-1450930,"228 St, City 86",48,86.18239372555723,73.92444100260808,0
2188,Retailer 2188,555-8402324,"202 St, City 87",47,111.81186561437238,14.664353046070802,0
2189,Retailer 2189,555-8946232,"350 St, City 88",46,105.26308690039262,41.1059294326306,0
2190,Retailer 2190,555-4498408,"821 St, City 89",47,96.81823234366115,18.425377304687586,0
2191,Retailer 2191,555-6403252,"766 St, City 90",61,78.6898885368575,66.47188636808998,0
2192,Retailer 2192,555-1091006,"38 St, City 91",57,98.38323107229331,0.8850965460871285,0
2193,Retailer 2193,555-5151785,"733 St, City 92",54,97.8931744747976,9.009114620981189,0
2194,Retailer 2194,555-1688725,"500 St, City 93",52,117.9282081574095,23.67494164113274,0
2195,Retailer 2195,555-1206487,"699 St, City 94",45,94.21163209665598,11.71267510916596,0
2196,Retailer 2196,555-7389308,"43 St, City 95",54,80.4125019592874,40.72404222913471,0
2197,Retailer 2197,555-4637820,"871 St, City 96",57,64.58283078731172,34.982795959830796,0
2198,Retailer 2198,555-4284321,"626 St, City 97",47,122.98297187638775,0.7756709657163849,0
2199,Retailer 2199,555-8018523,"772 St, City 98",50,96.43017329686391,27.527221674105093,0
2200,Retailer 2200,555-1678841,"517 St, City 99",52,106.57692526244547,54.215890688877714,0
2201,Retailer 2201,555-6420712,"68 St, City 0",51,89.68968631166473,11.377346809120366,0
2202,Retailer 2202,555-4452501,"740 St, City 1",46,88.02237703310954,4.502332663787446,0
2203,Retailer 2203,555-9433840,"123 St, City 2",53,98.08502079495103,40.216360116961305,0
2204,Retailer 2204,555-3445840,"685 St, City 3",45,83.29044863960344,69.20606608221549,0
2205,Retailer 2205,555-6451973,"336 St, City 4",46,92.64781168625434,32.0923690304546,0
2206,Retailer 2206,555-2379904,"153 St, City 5",40,114.28941049251308,56.13258557755989,0
2207,Retailer 2207,555-8353172,"974 St, City 6",58,114.03650570747693,198.5648148078597,0
2208,Retailer 2208,555-2437188,"779 St, City 7",50,89.9459111312882,20.75760325677222,0
2209,Retailer 2209,555-2656321,"669 St, City 8",58,95.41393383612612,82.1345872846029,0
2210,Retailer 2210,555-1538645,"162 St, City 9",65,61.497332441601216,12.664402663130694,0
2211,Retailer 2211,555-6354552,"214 St, City 10",53,66.59467937413476,41.07113700689743,0
2212,Retailer 2212,555-5525121,"910 St, City 11",41,89.71101470852031,69.5206517180083,0
2213,Retailer 2213,555-6832801,"376 St, City 12",46,100.87515296004351,22.073829162726025,0
2214,Retailer 2214,555-7911855,"920 St, City 13",51,74.58395885682262,29.542494280127563,0
2215,Retailer 2215,555-7550091,"443 St, City 14",43,114.07662047516342,105.69468420951436,0
2216,Retailer 2216,555-8790574,"423 St, City 15",58,117.02458408342545,8.67769826303575,0
2217,Retailer 2217,555-4366823,"538 St, City 16",52,83.13841376940721,13.200666430477167,0
2218,Retailer 2218,555-8370683,"939 St, City 17",212,1.6296197433572477,44.38871835987344,1
2219,Retailer 2219,555-3167354,"804 St, City 18",48,108.22931816298544,12.509601672028518,0
2220,Retailer 2220,555-7439522,"935 St, City 19",50,133.38189608433282,20.84097642746715,0
2221,Retailer 2221,555-6047999,"701 St, City 20",49,91.64905088299454,1.5532563758003157,0
2222,Retailer 2222,555-5385010,"912 St, City 21",46,118.72878445353784,25.00567813089637,0
2223,Retailer 2223,555-5818750,"634 St, City 22",59,99.47048950524305,29.568003463104738,0
2224,Retailer 2224,555-5991536,"230 St, City 23",69,101.22306316580672,2.586498057688101,0
2225,Retailer 2225,555-4471750,"59 St, City 24",44,96.24334787576194,8.387535157710051,0
2226,Retailer 2226,555-5475156,"96 St, City 25",57,118.72705615389937,17.031762153119384,0
2227,Retailer 2227,555-3765331,"262 St, City 26",42,139.63426359741172,45.593546871518505,0
2228,Retailer 2228,555-9070297,"354 St, City 27",51,117.09849834718455,0.6568482479339284,0
2229,Retailer 2229,555-9976766,"312 St, City 28",48,76.40836432753349,12.074813400643047,0
2230,Retailer 2230,555-3630723,"136 St, City 29",52,94.91554801097128,0.14713797309935817,0
2231,Retailer 2231,555-1865139,"862 St, City 30",42,61.05777943817648,22.09933185643483,0
2232,Retailer 2232,555-8543159,"795 St, City 31",38,141.10594507183828,20.721047772332845,0
2233,Retailer 2233,555-6384935,"967 St, City 32",58,107.04068960372695,42.240468703403224,0
2234,Retailer 2234,555-3901717,"923 St, City 33",40,83.95094499358831,0.1178186571733674,0
2235,Retailer 2235,555-7285939,"473 St, City 34",58,105.24751034077595,42.65312241862296,0
2236,Retailer 2236,555-7816525,"632 St, City 35",46,137.7077002173403,66.55478234525243,0
2237,Retailer 2237,555-3211738,"430 St, City 36",52,83.27655394686766,11.456271489144228,0
2238,Retailer 2238,555-6692796,"937 St, City 37",50,88.59487687769071,12.180022660571467,0
2239,Retailer 2239,555-9678376,"975 St, City 38",47,76.52972475625404,0.03209200798993952,0
2240,Retailer 2240,555-7822567,"537 St, City 39",48,111.34307228912867,16.816913156511145,0
2241,Retailer 2241,555-3639929,"854 St, City 40",54,97.20933383810312,28.48100769064025,0
2242,Retailer 2242,555-4133211,"146 St, City 41",47,56.835086336149004,3.9270124264937953,0
2243,Retailer 2243,555-8440449,"524 St, City 42",45,106.74968018309727,32.11517124951165,0
2244,Retailer 2244,555-2726199,"87 St, City 43",61,118.99090123820163,13.659015728402691,0
2245,Retailer 2245,555-6071915,"947 St, City 44",48,89.34608642029919,33.53365963339576,0
2246,Retailer 2246,555-1443945,"109 St, City 45",42,99.09182372245427,8.674385486439316,0
2247,Retailer 2247,555-8382003,"423 St, City 46",44,95.96252996680236,44.70253456799007,0
2248,Retailer 2248,555-7310114,"345 St, City 47",52,113.74896702079309,23.87885232959298,0
2249,Retailer 2249,555-1021253,"266 St, City 48",51,66.87629816049785,22.85530618024784,0
2250,Retailer 2250,555-4603110,"734 St, City 49",54,86.86482782392702,20.092218825013838,0
2251,Retailer 2251,555-3276787,"586 St, City 50",51,93.8778352311405,55.35003376656967,0
2252,Retailer 2252,555-8690840,"994 St, City 51",61,115.4138172587021,24.24022706401033,0
2253,Retailer 2253,555-7501553,"494 St, City 52",195,8.626405771207873,5.216292396489528,1
2254,Retailer 2254,555-2274634,"333 St, City 53",42,73.81685912989849,29.489434269420684,0
2255,Retailer 2255,555-3755063,"822 St, City 54",52,88.48397515406336,21.65174813016107,0
2256,Retailer 2256,555-2228807,"413 St, City 55",55,125.19538372019535,2.142715265841562,0
2257,Retailer 2257,555-9511383,"614 St, City 56",53,73.53745332590992,26.102329138519064,0
2258,Retailer 2258,555-6163515,"937 St, City 57",44,120.5517243270819,2.481391037799606,0
2259,Retailer 2259,555-8601748,"649 St, City 58",55,118.71635270602002,38.71118814023916,0
2260,Retailer 2260,555-5463158,"191 St, City 59",44,124.37799001131644,31.907267839892768,0
2261,Retailer 2261,555-9803208,"973 St, City 60",47,121.99784326518505,20.39250534017323,0
2262,Retailer 2262,555-7181422,"933 St, City 61",51,127.25159368236577,41.44330005401567,0
2263,Retailer 2263,555-3269070,"142 St, City 62",54,64.09508047355953,9.886079600783361,0
2264,Retailer 2264,555-5413359,"869 St, City 63",44,126.17862437857303,17.74080379926527,0
2265,Retailer 2265,555-8640167,"73 St, City 64",44,109.90175707620291,0.4621930355681104,0
2266,Retailer 2266,555-3831569,"840 St, City 65",53,88.55898267451647,133.42785802362252,0
2267,Retailer 2267,555-8322153,"167 St, City 66",49,76.38941271378715,1.7369658645719783,0
2268,Retailer 2268,555-3519507,"168 St, City 67",54,100.60570266773469,3.3096933682599685,0
2269,Retailer 2269,555-2256715,"566 St, City 68",43,147.6222297241688,20.489109736199502,0
2270,Retailer 2270,555-9468865,"259 St, City 69",44,110.430934740166,14.143497358486083,0
2271,Retailer 2271,555-2526534,"439 St, City 70",55,90.28641054542094,22.800968813575317,0
2272,Retailer 2272,555-1824143,"111 St, City 71",65,147.374480249006,54.05637034401077,0
2273,Retailer 2273,555-8346562,"744 St, City 72",34,112.90940412706723,5.1813798589751325,0
2274,Retailer 2274,555-4802986,"673 St, City 73",48,113.55175285885727,30.610531486985135,0
2275,Retailer 2275,555-1371616,"864 St, City 74",57,105.80039534655646,0.5460003859739352,0
2276,Retailer 2276,555-2960155,"839 St, City 75",49,110.28881567984018,46.825803739274306,0
2277,Retailer 2277,555-3710527,"531 St, City 76",44,50.67823693861094,50.72424226766245,0
2278,Retailer 2278,555-2768967,"290 St, City 77",52,103.06464490201363,14.310982534965904,0
2279,Retailer 2279,555-9370043,"974 St, City 78",66,115.91927602057822,5.710608804575239,0
2280,Retailer 2280,555-1279215,"562 St, City 79",56,131.60782978031165,49.989943658680765,0
2281,Retailer 2281,555-3843236,"510 St, City 80",35,145.8875891899669,71.97586527853103,0
2282,Retailer 2282,555-8379933,"175 St, City 81",43,122.09253431872787,2.348795160144398,0
2283,Retailer 2283,555-9661957,"302 St, City 82",46,104.24886769520273,26.01121833120118,0
2284,Retailer 2284,555-7153973,"696 St, City 83",52,101.40824720175237,83.49340021938369,0
2285,Retailer 2285,555-7035218,"185 St, City 84",40,86.03796317820547,30.9624860851806,0
2286,Retailer 2286,555-2960584,"339 St, City 85",48,110.92385432847013,51.49736735343896,0
2287,Retailer 2287,555-7223754,"510 St, City 86",62,139.60420448086387,7.834006611235141,0
2288,Retailer 2288,555-6585709,"819 St, City 87",54,92.61622676249962,3.238762422129191,0
2289,Retailer 2289,555-1578688,"310 St, City 88",38,103.71626138215098,14.15718419474697,0
2290,Retailer 2290,555-5226156,"507 St, City 89",48,85.83673534051208,15.081267491568436,0
2291,Retailer 2291,555-6755892,"346 St, City 90",58,120.76464093016065,46.28194627793587,0
2292,Retailer 2292,555-8983372,"81 St, City 91",42,124.96045121224721,15.641155273170757,0
2293,Retailer 2293,555-9127747,"374 St, City 92",50,86.1472269786754,8.099282755759546,0
2294,Retailer 2294,555-5227995,"156 St, City 93",55,111.68621511944224,65.23644772307652,0
2295,Retailer 2295,555-8337694,"787 St, City 94",42,47.33267538275661,45.787987914670005,0
2296,Retailer 2296,555-9921334,"795 St, City 95",63,94.56354876055529,33.01557043218424,0
2297,Retailer 2297,555-4952255,"432 St, City 96",58,125.69806643475442,6.962223513825623,0
2298,Retailer 2298,555-4817242,"500 St, City 97",45,90.63312868187896,6.8753024636502404,0
2299,Retailer 2299,555-5990488,"761 St, City 98",43,73.99178559023585,20.2801614849641,0
2300,Retailer 2300,555-1239968,"147 St, City 99",50,113.80716169777725,22.709511365477965,0
2301,Retailer 2301,555-9677571,"481 St, City 0",52,97.80705944191335,8.875270906652391,0
2302,Retailer 2302,555-3592536,"435 St, City 1",41,103.93187182347758,3.9501217711719097,0
2303,Retailer 2303,555-6504381,"519 St, City 2",48,106.76219791959298,13.539164343806274,0
2304,Retailer 2304,555-1519165,"669 St, City 3",43,118.19472577831021,16.815354681552602,0
2305,Retailer 2305,555-5414084,"683 St, City 4",39,121.63668520461563,1.6191731079844902,0
2306,Retailer 2306,555-4440866,"69 St, City 5",38,107.7444200362384,24.947449108729927,0
2307,Retailer 2307,555-4878363,"606 St, City 6",39,123.55798702580046,0.06038072663374277,0
2308,Retailer 2308,555-2027557,"881 St, City 7",49,99.62068479732427,4.916994849353732,0
2309,Retailer 2309,555-8435697,"875 St, City 8",42,106.39612374108555,4.768451017158515,0
2310,Retailer 2310,555-6898885,"888 St, City 9",48,100.6628884183142,34.89976582380898,0
2311,Retailer 2311,555-8601723,"186 St, City 10",62,76.54096575768556,19.959642126127584,0
2312,Retailer 2312,555-8946155,"904 St, City 11",52,129.7905490076967,54.24330818607917,0
2313,Retailer 2313,555-6688238,"682 St, City 12",48,101.20206468178228,9.230366239934034,0
2314,Retailer 2314,555-7703560,"204 St, City 13",62,131.98655561117508,7.0934898048311545,0
2315,Retailer 2315,555-2785559,"554 St, City 14",60,109.3005554342639,48.72057471225231,0
2316,Retailer 2316,555-9697057,"13 St, City 15",45,108.5352956866999,17.62062337128492,0
2317,Retailer 2317,555-1533634,"666 St, City 16",61,119.01025844890617,9.615689751683071,0
2318,Retailer 2318,555-4932747,"274 St, City 17",39,105.97157199320723,16.251939504041342,0
2319,Retailer 2319,555-9578845,"298 St, City 18",51,87.72614017846163,16.615831398165643,0
2320,Retailer 2320,555-9102873,"51 St, City 19",43,97.32204788323712,25.466509569781003,0
2321,Retailer 2321,555-5623636,"500 St, City 20",47,123.520094628165,1.151821149408265,0
2322,Retailer 2322,555-8556855,"369 St, City 21",44,114.46577556953062,8.548535674596248,0
2323,Retailer 2323,555-6334233,"724 St, City 22",41,83.04931827952618,18.87105474641379,0
2324,Retailer 2324,555-2406368,"656 St, City 23",54,106.14951706995869,23.44578548192992,0
2325,Retailer 2325,555-7841300,"357 St, City 24",52,80.50304281092241,5.186191848411893,0
2326,Retailer 2326,555-6785267,"3 St, City 25",52,101.99027568312998,6.456095842738825,0
2327,Retailer 2327,555-2224744,"254 St, City 26",42,120.40035386430935,39.01483293959815,0
2328,Retailer 2328,555-6970226,"475 St, City 27",38,88.0288780324533,46.19136186640122,0
2329,Retailer 2329,555-5862894,"847 St, City 28",51,98.10128424974702,2.3434680703352466,0
2330,Retailer 2330,555-3131018,"506 St, City 29",41,81.33594436045274,138.3962762864341,0
2331,Retailer 2331,555-9210710,"256 St, City 30",47,112.21817430311944,17.02843295272161,0
2332,Retailer 2332,555-4489429,"610 St, City 31",59,102.93209153066094,26.438636663028145,0
2333,Retailer 2333,555-7888260,"685 St, City 32",42,87.20052672508054,27.01627648511216,0
2334,Retailer 2334,555-7478443,"150 St, City 33",37,108.41815482506794,12.74043604474311,0
2335,Retailer 2335,555-1294746,"488 St, City 34",42,99.52784592739282,23.609933069468806,0
2336,Retailer 2336,555-6710754,"279 St, City 35",55,110.04330749274443,26.26901224587156,0
2337,Retailer 2337,555-6432019,"59 St, City 36",56,81.52595291119691,42.90899424365364,0
2338,Retailer 2338,555-5352892,"446 St, City 37",48,93.51758754101468,32.522863805019796,0
2339,Retailer 2339,555-2702159,"113 St, City 38",54,102.74029610711848,17.754407271948867,0
2340,Retailer 2340,555-4757985,"836 St, City 39",43,113.77944268215691,6.37095337803846,0
2341,Retailer 2341,555-4802177,"755 St, City 40",35,80.48472834083483,0.7644583534344344,0
2342,Retailer 2342,555-9512558,"822 St, City 41",50,102.29290468862732,31.653991820123114,0
2343,Retailer 2343,555-2153224,"569 St, City 42",58,119.84359418460554,19.485673915083293,0
2344,Retailer 2344,555-3650235,"489 St, City 43",39,101.23583827706963,101.02541468030493,0
2345,Retailer 2345,555-5740039,"407 St, City 44",56,93.65494911357378,3.104763394171702,0
2346,Retailer 2346,555-9299350,"367 St, City 45",53,89.23869658809033,2.2618596762425796,0
2347,Retailer 2347,555-3303554,"60 St, City 46",44,89.57282509070595,6.000338242896485,0
2348,Retailer 2348,555-5020120,"329 St, City 47",48,104.48873837791376,14.188264364371463,0
2349,Retailer 2349,555-3946862,"728 St, City 48",43,60.29120803455704,5.777509202947999,0
2350,Retailer 2350,555-3676517,"469 St, City 49",60,89.0546251522914,18.700020279672934,0
2351,Retailer 2351,555-5307086,"745 St, City 50",43,108.35510832343317,12.452190150222428,0
2352,Retailer 2352,555-8331006,"567 St, City 51",65,114.9102692974413,227.60891514619095,0
2353,Retailer 2353,555-9329442,"885 St, City 52",47,81.28347637224935,102.06878001823253,0
2354,Retailer 2354,555-7169912,"720 St, City 53",50,87.44045967297781,13.615211523313514,0
2355,Retailer 2355,555-9831924,"63 St, City 54",41,101.48771122730456,47.12086386899756,0
2356,Retailer 2356,555-4517741,"184 St, City 55",53,112.42362171729931,8.298215332475795,0
2357,Retailer 2357,555-7168563,"311 St, City 56",46,92.59812320288717,1.784432437828958,0
2358,Retailer 2358,555-4456653,"793 St, City 57",40,97.47781016148718,1.239915172624137,0
2359,Retailer 2359,555-6429219,"538 St, City 58",55,106.77708482809132,0.8883360910426666,0
2360,Retailer 2360,555-1475595,"177 St, City 59",52,76.92652026916969,39.94681589327616,0
2361,Retailer 2361,555-2888806,"575 St, City 60",36,132.50004361132565,12.56666447094691,0
2362,Retailer 2362,555-3148091,"429 St, City 61",50,101.65390426115535,52.0900107791892,0
2363,Retailer 2363,555-4961676,"73 St, City 62",46,92.99477178292994,62.10468820353618,0
2364,Retailer 2364,555-2760462,"847 St, City 63",60,122.81166168684604,10.937122037441439,0
2365,Retailer 2365,555-5058848,"167 St, City 64",53,102.54584222721259,10.238545444187421,0
2366,Retailer 2366,555-1809178,"225 St, City 65",57,96.51504027699497,11.04196072435367,0
2367,Retailer 2367,555-8932310,"577 St, City 66",60,107.43913480122934,19.356361370243214,0
2368,Retailer 2368,555-5777402,"581 St, City 67",43,100.8332359512882,0.4821971861947777,0
2369,Retailer 2369,555-7934106,"952 St, City 68",37,87.68889710533446,0.3270567962056039,0
2370,Retailer 2370,555-8486327,"9 St, City 69",47,121.34471657016735,39.89469879535359,0
2371,Retailer 2371,555-3562605,"236 St, City 70",51,70.04668551264987,49.54037291028554,0
2372,Retailer 2372,555-1721037,"710 St, City 71",51,91.89953544011219,6.849477627797933,0
2373,Retailer 2373,555-6507683,"924 St, City 72",60,137.08690063487677,27.032981084856598,0
2374,Retailer 2374,555-7417954,"685 St, City 73",46,102.11169605784913,7.300686171354847,0
2375,Retailer 2375,555-2021469,"794 St, City 74",30,68.28991964857687,39.75184788230164,0
2376,Retailer 2376,555-7756350,"28 St, City 75",44,122.588056149523,16.368579654729075,0
2377,Retailer 2377,555-6779277,"808 St, City 76",45,94.31743546042917,51.90663813025666,0
2378,Retailer 2378,555-3892371,"911 St, City 77",46,78.80637682846148,89.00822612141754,0
2379,Retailer 2379,555-7970199,"646 St, City 78",43,121.07077918932464,24.320914290211118,0
2380,Retailer 2380,555-1463001,"27 St, City 79",45,121.94510041659505,69.27847951456884,0
2381,Retailer 2381,555-7011493,"550 St, City 80",51,128.54289478928624,1.0312601499710394,0
2382,Retailer 2382,555-3822136,"196 St, City 81",65,80.62230843639468,18.63547326849103,0
2383,Retailer 2383,555-1515693,"203 St, City 82",52,97.20150816099847,21.004892295055328,0
2384,Retailer 2384,555-3636722,"85 St, City 83",53,94.1436873003119,16.126002654669417,0
2385,Retailer 2385,555-8818114,"832 St, City 84",53,81.3434886873892,11.343186208802743,0
2386,Retailer 2386,555-1239017,"30 St, City 85",52,111.4417965616436,38.5080319730002,0
2387,Retailer 2387,555-1414994,"466 St, City 86",60,121.86578362898757,24.13458055858493,0
2388,Retailer 2388,555-1941768,"99 St, City 87",51,90.87965837811852,2.5803472317949043,0
2389,Retailer 2389,555-6712044,"899 St, City 88",40,103.10772548069353,90.3025445528116,0
2390,Retailer 2390,555-9043846,"190 St, City 89",49,102.8847127535179,65.54867387835777,0
2391,Retailer 2391,555-2076941,"12 St, City 90",50,121.6784469085515,13.083993737200057,0
2392,Retailer 2392,555-1465982,"603 St, City 91",61,100.15361901282175,8.478722282215085,0
2393,Retailer 2393,555-3538568,"30 St, City 92",60,100.65526974503777,29.70393230513129,0
2394,Retailer 2394,555-1273146,"725 St, City 93",51,118.3097648567761,1.3282011305311492,0
2395,Retailer 2395,555-6453174,"38 St, City 94",52,102.47082943490828,20.55498978711765,0
2396,Retailer 2396,555-7124152,"853 St, City 95",43,88.62025941347721,33.499500521273234,0
2397,Retailer 2397,555-2164795,"572 St, City 96",50,78.12574595887753,15.660907990073923,0
2398,Retailer 2398,555-8130030,"294 St, City 97",58,87.62391042771111,107.58053194214338,0
2399,Retailer 2399,555-3677747,"360 St, City 98",58,104.85197548378038,38.06760151480929,0
2400,Retailer 2400,555-3409381,"655 St, City 99",53,74.00628804848786,81.57337443540553,0
2401,Retailer 2401,555-8026492,"914 St, City 0",53,105.46545930454917,71.54354239155849,0
2402,Retailer 2402,555-9309411,"180 St, City 1",48,69.7617898007818,4.236441929706781,0
2403,Retailer 2403,555-7859216,"797 St, City 2",59,80.072113938352,33.135520154012966,0
2404,Retailer 2404,555-3943295,"112 St, City 3",54,113.04320544920567,27.241287719341734,0
2405,Retailer 2405,555-4283616,"742 St, City 4",61,91.10046313197068,1.6917373547376642,0
2406,Retailer 2406,555-1077175,"444 St, City 5",45,104.60319691623847,11.476802875039745,0
2407,Retailer 2407,555-3078808,"21 St, City 6",48,98.89522110453564,22.944356006389228,0
2408,Retailer 2408,555-2357453,"145 St, City 7",51,131.15428768574424,23.832449882869092,0
2409,Retailer 2409,555-4011786,"499 St, City 8",49,102.71872311293822,50.47278436767558,0
2410,Retailer 2410,555-1095028,"146 St, City 9",52,79.54336162107757,26.57557246558795,0
2411,Retailer 2411,555-2558242,"441 St, City 10",35,112.16545890832839,18.84925105604219,0
2412,Retailer 2412,555-5319453,"887 St, City 11",52,78.93707125503445,41.824885185540964,0
2413,Retailer 2413,555-5948008,"421 St, City 12",44,119.84156160975037,25.38125729751431,0
2414,Retailer 2414,555-6445315,"316 St, City 13",51,115.86926091560365,64.56207041142342,0
2415,Retailer 2415,555-9552442,"166 St, City 14",48,105.9249924738201,70.7638117707769,0
2416,Retailer 2416,555-3367555,"652 St, City 15",47,115.10011522842838,27.81962545165817,0
2417,Retailer 2417,555-4012359,"203 St, City 16",46,123.46804656591804,24.92649134463398,0
2418,Retailer 2418,555-3414165,"496 St, City 17",41,99.45468971710118,36.24746896834257,0
2419,Retailer 2419,555-8204776,"756 St, City 18",55,103.41393963280963,38.78549948250213,0
2420,Retailer 2420,555-4208823,"625 St, City 19",44,104.84481690777876,38.96705007998706,0
2421,Retailer 2421,555-8457918,"468 St, City 20",59,85.3432836653713,29.083348943713403,0
2422,Retailer 2422,555-6051646,"713 St, City 21",61,88.47647058286506,43.16726946716119,0
2423,Retailer 2423,555-4625654,"385 St, City 22",51,101.15513584803884,4.668598190834378,0
2424,Retailer 2424,555-1285711,"314 St, City 23",53,99.88049987384602,51.6905876153639,0
2425,Retailer 2425,555-6278172,"771 St, City 24",55,105.08474722053757,11.150716828139348,0
2426,Retailer 2426,555-7912880,"255 St, City 25",60,90.12939547919444,65.06464600839128,0
2427,Retailer 2427,555-1575919,"959 St, City 26",52,70.55338089426704,4.2409022327663415,0
2428,Retailer 2428,555-4331106,"917 St, City 27",46,129.39920150350304,0.10828837110430907,0
2429,Retailer 2429,555-1422381,"23 St, City 28",48,72.13084488753083,0.4739020737388375,0
2430,Retailer 2430,555-1976433,"905 St, City 29",45,116.2723544145796,7.077742967128965,0
2431,Retailer 2431,555-9222462,"758 St, City 30",52,93.91737911278263,3.623519582409761,0
2432,Retailer 2432,555-5900164,"339 St, City 31",40,103.995949216726,24.21722502479439,0
2433,Retailer 2433,555-7336356,"493 St, City 32",62,113.24924762178797,17.84873275698076,0
2434,Retailer 2434,555-6679042,"823 St, City 33",61,90.87291871824624,27.946149001786118,0
2435,Retailer 2435,555-1401067,"511 St, City 34",53,72.64603288974689,6.420202760624236,0
2436,Retailer 2436,555-8094176,"366 St, City 35",58,120.00012981304393,42.05308598473869,0
2437,Retailer 2437,555-1460796,"372 St, City 36",48,113.37318454175471,28.284349794124612,0
2438,Retailer 2438,555-8740616,"915 St, City 37",47,101.44235119398424,7.499810683683112,0
2439,Retailer 2439,555-6994376,"830 St, City 38",47,116.49834630678393,15.27106578899808,0
2440,Retailer 2440,555-6289283,"599 St, City 39",200,15.506846992889365,37.997313142310915,1
2441,Retailer 2441,555-6858338,"219 St, City 40",48,98.90326213062511,34.217799270049284,0
2442,Retailer 2442,555-5989904,"475 St, City 41",45,95.98871660297249,24.789274579005685,0
2443,Retailer 2443,555-1312023,"423 St, City 42",40,57.00207606629743,115.92259259539046,0
2444,Retailer 2444,555-7270016,"356 St, City 43",62,105.35167183140362,4.240776100405605,0
2445,Retailer 2445,555-8320583,"460 St, City 44",44,79.68179844934136,20.099274938718672,0
2446,Retailer 2446,555-8822636,"503 St, City 45",59,108.79457246009461,29.347760159679133,0
2447,Retailer 2447,555-4177902,"27 St, City 46",45,94.17508005865221,153.60988543289676,0
2448,Retailer 2448,555-1755111,"942 St, City 47",50,65.44251482748133,23.465286482439215,0
2449,Retailer 2449,555-3320715,"802 St, City 48",52,98.73940316995062,17.52181254556101,0
2450,Retailer 2450,555-3234805,"801 St, City 49",52,91.01064147259761,76.64385428601426,0
2451,Retailer 2451,555-5304459,"860 St, City 50",53,127.56575948628489,21.179863446023848,0
2452,Retailer 2452,555-2899054,"223 St, City 51",52,59.952084576801845,84.0185800996628,0
2453,Retailer 2453,555-4457550,"864 St, City 52",51,83.40239559018922,41.637982658519356,0
2454,Retailer 2454,555-2550184,"690 St, City 53",44,76.4393195318595,5.513709810609499,0
2455,Retailer 2455,555-5174482,"148 St, City 54",53,115.79609553716352,5.498424418485163,0
2456,Retailer 2456,555-9153113,"424 St, City 55",49,104.24980516276543,11.480614777888409,0
2457,Retailer 2457,555-4273523,"739 St, City 56",59,114.94048105009051,2.101925223096312,0
2458,Retailer 2458,555-9477276,"351 St, City 57",53,77.70592240881872,23.46203059493485,0
2459,Retailer 2459,555-7961383,"186 St, City 58",49,80.73072562718409,58.92822579913398,0
2460,Retailer 2460,555-8960339,"415 St, City 59",48,101.16395235943858,15.326000161597017,0
2461,Retailer 2461,555-3770742,"806 St, City 60",56,134.69793917230837,31.350721510166924,0
2462,Retailer 2462,555-3770374,"982 St, City 61",55,110.87314585063929,119.6708605865239,0
2463,Retailer 2463,555-8296405,"429 St, City 62",39,82.45291400310944,6.460259666663623,0
2464,Retailer 2464,555-7846539,"41 St, City 63",58,104.3582696000702,13.29808401156308,0
2465,Retailer 2465,555-9659522,"905 St, City 64",52,111.91731374025386,0.7592203826578904,0
2466,Retailer 2466,555-5109803,"393 St, City 65",44,72.81026949622151,7.914825696653571,0
2467,Retailer 2467,555-6636289,"703 St, City 66",62,94.89829621795514,45.34477635297014,0
2468,Retailer 2468,555-9751063,"79 St, City 67",46,96.38721398593917,32.064926031184896,0
2469,Retailer 2469,555-2034586,"717 St, City 68",61,135.9135245282115,45.94769370682715,0
2470,Retailer 2470,555-7040502,"896 St, City 69",49,101.92406111586058,16.6179193418009,0
2471,Retailer 2471,555-6547094,"790 St, City 70",56,133.27458151012172,39.91256853187061,0
2472,Retailer 2472,555-4100581,"784 St, City 71",50,85.03693398894401,27.455521800242437,0
2473,Retailer 2473,555-3661637,"544 St, City 72",41,110.95614610540468,11.94358800754119,0
2474,Retailer 2474,555-4672277,"450 St, City 73",60,72.26311722928557,15.951455869652426,0
2475,Retailer 2475,555-3084504,"474 St, City 74",45,112.31217384721701,23.38275937479004,0
2476,Retailer 2476,555-4021372,"142 St, City 75",52,92.26167492577993,94.00489150380625,0
2477,Retailer 2477,555-5854042,"251 St, City 76",50,93.50407533695079,80.36731209497718,0
2478,Retailer 2478,555-3471378,"294 St, City 77",49,114.25603747480879,129.10182489028108,0
2479,Retailer 2479,555-4830121,"610 St, City 78",50,116.26918799156256,0.49643669972741655,0
2480,Retailer 2480,555-6353912,"136 St, City 79",45,106.09947598398145,37.888321228707525,0
2481,Retailer 2481,555-2353324,"484 St, City 80",49,136.1540892569281,67.5155665424668,0
2482,Retailer 2482,555-7753008,"789 St, City 81",55,101.37151839598327,40.329894656515364,0
2483,Retailer 2483,555-7124386,"312 St, City 82",49,106.5425125181259,16.156225599012842,0
2484,Retailer 2484,555-4372455,"814 St, City 83",47,105.29274418496163,38.70681429618063,0
2485,Retailer 2485,555-5268173,"555 St, City 84",48,114.02614407537227,17.616801996805663,0
2486,Retailer 2486,555-7034722,"632 St, City 85",62,100.48277961098007,37.57343256997904,0
2487,Retailer 2487,555-8010131,"732 St, City 86",55,79.54402629779864,45.47170985154499,0
2488,Retailer 2488,555-5396720,"46 St, City 87",52,107.57413935428403,55.582053201198384,0
2489,Retailer 2489,555-5070028,"236 St, City 88",41,69.2868856084602,39.06128830271676,0
2490,Retailer 2490,555-8951036,"48 St, City 89",64,117.1387043947764,5.231274525771374,0
2491,Retailer 2491,555-7869989,"198 St, City 90",38,123.44798275994438,82.59668712827371,0
2492,Retailer 2492,555-2369277,"84 St, City 91",44,90.28898107512674,7.200676254236918,0
2493,Retailer 2493,555-6522567,"543 St, City 92",59,89.61300616556454,13.274861398240873,0
2494,Retailer 2494,555-7722090,"161 St, City 93",52,60.955323183935604,16.816671737806125,0
2495,Retailer 2495,555-1749971,"428 St, City 94",43,98.92253459001694,37.38690660561885,0
2496,Retailer 2496,555-9222502,"71 St, City 95",64,107.66065480682033,36.24309133808216,0
2497,Retailer 2497,555-8749972,"520 St, City 96",41,106.64936800941817,97.88833398743841,0
2498,Retailer 2498,555-5460276,"969 St, City 97",64,105.38379008993715,6.266574261845962,0
2499,Retailer 2499,555-8456688,"898 St, City 98",46,94.71444960890096,17.974929978823965,0
2500,Retailer 2500,555-5075837,"913 St, City 99",47,118.21830831580239,6.834602589736143,0
2501,Retailer 2501,555-3233706,"52 St, City 0",45,80.67561186676224,33.49375433334059,0
2502,Retailer 2502,555-7094645,"45 St, City 1",47,81.17979420371078,7.186987639217583,0
2503,Retailer 2503,555-9874365,"293 St, City 2",51,73.01202088739169,60.72433116968449,0
2504,Retailer 2504,555-3054376,"938 St, City 3",36,86.86687629191752,121.78184232612954,0
2505,Retailer 2505,555-2185111,"812 St, City 4",47,77.10627027889417,11.430794134371297,0
2506,Retailer 2506,555-5961828,"465 St, City 5",32,54.2263949167302,40.338671282427065,0
2507,Retailer 2507,555-8732752,"885 St, City 6",42,85.56099858084227,22.829983412366133,0
2508,Retailer 2508,555-3392919,"550 St, City 7",58,116.23323678332326,13.354841419733194,0
2509,Retailer 2509,555-2500948,"867 St, City 8",52,105.79435917502882,6.367090872138512,0
2510,Retailer 2510,555-7327090,"380 St, City 9",48,112.57913219850516,38.10424299549036,0
2511,Retailer 2511,555-5107834,"743 St, City 10",44,110.55998899242249,5.1857444224395355,0
2512,Retailer 2512,555-3408630,"478 St, City 11",58,93.53743323830803,9.881696878938554,0
2513,Retailer 2513,555-6837196,"262 St, City 12",44,95.42964156087217,75.62653792278991,0
2514,Retailer 2514,555-9095213,"580 St, City 13",50,85.64279285883995,21.300535365972287,0
2515,Retailer 2515,555-3702994,"179 St, City 14",56,104.95486085851616,57.74184911649548,0
2516,Retailer 2516,555-6919626,"357 St, City 15",51,157.17269104016077,43.77163559776495,0
2517,Retailer 2517,555-6557805,"419 St, City 16",47,73.92561672185977,14.159636783277197,0
2518,Retailer 2518,555-5902444,"698 St, City 17",46,119.95563167169227,7.377954328384913,0
2519,Retailer 2519,555-1192512,"953 St, City 18",44,89.33979308894507,3.1578411080372417,0
2520,Retailer 2520,555-4714379,"201 St, City 19",47,129.06961784006432,97.04089105006226,0
2521,Retailer 2521,555-6845447,"902 St, City 20",41,107.35995998020768,11.778004853200123,0
2522,Retailer 2522,555-2549420,"13 St, City 21",49,88.52836502179586,33.544380318407754,0
2523,Retailer 2523,555-4345647,"443 St, City 22",49,95.28285487790565,39.3131556064583,0
2524,Retailer 2524,555-9312934,"726 St, City 23",56,114.33293258969712,6.607546146562902,0
2525,Retailer 2525,555-4900379,"732 St, City 24",48,133.79551049395246,35.50578937396659,0
2526,Retailer 2526,555-4804409,"286 St, City 25",59,116.13134865504854,0.28064143454175483,0
2527,Retailer 2527,555-7722055,"756 St, City 26",59,91.11519466212258,16.249003732420324,0
2528,Retailer 2528,555-2520982,"868 St, City 27",53,109.75317428917198,12.942280583489648,0
2529,Retailer 2529,555-7281646,"258 St, City 28",48,131.9430335643147,81.00859979340106,0
2530,Retailer 2530,555-4998422,"570 St, City 29",50,109.29975646121201,128.11481608950183,0
2531,Retailer 2531,555-7426288,"548 St, City 30",46,97.4141688286471,10.18769123739149,0
2532,Retailer 2532,555-3164563,"840 St, City 31",50,71.72781512700796,28.248514132546287,0
2533,Retailer 2533,555-6181377,"941 St, City 32",43,124.59064429678578,41.02057586319992,0
2534,Retailer 2534,555-6281091,"490 St, City 33",57,97.41749975427977,6.36245874400549,0
2535,Retailer 2535,555-5408285,"498 St, City 34",45,85.83609912766566,34.80925222498459,0
2536,Retailer 2536,555-9012369,"905 St, City 35",60,114.6517290921601,8.940075483796072,0
2537,Retailer 2537,555-5204955,"894 St, City 36",31,115.44034068876871,5.548671071117683,0
2538,Retailer 2538,555-6059667,"705 St, City 37",62,81.53917402364796,57.04912922510443,0
2539,Retailer 2539,555-9090736,"333 St, City 38",56,84.91150144592223,20.943534531129337,0
2540,Retailer 2540,555-3985696,"562 St, City 39",46,111.25939315607363,10.570407601181069,0
2541,Retailer 2541,555-9143179,"975 St, City 40",53,124.17935813242666,15.56050784302689,0
2542,Retailer 2542,555-9826233,"32 St, City 41",49,93.40763279295359,15.99064635581463,0
2543,Retailer 2543,555-4301106,"610 St, City 42",61,95.85897231558522,44.09476539676758,0
2544,Retailer 2544,555-2372070,"43 St, City 43",55,86.18909101502796,65.34686691735614,0
2545,Retailer 2545,555-3593726,"893 St, City 44",52,124.63323614568662,19.368609824121037,0
2546,Retailer 2546,555-7721308,"351 St, City 45",63,113.13421927993465,11.697476886921663,0
2547,Retailer 2547,555-9241353,"334 St, City 46",58,77.70106305281546,38.97760128530685,0
2548,Retailer 2548,555-6670706,"822 St, City 47",230,11.23067964588409,70.71480543030768,1
2549,Retailer 2549,555-5450252,"559 St, City 48",45,169.0110957416129,3.634030746910319,0
2550,Retailer 2550,555-9494630,"270 St, City 49",46,64.00764957127407,47.80868217217366,0
2551,Retailer 2551,555-6655635,"944 St, City 50",49,106.97802860012385,24.437203393961223,0
2552,Retailer 2552,555-5975045,"823 St, City 51",47,69.07128844676745,60.65898604720787,0
2553,Retailer 2553,555-1470529,"413 St, City 52",39,94.0692142206461,21.652878144299507,0
2554,Retailer 2554,555-1161445,"943 St, City 53",58,70.66018420463611,59.54048054553638,0
2555,Retailer 2555,555-4834242,"575 St, City 54",41,129.4058684609444,24.255664248397085,0
2556,Retailer 2556,555-7494503,"19 St, City 55",49,92.63936653749325,4.69548343101811,0
2557,Retailer 2557,555-1684029,"347 St, City 56",39,120.21704881727342,0.14874125189946724,0
2558,Retailer 2558,555-6337355,"905 St, City 57",73,103.44518559533523,29.028605362437613,0
2559,Retailer 2559,555-9898978,"613 St, City 58",48,134.0831185255205,26.902838492808606,0
2560,Retailer 2560,555-7981440,"37 St, City 59",60,75.79515761844966,7.08017214460662,0
2561,Retailer 2561,555-4999694,"619 St, City 60",49,56.13137354628965,57.04018565049371,0
2562,Retailer 2562,555-4308505,"92 St, City 61",59,88.42790297209577,60.69416306388191,0
2563,Retailer 2563,555-9201428,"820 St, City 62",59,92.52534322301473,48.9165590487738,0
2564,Retailer 2564,555-1208944,"185 St, City 63",52,68.14341476153632,82.74244828046298,0
2565,Retailer 2565,555-6186686,"728 St, City 64",58,108.58529044041506,21.196900280536852,0
2566,Retailer 2566,555-8576472,"28 St, City 65",53,107.63571090646467,36.35072303382852,0
2567,Retailer 2567,555-2361303,"548 St, City 66",51,126.66626823802986,70.4484559258995,0
2568,Retailer 2568,555-5201765,"372 St, City 67",41,120.69647017895076,18.27786408598724,0
2569,Retailer 2569,555-8964443,"832 St, City 68",47,90.01863853013126,28.903649560303467,0
2570,Retailer 2570,555-3894100,"530 St, City 69",42,76.85571047667995,21.571801400523672,0
2571,Retailer 2571,555-5666805,"345 St, City 70",48,65.71284476063954,122.68462896762814,0
2572,Retailer 2572,555-2197162,"419 St, City 71",53,96.05228254929895,17.267820916615843,0
2573,Retailer 2573,555-2046161,"196 St, City 72",60,95.70396134386183,11.439211182147735,0
2574,Retailer 2574,555-7674851,"78 St, City 73",51,107.7040274868731,29.797689366429932,0
2575,Retailer 2575,555-5688482,"167 St, City 74",57,67.3807152000049,9.884123906840403,0
2576,Retailer 2576,555-9348022,"90 St, City 75",54,102.8077222821501,58.4664893338458,0
2577,Retailer 2577,555-7983604,"264 St, City 76",44,110.5519448616429,66.83466285876186,0
2578,Retailer 2578,555-2897501,"472 St, City 77",43,87.03545510278313,12.69682599602451,0
2579,Retailer 2579,555-5754619,"208 St, City 78",55,111.2759446746393,13.312292823520583,0
2580,Retailer 2580,555-7465377,"724 St, City 79",41,95.18824819939329,2.718305351859741,0
2581,Retailer 2581,555-7129439,"271 St, City 80",46,123.69971872291748,8.866958596224194,0
2582,Retailer 2582,555-4885250,"263 St, City 81",49,128.67597742810744,2.1094436560233434,0
2583,Retailer 2583,555-9991899,"506 St, City 82",52,100.54963035124237,42.469519892362925,0
2584,Retailer 2584,555-5902059,"785 St, City 83",51,117.19222778891101,5.96519996656923,0
2585,Retailer 2585,555-7607912,"512 St, City 84",52,72.9664364700614,2.4667753843047797,0
2586,Retailer 2586,555-6573694,"854 St, City 85",50,90.5009222346842,5.385402131843227,0
2587,Retailer 2587,555-6228566,"726 St, City 86",33,107.34025693596696,14.212315718599392,0
2588,Retailer 2588,555-1719407,"886 St, City 87",49,91.05731821108867,16.471061306760586,0
2589,Retailer 2589,555-3538143,"576 St, City 88",54,94.44971068842918,68.65415958355156,0
2590,Retailer 2590,555-1337913,"524 St, City 89",50,80.51517038979387,9.838908509521447,0
2591,Retailer 2591,555-1328821,"722 St, City 90",42,134.64705220687753,37.94642067474177,0
2592,Retailer 2592,555-4887008,"312 St, City 91",37,80.87914206622236,67.5882446668176,0
2593,Retailer 2593,555-7725275,"174 St, City 92",55,115.42458477204801,58.284573331807096,0
2594,Retailer 2594,555-4615652,"431 St, City 93",56,89.89938064531201,6.655673068322292,0
2595,Retailer 2595,555-6193734,"768 St, City 94",57,112.42611368561042,9.843457668671938,0
2596,Retailer 2596,555-9457411,"463 St, City 95",48,87.4291817787115,1.679578852668666,0
2597,Retailer 2597,555-8772580,"101 St, City 96",59,92.92173490126751,19.808245220035,0
2598,Retailer 2598,555-1807744,"16 St, City 97",54,108.06887857144957,15.589904503118415,0
2599,Retailer 2599,555-6720622,"709 St, City 98",42,112.13378375091213,23.64377041043618,0
2600,Retailer 2600,555-9634012,"258 St, City 99",48,117.56518300726302,18.36789915686595,0
2601,Retailer 2601,555-7933705,"896 St, City 0",57,100.57234468028797,39.93139417495136,0
2602,Retailer 2602,555-6545403,"244 St, City 1",61,121.49542379005611,33.24500623260693,0
2603,Retailer 2603,555-1017297,"348 St, City 2",51,104.64895482566386,16.790138980764112,0
2604,Retailer 2604,555-1788443,"249 St, City 3",45,96.99716080329212,1.1573391781008573,0
2605,Retailer 2605,555-4265962,"105 St, City 4",57,116.9065138284146,12.638849292877932,0
2606,Retailer 2606,555-7010334,"694 St, City 5",45,102.14714761007546,11.754933106525598,0
2607,Retailer 2607,555-6752613,"667 St, City 6",38,104.75986634897333,2.808163156601966,0
2608,Retailer 2608,555-2333572,"287 St, City 7",62,80.24947262224056,10.882288059803642,0
2609,Retailer 2609,555-6637025,"169 St, City 8",55,87.15073282417428,131.13954153254025,0
2610,Retailer 2610,555-9072879,"420 St, City 9",49,108.15215643571612,51.65325723506062,0
2611,Retailer 2611,555-5701669,"47 St, City 10",56,82.34485676219786,48.529893399137684,0
2612,Retailer 2612,555-4765056,"43 St, City 11",45,100.56990852224101,55.603513711079536,0
2613,Retailer 2613,555-4325315,"321 St, City 12",51,62.05304621346752,60.08576616879988,0
2614,Retailer 2614,555-6217092,"818 St, City 13",58,138.10545758276535,11.80708700260976,0
2615,Retailer 2615,555-9264605,"221 St, City 14",60,113.48628803106664,11.669784315829938,0
2616,Retailer 2616,555-1828791,"513 St, City 15",48,91.01238986616276,12.304472995000767,0
2617,Retailer 2617,555-4820887,"712 St, City 16",38,130.1535690163364,51.202423359008854,0
2618,Retailer 2618,555-7652346,"441 St, City 17",46,82.1613387793355,47.8827727475158,0
2619,Retailer 2619,555-3846274,"144 St, City 18",50,88.77790052168218,0.511418423792471,0
2620,Retailer 2620,555-6988099,"890 St, City 19",57,110.15044498307401,89.38241336877796,0
2621,Retailer 2621,555-8069337,"28 St, City 20",56,118.62723587180537,10.087937781556288,0
2622,Retailer 2622,555-8871917,"854 St, City 21",55,88.55136193582081,29.51622926115961,0
2623,Retailer 2623,555-6446079,"850 St, City 22",73,109.17493021246418,30.64245031282518,0
2624,Retailer 2624,555-1376794,"790 St, City 23",40,106.7309506543995,3.610305300971368,0
2625,Retailer 2625,555-4878450,"553 St, City 24",43,99.49845806687848,35.697109356747745,0
2626,Retailer 2626,555-4033349,"844 St, City 25",50,89.14757025756147,22.879995841358443,0
2627,Retailer 2627,555-7407054,"659 St, City 26",53,116.84727220443217,28.31798264016252,0
2628,Retailer 2628,555-1782877,"857 St, City 27",53,59.69953371848487,17.767871677260963,0
2629,Retailer 2629,555-5902825,"690 St, City 28",36,102.78237469870324,48.94476759092572,0
2630,Retailer 2630,555-8068132,"827 St, City 29",48,86.32954420485599,30.248944601120243,0
2631,Retailer 2631,555-7299492,"837 St, City 30",44,97.56494784136453,6.430268646178579,0
2632,Retailer 2632,555-6798946,"930 St, City 31",49,86.12027923942055,41.91766242749253,0
2633,Retailer 2633,555-8236694,"167 St, City 32",67,75.86420937964644,20.948553895567457,0
2634,Retailer 2634,555-6928643,"635 St, City 33",52,87.09132846379126,1.1396155278177302,0
2635,Retailer 2635,555-7049850,"586 St, City 34",53,88.90547826865574,15.068068915617102,0
2636,Retailer 2636,555-1850350,"751 St, City 35",46,95.37088087854112,15.411256405427228,0
2637,Retailer 2637,555-9556255,"249 St, City 36",53,99.76273534669436,48.49894032480067,0
2638,Retailer 2638,555-3333679,"775 St, City 37",35,112.5390959575481,7.995888870100746,0
2639,Retailer 2639,555-1435477,"764 St, City 38",62,129.63833765135047,18.073713781888777,0
2640,Retailer 2640,555-8736484,"357 St, City 39",42,101.35506958282674,1.6782849266806112,0
2641,Retailer 2641,555-6651944,"111 St, City 40",57,79.12158516989011,63.97003479043244,0
2642,Retailer 2642,555-5327308,"692 St, City 41",52,115.51394275815962,17.600157485693558,0
2643,Retailer 2643,555-2581420,"700 St, City 42",49,105.30025811320559,58.26212906750573,0
2644,Retailer 2644,555-1786261,"820 St, City 43",43,80.05007498949891,33.92509738284515,0
2645,Retailer 2645,555-4494708,"719 St, City 44",48,101.51023149511968,11.563395079556953,0
2646,Retailer 2646,555-7952314,"234 St, City 45",46,113.52000935207036,37.41756277118215,0
2647,Retailer 2647,555-4079042,"24 St, City 46",66,83.09333439328526,18.98131972766495,0
2648,Retailer 2648,555-7665769,"26 St, City 47",46,88.71337120755493,12.521635021881234,0
2649,Retailer 2649,555-7538655,"381 St, City 48",50,101.51506519955484,33.07209676006481,0
2650,Retailer 2650,555-9514668,"730 St, City 49",45,94.18473719681317,44.66125971054281,0
2651,Retailer 2651,555-6968633,"346 St, City 50",49,69.05030621782144,35.001503528802715,0
2652,Retailer 2652,555-7898046,"378 St, City 51",51,146.8999701716043,18.644908230600027,0
2653,Retailer 2653,555-4077099,"522 St, City 52",56,87.95040414466254,9.005129118097077,0
2654,Retailer 2654,555-3844180,"17 St, City 53",47,85.98945714518916,49.884504673489104,0
2655,Retailer 2655,555-7758699,"245 St, City 54",45,92.4473609275615,12.769150314265222,0
2656,Retailer 2656,555-8983939,"718 St, City 55",54,97.76353718064038,28.476458000121603,0
2657,Retailer 2657,555-6066112,"770 St, City 56",51,106.21186158274215,3.676850824459189,0
2658,Retailer 2658,555-5093886,"624 St, City 57",57,78.40094394434183,40.444318070739925,0
2659,Retailer 2659,555-9950668,"717 St, City 58",51,124.92867897222047,91.67264805981719,0
2660,Retailer 2660,555-6301358,"539 St, City 59",42,71.32272855649862,17.896314976882728,0
2661,Retailer 2661,555-2506145,"969 St, City 60",46,90.86491191813516,23.845942637650673,0
2662,Retailer 2662,555-3648202,"583 St, City 61",32,115.07037616484644,68.92492224678264,0
2663,Retailer 2663,555-2192931,"688 St, City 62",46,113.83510664200627,47.58603094838086,0
2664,Retailer 2664,555-5889084,"202 St, City 63",47,44.05860931570685,98.3269914505232,0
2665,Retailer 2665,555-8133456,"248 St, City 64",47,98.56116303831675,9.280042102191409,0
2666,Retailer 2666,555-1871522,"118 St, City 65",51,100.86711531514484,19.04595351492763,0
2667,Retailer 2667,555-7049531,"9 St, City 66",53,104.48457355338276,18.24450643301518,0
2668,Retailer 2668,555-7890709,"598 St, City 67",34,87.7193848085906,19.222440609775923,0
2669,Retailer 2669,555-3181906,"23 St, City 68",50,94.73081364682209,73.2988147778199,0
2670,Retailer 2670,555-9990884,"967 St, City 69",40,110.14933886483433,6.901834713433763,0
2671,Retailer 2671,555-2500134,"240 St, City 70",46,114.74520406612973,67.58454807702569,0
2672,Retailer 2672,555-3604884,"585 St, City 71",48,71.10207488694519,25.3978190801244,0
2673,Retailer 2673,555-2705243,"27 St, City 72",51,109.13216866141079,23.090646480543025,0
2674,Retailer 2674,555-5274692,"984 St, City 73",56,106.83827288844724,16.161315897926553,0
2675,Retailer 2675,555-1239779,"861 St, City 74",61,116.74558719673009,23.27265949032596,0
2676,Retailer 2676,555-3975605,"81 St, City 75",42,82.55065846036115,48.7807778806359,0
2677,Retailer 2677,555-6099154,"596 St, City 76",42,108.7180383479067,20.332042840109356,0
2678,Retailer 2678,555-7289249,"199 St, City 77",50,62.493631667653986,44.88631646325509,0
2679,Retailer 2679,555-9152885,"555 St, City 78",62,92.5038186124248,16.168361422135877,0
2680,Retailer 2680,555-7164014,"775 St, City 79",51,93.45356157843118,6.059662353116536,0
2681,Retailer 2681,555-8499412,"92 St, City 80",41,101.5708463994173,16.067008814825353,0
2682,Retailer 2682,555-7216074,"851 St, City 81",57,114.48741258643443,38.549421488349246,0
2683,Retailer 2683,555-6333968,"959 St, City 82",50,78.09508489017202,57.266033174998334,0
2684,Retailer 2684,555-5588727,"84 St, City 83",47,124.01252805045014,44.303013673004074,0
2685,Retailer 2685,555-9325032,"300 St, City 84",39,53.02789770602903,14.073925857559328,0
2686,Retailer 2686,555-9978989,"935 St, City 85",45,66.22792433737322,25.964281584148306,0
2687,Retailer 2687,555-4683909,"296 St, City 86",55,118.81296369311454,13.409839187957084,0
2688,Retailer 2688,555-2539600,"647 St, City 87",55,102.0781555322544,36.572307488636284,0
2689,Retailer 2689,555-8465106,"454 St, City 88",45,134.13358914401675,17.205093613292654,0
2690,Retailer 2690,555-6083801,"281 St, City 89",40,115.31937014567737,43.4243269152759,0
2691,Retailer 2691,555-3227503,"59 St, City 90",57,100.24726128644048,0.38636200802066234,0
2692,Retailer 2692,555-4070771,"909 St, City 91",62,90.15734192414988,12.472443551351095,0
2693,Retailer 2693,555-2143647,"871 St, City 92",45,87.45176763252495,63.16677698830044,0
2694,Retailer 2694,555-8156406,"342 St, City 93",40,107.3429280128315,11.726675574287306,0
2695,Retailer 2695,555-2416953,"753 St, City 94",52,88.36764352537767,15.064122931755668,0
2696,Retailer 2696,555-3694245,"465 St, City 95",46,104.98965829785065,46.924123867153995,0
2697,Retailer 2697,555-1421280,"880 St, City 96",58,86.48430814897893,2.981876627719205,0
2698,Retailer 2698,555-1909245,"342 St, City 97",46,104.05016854681166,11.214307248714215,0
2699,Retailer 2699,555-1341207,"610 St, City 98",53,130.7902384617743,44.67871363711136,0
2700,Retailer 2700,555-2230746,"62 St, City 99",62,111.08994952519492,94.40885546763856,0
2701,Retailer 2701,555-4289791,"776 St, City 0",53,90.62878981251218,45.81312587799354,0
2702,Retailer 2702,555-1592632,"625 St, City 1",61,107.01510875959461,5.677210893353024,0
2703,Retailer 2703,555-2162189,"429 St, City 2",41,105.53035499886221,54.05778679708982,0
2704,Retailer 2704,555-6730385,"658 St, City 3",67,104.13430228712329,19.375029362963875,0
2705,Retailer 2705,555-9802907,"728 St, City 4",48,107.67967393431627,45.836493704506694,0
2706,Retailer 2706,555-3381486,"256 St, City 5",49,118.14724836365113,8.207638703988188,0
2707,Retailer 2707,555-7713070,"828 St, City 6",48,121.49535708859942,12.516988358799308,0
2708,Retailer 2708,555-9168326,"828 St, City 7",46,100.04393499266035,69.57280516007648,0
2709,Retailer 2709,555-6393455,"874 St, City 8",66,72.44042760314302,72.50615344456934,0
2710,Retailer 2710,555-1125438,"770 St, City 9",54,101.6960782561456,10.07154987864371,0
2711,Retailer 2711,555-4770183,"706 St, City 10",49,96.84768657747115,2.6175016568025424,0
2712,Retailer 2712,555-8085904,"347 St, City 11",44,111.01693458181765,79.35857551332369,0
2713,Retailer 2713,555-7699744,"526 St, City 12",54,75.78390588509768,10.717569885746345,0
2714,Retailer 2714,555-3801445,"304 St, City 13",45,110.00899388805307,3.839071301606271,0
2715,Retailer 2715,555-7839789,"615 St, City 14",55,102.55331282199467,12.836568749867787,0
2716,Retailer 2716,555-9570556,"245 St, City 15",46,80.51637271863103,9.93853053513092,0
2717,Retailer 2717,555-3582814,"757 St, City 16",48,58.52165992564095,2.5196141139797614,0
2718,Retailer 2718,555-4769457,"824 St, City 17",48,117.38470732185988,123.5699230197163,0
2719,Retailer 2719,555-2206751,"780 St, City 18",37,80.21758300137742,10.43446236534752,0
2720,Retailer 2720,555-1953692,"736 St, City 19",69,70.40157293489222,9.539268213056465,0
2721,Retailer 2721,555-1217770,"732 St, City 20",60,88.70818450983022,16.338221985789048,0
2722,Retailer 2722,555-5099906,"823 St, City 21",43,123.42617496915584,16.07516290013745,0
2723,Retailer 2723,555-5836917,"412 St, City 22",37,103.90609247264872,17.065697131071648,0
2724,Retailer 2724,555-7969129,"878 St, City 23",51,108.893667394335,71.1355454498556,0
2725,Retailer 2725,555-6910184,"217 St, City 24",45,99.04249066225518,1.8638075602297683,0
2726,Retailer 2726,555-7082199,"516 St, City 25",60,106.03096104053833,85.23633052491628,0
2727,Retailer 2727,555-6301533,"474 St, City 26",47,95.91655354297205,32.891286943724,0
2728,Retailer 2728,555-2790008,"36 St, City 27",42,90.58331300132369,35.87128750485934,0
2729,Retailer 2729,555-2826525,"178 St, City 28",50,87.19061325477952,5.153986653431877,0
2730,Retailer 2730,555-5513070,"387 St, City 29",51,93.8707343996389,11.97520020181317,0
2731,Retailer 2731,555-8417874,"769 St, City 30",49,148.26847917583882,1.6089667211412075,0
2732,Retailer 2732,555-7151537,"17 St, City 31",48,111.40801235808769,31.759749060325905,0
2733,Retailer 2733,555-5466951,"711 St, City 32",49,82.84502795130386,12.458606623386764,0
2734,Retailer 2734,555-2478768,"830 St, City 33",48,73.38987758637245,24.038913395238506,0
2735,Retailer 2735,555-8089478,"48 St, City 34",46,98.19562686141177,41.9180275101128,0
2736,Retailer 2736,555-6124674,"62 St, City 35",53,65.81401191384447,24.191767839901004,0
2737,Retailer 2737,555-9326435,"69 St, City 36",58,118.1226684933413,2.2253840123440374,0
2738,Retailer 2738,555-1402980,"659 St, City 37",68,48.942748299829795,1.908652669889374,0
2739,Retailer 2739,555-8557260,"871 St, City 38",50,93.75909299094293,60.55779027688016,0
2740,Retailer 2740,555-7932667,"366 St, City 39",52,63.999540284519064,9.12042006970634,0
2741,Retailer 2741,555-3531528,"162 St, City 40",37,108.95797492319079,13.492420594043002,0
2742,Retailer 2742,555-3108542,"739 St, City 41",53,84.84010418066272,7.392226871442409,0
2743,Retailer 2743,555-7922496,"945 St, City 42",53,114.09240586098267,36.00748803821347,0
2744,Retailer 2744,555-4502626,"976 St, City 43",48,56.72293074571453,14.637629739656852,0
2745,Retailer 2745,555-2386689,"488 St, City 44",45,122.5920541107181,18.28213295028859,0
2746,Retailer 2746,555-3846230,"431 St, City 45",61,107.0222167054629,33.668449061013845,0
2747,Retailer 2747,555-3118433,"999 St, City 46",56,99.30474283815303,29.270433058124645,0
2748,Retailer 2748,555-6553535,"859 St, City 47",39,83.15253114598679,44.66231793989769,0
2749,Retailer 2749,555-4678621,"489 St, City 48",54,93.80534281293129,41.44761095189324,0
2750,Retailer 2750,555-5556766,"230 St, City 49",41,114.34257182292136,17.388903875450342,0
2751,Retailer 2751,555-7227018,"370 St, City 50",51,83.28924497604386,6.390403934500708,0
2752,Retailer 2752,555-6000546,"178 St, City 51",48,97.76584156404382,7.577931538743787,0
2753,Retailer 2753,555-7971138,"857 St, City 52",46,93.98696889590211,36.80068377643945,0
2754,Retailer 2754,555-9607009,"410 St, City 53",46,103.63225301301689,9.085476914051492,0
2755,Retailer 2755,555-9547900,"568 St, City 54",53,72.11825713846301,17.4189139928967,0
2756,Retailer 2756,555-8545189,"590 St, City 55",52,129.03979617324404,3.4254999539063262,0
2757,Retailer 2757,555-9852545,"270 St, City 56",50,118.73117737944544,3.9121092407206906,0
2758,Retailer 2758,555-3681206,"206 St, City 57",47,64.54582664204793,8.628366054984955,0
2759,Retailer 2759,555-7643433,"793 St, City 58",48,60.71454472463406,2.6594677732740393,0
2760,Retailer 2760,555-1187771,"740 St, City 59",52,128.11740323349417,9.629324303721477,0
2761,Retailer 2761,555-1237199,"900 St, City 60",47,101.32811694292383,25.19327051189885,0
2762,Retailer 2762,555-8290213,"751 St, City 61",57,63.96217611078028,40.96756198499329,0
2763,Retailer 2763,555-3857281,"975 St, City 62",61,90.11088112125584,0.9974817188445537,0
2764,Retailer 2764,555-3274316,"800 St, City 63",61,94.20385096680643,27.535016365267595,0
2765,Retailer 2765,555-1751518,"82 St, City 64",46,112.7812838663761,13.538351024677022,0
2766,Retailer 2766,555-9227323,"846 St, City 65",61,118.89948112594463,7.710368981723708,0
2767,Retailer 2767,555-1513313,"762 St, City 66",56,102.50824373326557,0.9712878634907861,0
2768,Retailer 2768,555-3332214,"193 St, City 67",42,96.55024373565453,11.832960480110867,0
2769,Retailer 2769,555-6081820,"618 St, City 68",50,90.51009618347369,46.77349618409743,0
2770,Retailer 2770,555-6266662,"189 St, City 69",34,128.15753328465706,22.652139301821848,0
2771,Retailer 2771,555-3250397,"276 St, City 70",60,91.55379386145832,44.83569806042161,0
2772,Retailer 2772,555-9291860,"74 St, City 71",40,110.33749820713638,15.949008315865917,0
2773,Retailer 2773,555-9843026,"10 St, City 72",58,78.52919862446596,55.593909512667075,0
2774,Retailer 2774,555-8726360,"635 St, City 73",45,74.66370035212559,4.888078731387115,0
2775,Retailer 2775,555-8846613,"216 St, City 74",56,103.81644355071347,51.44956554539739,0
2776,Retailer 2776,555-2472542,"290 St, City 75",53,92.41009704743487,19.38792423443781,0
2777,Retailer 2777,555-9333648,"445 St, City 76",53,72.50294476158177,41.113064150143245,0
2778,Retailer 2778,555-5473014,"988 St, City 77",47,93.56190158901228,8.249773316895359,0
2779,Retailer 2779,555-1562621,"923 St, City 78",59,149.75491376870275,19.975125651074848,0
2780,Retailer 2780,555-4529801,"552 St, City 79",40,99.25174182026014,39.59186818389507,0
2781,Retailer 2781,555-5808163,"193 St, City 80",52,94.00254943013144,19.83522680056884,0
2782,Retailer 2782,555-7284851,"639 St, City 81",51,94.03616044111976,18.380331927827946,0
2783,Retailer 2783,555-2598099,"289 St, City 82",45,123.97353457463433,49.92650537543843,0
2784,Retailer 2784,555-2195885,"964 St, City 83",48,97.0962416432354,5.3146127325130275,0
2785,Retailer 2785,555-4898190,"583 St, City 84",45,104.96641585490156,19.336521673773046,0
2786,Retailer 2786,555-8386133,"649 St, City 85",53,114.33499145292433,51.84235033195993,0
2787,Retailer 2787,555-4388445,"144 St, City 86",60,126.08327268917405,55.97900709207947,0
2788,Retailer 2788,555-3742974,"389 St, City 87",53,85.44987843850623,3.776199084602952,0
2789,Retailer 2789,555-9197590,"866 St, City 88",53,80.75281270177976,56.94419798735014,0
2790,Retailer 2790,555-9182535,"892 St, City 89",53,85.72078398169073,0.36683586831948756,0
2791,Retailer 2791,555-9066513,"407 St, City 90",64,113.06117949337991,58.046477273210314,0
2792,Retailer 2792,555-3584182,"811 St, City 91",45,115.353584203771,9.227088814627571,0
2793,Retailer 2793,555-5363089,"370 St, City 92",42,103.9196854429312,25.89448690246084,0
2794,Retailer 2794,555-3797921,"857 St, City 93",61,119.5823265517881,0.2902789399881084,0
2795,Retailer 2795,555-9657768,"441 St, City 94",37,115.37341399464998,39.44631432237919,0
2796,Retailer 2796,555-1441904,"947 St, City 95",41,87.56389616012717,16.945866636186775,0
2797,Retailer 2797,555-6070414,"781 St, City 96",40,70.00864983369965,56.08516436885922,0
2798,Retailer 2798,555-6092792,"896 St, City 97",56,91.21451381498404,24.325506735350864,0
2799,Retailer 2799,555-1578526,"920 St, City 98",43,110.74706959239037,53.99196127922181,0
2800,Retailer 2800,555-7612208,"651 St, City 99",48,109.87572451459377,28.376577848074255,0
2801,Retailer 2801,555-8587676,"564 St, City 0",61,63.93699386828303,41.097244947628724,0
2802,Retailer 2802,555-1837393,"529 St, City 1",49,52.778013062043414,41.346992319680005,0
2803,Retailer 2803,555-6134544,"677 St, City 2",52,113.81040961842304,8.497119782944383,0
2804,Retailer 2804,555-1814422,"13 St, City 3",55,114.29930587648896,25.829275361668333,0
2805,Retailer 2805,555-6305431,"702 St, City 4",43,107.1893638963731,62.11167552695912,0
2806,Retailer 2806,555-3263429,"987 St, City 5",42,118.10839210541127,63.32833323943046,0
2807,Retailer 2807,555-4135812,"340 St, City 6",52,104.2061570771199,14.56973257779119,0
2808,Retailer 2808,555-3938687,"865 St, City 7",55,73.42354960947469,11.786571438552839,0
2809,Retailer 2809,555-6153435,"874 St, City 8",35,93.78998123360435,31.836677885951545,0
2810,Retailer 2810,555-2416842,"864 St, City 9",45,98.45570008636828,45.21921574568386,0
2811,Retailer 2811,555-4689024,"776 St, City 10",45,88.5973907991236,1.0833951943970246,0
2812,Retailer 2812,555-5396650,"312 St, City 11",48,88.24591543454866,2.9426789605858352,0
2813,Retailer 2813,555-4702418,"733 St, City 12",45,98.14816049225716,45.25141879227572,0
2814,Retailer 2814,555-4641771,"104 St, City 13",46,83.43103787909715,17.223574419147084,0
2815,Retailer 2815,555-7428099,"339 St, City 14",58,57.37822689846208,33.04683349189635,0
2816,Retailer 2816,555-5079441,"198 St, City 15",57,102.14059458845966,51.50459809901045,0
2817,Retailer 2817,555-6356430,"300 St, City 16",60,124.90263088864717,42.41645296174961,0
2818,Retailer 2818,555-7775602,"444 St, City 17",32,55.902421241392645,49.77741615228636,0
2819,Retailer 2819,555-1960652,"359 St, City 18",43,103.31831009901029,21.63899524955636,0
2820,Retailer 2820,555-3188370,"368 St, City 19",49,79.77959142295002,5.151150502610096,0
2821,Retailer 2821,555-7985945,"169 St, City 20",34,113.59967030173931,19.245587448050088,0
2822,Retailer 2822,555-4994528,"149 St, City 21",46,107.61793001979474,99.13994798726057,0
2823,Retailer 2823,555-3076475,"761 St, City 22",33,121.0536379920292,10.93488659110983,0
2824,Retailer 2824,555-3141912,"768 St, City 23",48,83.11465013775758,16.304127984665378,0
2825,Retailer 2825,555-4144311,"982 St, City 24",54,101.31455430160358,43.50064978210666,0
2826,Retailer 2826,555-1285622,"42 St, City 25",42,149.7922720702755,2.370432460042634,0
2827,Retailer 2827,555-2962889,"202 St, City 26",48,104.05803851525577,42.44663977010894,0
2828,Retailer 2828,555-2396436,"970 St, City 27",44,114.18730919992807,9.614947195544948,0
2829,Retailer 2829,555-3195690,"244 St, City 28",52,128.06361895005017,9.331688946073848,0
2830,Retailer 2830,555-6170080,"669 St, City 29",41,82.34854166771771,26.19861031648751,0
2831,Retailer 2831,555-5705815,"464 St, City 30",46,59.623848801909645,8.842696713049344,0
2832,Retailer 2832,555-3982410,"449 St, City 31",56,66.07485198017837,30.745938793575544,0
2833,Retailer 2833,555-7674192,"913 St, City 32",42,76.80380904614915,71.85799583548447,0
2834,Retailer 2834,555-2404355,"798 St, City 33",48,91.61725394293177,15.557380229857824,0
2835,Retailer 2835,555-6056093,"794 St, City 34",46,109.93230834044726,86.23381250135071,0
2836,Retailer 2836,555-3464722,"437 St, City 35",50,119.06359623610258,85.55558066729733,0
2837,Retailer 2837,555-7559442,"893 St, City 36",54,78.49124979260526,6.97949821624367,0
2838,Retailer 2838,555-6630761,"750 St, City 37",50,142.89472145974955,16.957746841416864,0
2839,Retailer 2839,555-3901092,"531 St, City 38",45,126.00027796779736,138.49893096812144,0
2840,Retailer 2840,555-2722907,"565 St, City 39",53,89.8818813797549,4.125868914046487,0
2841,Retailer 2841,555-3870574,"597 St, City 40",56,147.62322140153077,19.350901444114847,0
2842,Retailer 2842,555-7882799,"273 St, City 41",52,111.87134713776597,16.962591862395712,0
2843,Retailer 2843,555-8952017,"430 St, City 42",42,98.66396528350539,49.8210627896605,0
2844,Retailer 2844,555-7921983,"872 St, City 43",51,81.25962005016291,5.305183316233737,0
2845,Retailer 2845,555-7526925,"213 St, City 44",53,77.7002914983332,7.511976648581,0
2846,Retailer 2846,555-6365986,"949 St, City 45",40,118.74547578004646,5.791283006175389,0
2847,Retailer 2847,555-7759291,"873 St, City 46",49,101.92590222550137,5.46832171781674,0
2848,Retailer 2848,555-9343528,"104 St, City 47",39,108.48964584746297,8.943571177233608,0
2849,Retailer 2849,555-6532388,"192 St, City 48",45,77.26563130224667,22.537330427024422,0
2850,Retailer 2850,555-9020364,"941 St, City 49",63,110.88527824405513,36.816457403916324,0
2851,Retailer 2851,555-8451747,"689 St, City 50",47,101.48585519724537,14.35603575361132,0
2852,Retailer 2852,555-4881857,"659 St, City 51",68,78.29756449234024,17.73013901122283,0
2853,Retailer 2853,555-5537871,"380 St, City 52",51,71.55222590903617,47.163321686039396,0
2854,Retailer 2854,555-1291464,"967 St, City 53",44,100.77157413946439,22.34701490588219,0
2855,Retailer 2855,555-5739400,"81 St, City 54",52,113.69412015526645,26.731684269905063,0
2856,Retailer 2856,555-1118581,"705 St, City 55",42,121.22314083252085,21.89268959101867,0
2857,Retailer 2857,555-6370807,"549 St, City 56",46,104.65806049114963,46.779940750309926,0
2858,Retailer 2858,555-4852256,"377 St, City 57",36,83.87242962448101,6.081184612257638,0
2859,Retailer 2859,555-9727148,"838 St, City 58",49,100.41343149675893,119.29979887327191,0
2860,Retailer 2860,555-1501590,"154 St, City 59",44,107.10525021481831,63.46531848555458,0
2861,Retailer 2861,555-4360492,"642 St, City 60",57,84.71339805268758,15.337780245217811,0
2862,Retailer 2862,555-1872328,"571 St, City 61",56,90.5717448788514,16.08901650599908,0
2863,Retailer 2863,555-5809479,"736 St, City 62",46,100.57823230171697,56.71304384639347,0
2864,Retailer 2864,555-4110691,"761 St, City 63",49,104.43662458915625,17.69415109331374,0
2865,Retailer 2865,555-2358097,"240 St, City 64",60,74.84009362894426,21.288256859466365,0
2866,Retailer 2866,555-9313157,"374 St, City 65",52,88.96484336415446,41.10978962566959,0
2867,Retailer 2867,555-2294315,"901 St, City 66",50,102.8035677156314,14.730192605358189,0
2868,Retailer 2868,555-7087595,"805 St, City 67",55,109.9360530615662,18.15512836838533,0
2869,Retailer 2869,555-3575508,"799 St, City 68",50,102.79192547870556,1.1347610282973895,0
2870,Retailer 2870,555-5510784,"204 St, City 69",53,105.8395537952502,4.287721412714615,0
2871,Retailer 2871,555-1164074,"611 St, City 70",41,105.1293316370229,18.41119888626486,0
2872,Retailer 2872,555-3570466,"350 St, City 71",52,83.56368501955751,1.4021993808169815,0
2873,Retailer 2873,555-4287093,"688 St, City 72",54,127.56052674551287,11.002329207283106,0
2874,Retailer 2874,555-2017481,"774 St, City 73",51,92.30866176886398,17.247277459250974,0
2875,Retailer 2875,555-4594804,"783 St, City 74",47,84.90124869368631,3.2147758533499506,0
2876,Retailer 2876,555-9451115,"143 St, City 75",49,70.83599704697843,2.026709291746681,0
2877,Retailer 2877,555-3338377,"189 St, City 76",57,89.66521990745197,0.4924315043287613,0
2878,Retailer 2878,555-1806564,"272 St, City 77",56,86.11191786090617,19.926451264067406,0
2879,Retailer 2879,555-4918949,"532 St, City 78",56,92.46883536598833,4.764073375687804,0
2880,Retailer 2880,555-7047511,"845 St, City 79",60,106.3683276371071,34.99998035180524,0
2881,Retailer 2881,555-1737954,"300 St, City 80",46,123.79197067649427,20.373807974388317,0
2882,Retailer 2882,555-3908056,"426 St, City 81",42,116.26155794727552,0.5735604135835987,0
2883,Retailer 2883,555-8840130,"46 St, City 82",52,59.73042956223952,1.8254736016279536,0
2884,Retailer 2884,555-9357998,"95 St, City 83",46,120.16452512753067,74.95198019464922,0
2885,Retailer 2885,555-6934261,"930 St, City 84",55,110.42356311090795,3.983142236425557,0
2886,Retailer 2886,555-5510579,"64 St, City 85",46,136.02751322418248,42.48084325648589,0
2887,Retailer 2887,555-8563493,"413 St, City 86",218,16.902369300248168,8.48168892392462,1
2888,Retailer 2888,555-3535232,"643 St, City 87",33,79.84726287877943,11.639058651049492,0
2889,Retailer 2889,555-8704694,"9 St, City 88",62,117.29823462541935,0.7531009223033147,0
2890,Retailer 2890,555-3378907,"459 St, City 89",57,115.07490052544524,24.36796198460167,0
2891,Retailer 2891,555-7990607,"715 St, City 90",57,86.46325267920983,18.879520699152785,0
2892,Retailer 2892,555-5532688,"409 St, City 91",43,94.9189213724617,40.98940444675914,0
2893,Retailer 2893,555-8579751,"470 St, City 92",68,109.57491264580392,70.83481888539731,0
2894,Retailer 2894,555-8133131,"810 St, City 93",199,10.186247454925459,23.80287171050781,1
2895,Retailer 2895,555-3363162,"506 St, City 94",57,99.27531516674453,91.26381705324891,0
2896,Retailer 2896,555-5881909,"686 St, City 95",67,101.84703443920532,4.81024828264432,0
2897,Retailer 2897,555-6680820,"73 St, City 96",43,83.63367898587262,12.677374943634332,0
2898,Retailer 2898,555-3692794,"84 St, City 97",61,95.964073912227,53.13079578166564,0
2899,Retailer 2899,555-3345704,"59 St, City 98",51,72.29544263390355,24.177011094103687,0
2900,Retailer 2900,555-9811940,"21 St, City 99",45,99.89087007227275,23.754006789724027,0
2901,Retailer 2901,555-9220038,"458 St, City 0",44,72.60353384940198,18.50702672005258,0
2902,Retailer 2902,555-9277983,"918 St, City 1",46,77.93009311119627,0.5652793992861298,0
2903,Retailer 2903,555-1292575,"157 St, City 2",49,163.73970914312065,2.5125471652593214,0
2904,Retailer 2904,555-2459700,"831 St, City 3",54,62.00701712870194,2.8133243877491485,0
2905,Retailer 2905,555-9417944,"329 St, City 4",60,119.4983882009436,6.301574008411455,0
2906,Retailer 2906,555-4201078,"573 St, City 5",44,105.44476738171892,2.9706201033953064,0
2907,Retailer 2907,555-3607622,"576 St, City 6",52,106.0056558116117,3.381754298709133,0
2908,Retailer 2908,555-2886963,"837 St, City 7",41,78.66060814266395,30.39153299972628,0
2909,Retailer 2909,555-6304120,"680 St, City 8",45,114.59723562174682,3.7787079417241007,0
2910,Retailer 2910,555-3772605,"203 St, City 9",72,63.64765058412899,18.76649620237376,0
2911,Retailer 2911,555-2447947,"641 St, City 10",53,90.12576929146776,1.9562966619712467,0
2912,Retailer 2912,555-6813775,"757 St, City 11",46,100.3724572972217,9.416964452505573,0
2913,Retailer 2913,555-8242447,"106 St, City 12",42,133.2648299385649,77.44885338784005,0
2914,Retailer 2914,555-9278499,"833 St, City 13",41,113.11180694642688,0.9449312787403953,0
2915,Retailer 2915,555-7472652,"122 St, City 14",48,91.36611866387896,62.85780552001542,0
2916,Retailer 2916,555-7606470,"318 St, City 15",49,94.42168939525168,42.76468759552498,0
2917,Retailer 2917,555-2498339,"182 St, City 16",45,111.46741829947311,76.1173872861706,0
2918,Retailer 2918,555-1676296,"615 St, City 17",59,75.75966370615701,46.375811415134095,0
2919,Retailer 2919,555-1379039,"316 St, City 18",56,122.19883941918738,52.49188190074239,0
2920,Retailer 2920,555-1528714,"814 St, City 19",59,98.10359901149002,3.419389274998564,0
2921,Retailer 2921,555-8035655,"773 St, City 20",45,82.49593430622403,54.15376173916003,0
2922,Retailer 2922,555-9368352,"625 St, City 21",38,72.10141735138723,19.452156238702177,0
2923,Retailer 2923,555-3911190,"406 St, City 22",50,50.05881737147561,12.996456666655577,0
2924,Retailer 2924,555-9941047,"986 St, City 23",46,135.03616479174184,5.012043916172491,0
2925,Retailer 2925,555-5142535,"949 St, City 24",51,62.2672593555096,0.02009677886062639,0
2926,Retailer 2926,555-1273452,"70 St, City 25",60,109.59048720603698,30.869433247322522,0
2927,Retailer 2927,555-5371047,"160 St, City 26",46,108.67591337444713,38.84123662751573,0
2928,Retailer 2928,555-8184872,"240 St, City 27",51,90.46559952986786,14.73504043154398,0
2929,Retailer 2929,555-3189921,"523 St, City 28",56,97.73282059206703,5.382570529917292,0
2930,Retailer 2930,555-8427297,"138 St, City 29",47,91.9835501298851,4.68438426617758,0
2931,Retailer 2931,555-4198156,"495 St, City 30",43,104.45739197779453,5.526260187805992,0
2932,Retailer 2932,555-6801038,"679 St, City 31",41,92.21798420673676,1.7354940251809354,0
2933,Retailer 2933,555-5822139,"247 St, City 32",48,94.21565219707351,13.372114313736535,0
2934,Retailer 2934,555-5954582,"866 St, City 33",43,98.34467867903075,28.725993228278693,0
2935,Retailer 2935,555-1762371,"543 St, City 34",66,112.50001201513665,17.777735334641733,0
2936,Retailer 2936,555-4257945,"524 St, City 35",59,111.98725464660066,4.022441637218043,0
2937,Retailer 2937,555-9279143,"243 St, City 36",59,97.50368320812203,50.80897313502129,0
2938,Retailer 2938,555-6661064,"620 St, City 37",58,94.94032114405276,10.150581351051782,0
2939,Retailer 2939,555-4768950,"336 St, City 38",52,111.26362134793924,27.690390223805284,0
2940,Retailer 2940,555-1142980,"422 St, City 39",52,82.80486552695592,8.458310494861687,0
2941,Retailer 2941,555-7500785,"835 St, City 40",48,76.68831994123377,27.11533669253065,0
2942,Retailer 2942,555-1257354,"194 St, City 41",58,73.16800087349068,4.166039764797546,0
2943,Retailer 2943,555-8863438,"308 St, City 42",52,104.78354353784889,31.969824092729752,0
2944,Retailer 2944,555-6954075,"645 St, City 43",44,121.88578844247573,25.54066911916832,0
2945,Retailer 2945,555-8972368,"907 St, City 44",50,101.41729775327629,21.974917170992477,0
2946,Retailer 2946,555-3235883,"506 St, City 45",48,105.28274767287016,7.3420659102338295,0
2947,Retailer 2947,555-1764265,"281 St, City 46",43,89.61110663947187,22.597023804798265,0
2948,Retailer 2948,555-7630840,"803 St, City 47",40,105.20622570348665,68.22125227239972,0
2949,Retailer 2949,555-6668889,"675 St, City 48",47,102.73801143533318,4.015031355168278,0
2950,Retailer 2950,555-1308617,"790 St, City 49",50,109.65750328871242,36.49414229188045,0
2951,Retailer 2951,555-1744748,"933 St, City 50",62,52.18228585439431,3.621419392877254,0
2952,Retailer 2952,555-6087692,"982 St, City 51",60,108.57038601611367,12.381679581567145,0
2953,Retailer 2953,555-1734275,"439 St, City 52",58,112.61310883768735,34.54433480095803,0
2954,Retailer 2954,555-7214638,"715 St, City 53",43,112.13978337888327,24.64517531850708,0
2955,Retailer 2955,555-9987114,"608 St, City 54",47,97.57527609784647,34.020684641057194,0
2956,Retailer 2956,555-6439296,"483 St, City 55",47,135.10172250428343,99.19679562645638,0
2957,Retailer 2957,555-7194224,"223 St, City 56",41,118.74882213596256,104.80924141576577,0
2958,Retailer 2958,555-9945326,"749 St, City 57",53,129.03243186886,73.90688800028913,0
2959,Retailer 2959,555-7024293,"117 St, City 58",58,109.06806766337189,20.485815109169753,0
2960,Retailer 2960,555-7193367,"968 St, City 59",51,100.0233950919818,12.512849503211084,0
2961,Retailer 2961,555-6318331,"192 St, City 60",55,111.83277874150923,9.838139686619702,0
2962,Retailer 2962,555-9741022,"788 St, City 61",56,87.47931991469346,25.718676143801158,0
2963,Retailer 2963,555-3963944,"618 St, City 62",55,116.5654695907348,18.130969616906384,0
2964,Retailer 2964,555-4948401,"994 St, City 63",48,90.91999438923845,156.22520484592212,0
2965,Retailer 2965,555-1124932,"516 St, City 64",45,88.21602653835988,23.008670530205215,0
2966,Retailer 2966,555-6234259,"530 St, City 65",58,73.67490943235532,11.968880788807285,0
2967,Retailer 2967,555-9656691,"307 St, City 66",40,120.1201829814925,30.31458471623885,0
2968,Retailer 2968,555-7850807,"964 St, City 67",49,140.28386297316123,1.3410576526782236,0
2969,Retailer 2969,555-7280757,"532 St, City 68",57,127.3614649626458,3.522538196463143,0
2970,Retailer 2970,555-7784672,"122 St, City 69",56,118.02067796029641,32.68924711023289,0
2971,Retailer 2971,555-4877809,"649 St, City 70",46,118.58586643462057,3.9491045519576704,0
2972,Retailer 2972,555-5876709,"592 St, City 71",40,117.89834778156477,42.24529206226959,0
2973,Retailer 2973,555-3592316,"154 St, City 72",64,97.47058237656212,1.9172257540309197,0
2974,Retailer 2974,555-6895725,"870 St, City 73",41,92.37158650128795,27.03390625683384,0
2975,Retailer 2975,555-9677828,"537 St, City 74",51,80.5271309178498,34.041058145591855,0
2976,Retailer 2976,555-6438757,"452 St, City 75",53,137.23893683842485,45.368589826160374,0
2977,Retailer 2977,555-3664749,"169 St, City 76",50,95.98967620872423,65.06758921935833,0
2978,Retailer 2978,555-7728926,"59 St, City 77",52,102.84926762162036,11.229295603580391,0
2979,Retailer 2979,555-4999453,"301 St, City 78",47,77.5355947853831,38.09958094663488,0
2980,Retailer 2980,555-8246813,"553 St, City 79",52,84.52006530763937,2.525250095199779,0
2981,Retailer 2981,555-3921989,"550 St, City 80",52,80.30953735520555,53.122495826700906,0
2982,Retailer 2982,555-1984156,"117 St, City 81",60,92.8149702262481,66.28077383370069,0
2983,Retailer 2983,555-4713543,"787 St, City 82",50,112.75362404563184,41.42819048739391,0
2984,Retailer 2984,555-2203920,"782 St, City 83",45,109.32627466920042,9.910566766156013,0
2985,Retailer 2985,555-4108591,"127 St, City 84",58,112.03658885290668,1.9311493390897083,0
2986,Retailer 2986,555-1747852,"405 St, City 85",39,99.68236217732036,16.424981390433548,0
2987,Retailer 2987,555-6296990,"399 St, City 86",44,114.97595916244408,9.467454949023598,0
2988,Retailer 2988,555-7928655,"515 St, City 87",65,97.05138353769591,22.662892862550667,0
2989,Retailer 2989,555-2821367,"805 St, City 88",54,109.1218196011997,15.019394091999112,0
2990,Retailer 2990,555-4372863,"885 St, City 89",39,92.14623344812358,4.3851114084961385,0
2991,Retailer 2991,555-3899033,"498 St, City 90",53,122.0851006768153,54.36203462299342,0
2992,Retailer 2992,555-2578315,"942 St, City 91",46,82.09993986422323,60.00047077992675,0
2993,Retailer 2993,555-8427210,"528 St, City 92",39,122.53098105170102,50.322709073686,0
2994,Retailer 2994,555-9298852,"398 St, City 93",64,107.23855797835311,7.085230863622424,0
2995,Retailer 2995,555-7093073,"265 St, City 94",49,130.3430748370744,16.78432962312148,0
2996,Retailer 2996,555-2349590,"751 St, City 95",56,86.78676445706887,5.642922017807243,0
2997,Retailer 2997,555-6366645,"263 St, City 96",59,95.38502427880252,32.827059513983706,0
2998,Retailer 2998,555-6629905,"398 St, City 97",59,94.83317265271003,49.039570615379716,0
2999,Retailer 2999,555-4045529,"646 St, City 98",57,82.73440307668645,26.134927359221358,0
3000,Retailer 3000,555-6440107,"725 St, City 99",57,139.45413434522337,23.69699865205473,0
3001,Retailer 3001,555-8103260,"527 St, City 0",52,85.75231065795212,37.655758102742205,0
3002,Retailer 3002,555-8081530,"436 St, City 1",45,81.5118024256977,3.6161738110553787,0
3003,Retailer 3003,555-3897706,"840 St, City 2",51,129.04477611578517,8.536888451597257,0
3004,Retailer 3004,555-9282356,"930 St, City 3",51,115.32570126838186,11.292284472163608,0
3005,Retailer 3005,555-4201473,"360 St, City 4",54,96.19117851123227,22.81104587899457,0
3006,Retailer 3006,555-7507660,"129 St, City 5",48,62.94968480801053,111.9247205141767,0
3007,Retailer 3007,555-2449991,"864 St, City 6",63,134.2804909261647,59.63595487875873,0
3008,Retailer 3008,555-7039523,"634 St, City 7",48,138.91937025431343,8.512498461408764,0
3009,Retailer 3009,555-6353966,"241 St, City 8",50,112.20782000406972,7.957454100045014,0
3010,Retailer 3010,555-7747741,"627 St, City 9",45,110.41515546467888,17.162319391582173,0
3011,Retailer 3011,555-6168554,"709 St, City 10",62,104.08875210776935,110.24644806977946,0
3012,Retailer 3012,555-1424528,"222 St, City 11",50,91.40693543966239,4.96229804781375,0
3013,Retailer 3013,555-8990001,"214 St, City 12",56,124.20311408059217,94.35693500942085,0
3014,Retailer 3014,555-7450219,"916 St, City 13",46,92.33143357204021,6.337157176781872,0
3015,Retailer 3015,555-2650824,"592 St, City 14",58,111.15776826717902,65.26155020139099,0
3016,Retailer 3016,555-6265481,"775 St, City 15",57,104.36301192694667,53.209383193859324,0
3017,Retailer 3017,555-7702692,"135 St, City 16",48,99.76409765206431,64.19376088955511,0
3018,Retailer 3018,555-9527835,"818 St, City 17",52,82.9530641983024,66.70316566631263,0
3019,Retailer 3019,555-2773055,"754 St, City 18",70,76.1010372184407,7.382240761482813,0
3020,Retailer 3020,555-6192859,"386 St, City 19",53,109.88953573099339,45.24731301380903,0
3021,Retailer 3021,555-1281854,"303 St, City 20",43,91.365621330583,34.37787336835623,0
3022,Retailer 3022,555-7662314,"782 St, City 21",62,102.89010099105658,63.339431677900784,0
3023,Retailer 3023,555-6830395,"287 St, City 22",69,104.008800625822,20.21876181228019,0
3024,Retailer 3024,555-2657153,"562 St, City 23",48,106.19175115444985,16.0050975957505,0
3025,Retailer 3025,555-8083610,"189 St, City 24",52,97.60150778789712,38.86320173543192,0
3026,Retailer 3026,555-8842680,"297 St, City 25",49,112.96732836879767,9.43489781669836,0
3027,Retailer 3027,555-2806684,"526 St, City 26",53,98.36524900679925,51.453106775558496,0
3028,Retailer 3028,555-2809858,"389 St, City 27",47,95.1947979225547,10.105310135366455,0
3029,Retailer 3029,555-1479083,"459 St, City 28",53,114.77452076361325,1.3252477137717993,0
3030,Retailer 3030,555-2901740,"744 St, City 29",46,100.53392203592838,24.053964210041478,0
3031,Retailer 3031,555-6648393,"261 St, City 30",39,104.64529759325275,54.231828004204004,0
3032,Retailer 3032,555-7284725,"704 St, City 31",47,118.91595555412948,35.18093704584211,0
3033,Retailer 3033,555-8752950,"925 St, City 32",43,108.44300973426382,136.10357378278914,0
3034,Retailer 3034,555-7709914,"715 St, City 33",51,118.63782586002145,4.550119699065728,0
3035,Retailer 3035,555-8395873,"773 St, City 34",44,68.37995524414742,12.673747094342293,0
3036,Retailer 3036,555-5584946,"113 St, City 35",62,152.86252630797924,14.338316413065462,0
3037,Retailer 3037,555-9343199,"886 St, City 36",44,114.41085283208359,1.7972637551635895,0
3038,Retailer 3038,555-5301400,"864 St, City 37",45,111.9763228215239,1.3187025254545806,0
3039,Retailer 3039,555-5641094,"36 St, City 38",58,97.24028202871322,0.8966189974785965,0
3040,Retailer 3040,555-3707184,"79 St, City 39",52,70.00091189665818,15.772056086932404,0
3041,Retailer 3041,555-8873491,"275 St, City 40",45,114.37353125021278,55.88366146121642,0
3042,Retailer 3042,555-4770771,"960 St, City 41",42,122.1813052651622,37.099377199782204,0
3043,Retailer 3043,555-2540724,"278 St, City 42",40,65.8963311710655,17.75908621285334,0
3044,Retailer 3044,555-6875293,"674 St, City 43",58,117.71738830040442,9.196446979905849,0
3045,Retailer 3045,555-2965730,"312 St, City 44",48,130.8801834898866,0.4707757162594644,0
3046,Retailer 3046,555-8343728,"529 St, City 45",56,130.07453816961157,5.78497104996814,0
3047,Retailer 3047,555-8097037,"204 St, City 46",56,110.62457893199944,14.690963440803788,0
3048,Retailer 3048,555-5062224,"985 St, City 47",41,98.44043099072728,13.882849382253028,0
3049,Retailer 3049,555-2094316,"952 St, City 48",40,118.95764273106792,9.007269158003503,0
3050,Retailer 3050,555-5300915,"17 St, City 49",56,108.2772879711385,175.59541756646786,0
3051,Retailer 3051,555-7760403,"714 St, City 50",193,14.281370666046246,17.79255282553499,1
3052,Retailer 3052,555-7620241,"476 St, City 51",55,89.46272057471289,9.352358803493077,0
3053,Retailer 3053,555-2636675,"511 St, City 52",60,67.7371151777843,15.680124657211396,0
3054,Retailer 3054,555-1801849,"210 St, City 53",49,117.14246259647963,9.830685415798502,0
3055,Retailer 3055,555-2161068,"499 St, City 54",45,93.512085688783,13.02024239984638,0
3056,Retailer 3056,555-8370131,"402 St, City 55",44,80.39720672960529,4.035971122406876,0
3057,Retailer 3057,555-2035891,"429 St, City 56",46,77.75594592810364,0.025421288499469417,0
3058,Retailer 3058,555-1753494,"992 St, City 57",34,96.37006160360802,20.296041120778664,0
3059,Retailer 3059,555-9811785,"78 St, City 58",55,75.54084114907351,20.149915878377822,0
3060,Retailer 3060,555-8611432,"568 St, City 59",49,121.57267383063041,5.122288004401085,0
3061,Retailer 3061,555-4704697,"80 St, City 60",48,110.8312246468692,53.63534864573768,0
3062,Retailer 3062,555-6277420,"306 St, City 61",49,122.34451874003418,6.388579535217845,0
3063,Retailer 3063,555-6327580,"58 St, City 62",59,79.38325247858882,44.115015018783865,0
3064,Retailer 3064,555-8272003,"530 St, City 63",55,72.09020516107981,6.331652122981037,0
3065,Retailer 3065,555-2760511,"208 St, City 64",52,135.14025205373372,9.907807503067053,0
3066,Retailer 3066,555-4541815,"511 St, City 65",53,83.99024361816842,9.436669055383216,0
3067,Retailer 3067,555-9434610,"977 St, City 66",44,101.9095140694265,7.824919754719427,0
3068,Retailer 3068,555-8389844,"135 St, City 67",51,84.72843224158285,91.45753400337402,0
3069,Retailer 3069,555-5610146,"844 St, City 68",56,83.56013960933254,9.173807552423183,0
3070,Retailer 3070,555-5139289,"994 St, City 69",54,111.89764514718816,19.90559450363829,0
3071,Retailer 3071,555-6351826,"522 St, City 70",49,97.42529910892196,39.86046484732056,0
3072,Retailer 3072,555-7390459,"581 St, City 71",53,126.27332035375987,11.531673618231144,0
3073,Retailer 3073,555-2784006,"853 St, City 72",52,64.32648153766581,0.35309187757780736,0
3074,Retailer 3074,555-7072310,"899 St, City 73",53,99.64458618046206,43.025561532881305,0
3075,Retailer 3075,555-5913478,"83 St, City 74",47,89.77552281013033,10.023610062306144,0
3076,Retailer 3076,555-9303143,"621 St, City 75",57,95.08596838581974,61.95004806182813,0
3077,Retailer 3077,555-7353300,"44 St, City 76",51,96.47846515453179,20.26826413824132,0
3078,Retailer 3078,555-6968333,"483 St, City 77",48,112.86343156500459,29.377617929707423,0
3079,Retailer 3079,555-7210958,"966 St, City 78",54,96.29128870951945,90.45352725350752,0
3080,Retailer 3080,555-7601457,"910 St, City 79",61,96.49739181328917,61.19756412046564,0
3081,Retailer 3081,555-7679155,"644 St, City 80",59,134.83859275811153,47.19876159371978,0
3082,Retailer 3082,555-6737580,"493 St, City 81",57,75.60023805872967,22.697359063330442,0
3083,Retailer 3083,555-6525724,"499 St, City 82",56,78.282910522652,5.564228202254929,0
3084,Retailer 3084,555-7025095,"18 St, City 83",49,137.14543293939823,55.174210252753646,0
3085,Retailer 3085,555-1225391,"605 St, City 84",52,134.1785569538889,2.9597262164301603,0
3086,Retailer 3086,555-7698541,"995 St, City 85",45,64.131940708038,65.53304661111954,0
3087,Retailer 3087,555-1191387,"948 St, City 86",58,142.86072931851265,43.60591491075309,0
3088,Retailer 3088,555-4632632,"294 St, City 87",46,111.57877421424574,48.805920929338896,0
3089,Retailer 3089,555-5608474,"976 St, City 88",47,85.82932195925831,14.205746812112297,0
3090,Retailer 3090,555-3535394,"148 St, City 89",47,100.10958523453021,2.66368639230074,0
3091,Retailer 3091,555-6596526,"472 St, City 90",53,91.41048666536932,38.9434847086207,0
3092,Retailer 3092,555-4291070,"995 St, City 91",50,100.01310287635228,114.59221839224342,0
3093,Retailer 3093,555-1686268,"172 St, City 92",49,91.70009801101487,58.64409169081182,0
3094,Retailer 3094,555-1801955,"563 St, City 93",58,76.45138383182028,55.23887065393057,0
3095,Retailer 3095,555-3013148,"531 St, City 94",46,73.56350396366406,30.015172858220716,0
3096,Retailer 3096,555-7835735,"120 St, City 95",45,104.30358482543393,3.7080322098361953,0
3097,Retailer 3097,555-5467223,"836 St, City 96",54,83.98899298493387,59.69383565806795,0
3098,Retailer 3098,555-3444291,"737 St, City 97",34,71.52651213054597,7.532344294693719,0
3099,Retailer 3099,555-1147745,"66 St, City 98",51,110.63018177685255,9.215978372767488,0
3100,Retailer 3100,555-4792824,"141 St, City 99",37,110.41742087123794,42.300153406337145,0
3101,Retailer 3101,555-1137686,"446 St, City 0",51,110.42861052887262,37.85929333234645,0
3102,Retailer 3102,555-6250295,"506 St, City 1",44,101.55672233504588,2.2599010651359994,0
3103,Retailer 3103,555-5151923,"189 St, City 2",57,82.46845551007117,8.708924621334763,0
3104,Retailer 3104,555-6679980,"158 St, City 3",39,124.07050185978922,51.06069834557174,0
3105,Retailer 3105,555-6149534,"610 St, City 4",45,117.62877099974975,89.62283222486622,0
3106,Retailer 3106,555-4314344,"670 St, City 5",50,144.58689002957826,9.29010547459379,0
3107,Retailer 3107,555-1049976,"947 St, City 6",45,125.2066235323635,42.89486818835424,0
3108,Retailer 3108,555-3522620,"246 St, City 7",48,106.36965771706251,21.134466728571372,0
3109,Retailer 3109,555-3027320,"856 St, City 8",45,135.33200034707727,14.344036889077744,0
3110,Retailer 3110,555-2812105,"944 St, City 9",52,101.47760252957465,68.51798632436633,0
3111,Retailer 3111,555-6761703,"748 St, City 10",47,101.64180571330463,23.835699796536034,0
3112,Retailer 3112,555-2947238,"33 St, City 11",47,99.05228489694217,35.30635692542528,0
3113,Retailer 3113,555-7330034,"361 St, City 12",45,89.91920666973435,26.92741081613064,0
3114,Retailer 3114,555-5809045,"753 St, City 13",47,144.5096689710359,30.949427082284945,0
3115,Retailer 3115,555-9597467,"330 St, City 14",55,83.37969002285416,21.849709953857605,0
3116,Retailer 3116,555-7402891,"512 St, City 15",51,66.84669876576478,22.871197585265477,0
3117,Retailer 3117,555-8031845,"850 St, City 16",46,90.67337333720388,57.350700843504086,0
3118,Retailer 3118,555-6394418,"787 St, City 17",48,107.30531747219466,10.814393621373235,0
3119,Retailer 3119,555-1045475,"71 St, City 18",50,89.18136750386554,39.99718276272065,0
3120,Retailer 3120,555-9080552,"313 St, City 19",50,92.88917553882887,9.382832296030776,0
3121,Retailer 3121,555-4303364,"915 St, City 20",47,61.57923777760181,2.2006713817948946,0
3122,Retailer 3122,555-6396364,"728 St, City 21",41,75.01280022079473,70.06459629233306,0
3123,Retailer 3123,555-4239254,"79 St, City 22",67,73.63563297171116,15.862640045248902,0
3124,Retailer 3124,555-2099577,"169 St, City 23",58,116.74648108233066,34.48318659459761,0
3125,Retailer 3125,555-7483485,"810 St, City 24",49,71.98251279081087,42.550500687251976,0
3126,Retailer 3126,555-5623037,"983 St, City 25",49,87.00313657386708,47.83798465695336,0
3127,Retailer 3127,555-7959972,"180 St, City 26",43,96.21832563191585,7.698016860063957,0
3128,Retailer 3128,555-8232024,"628 St, City 27",44,78.42707033664921,31.984938018120605,0
3129,Retailer 3129,555-2602970,"260 St, City 28",63,105.51949221307129,42.844010910597085,0
3130,Retailer 3130,555-9191922,"486 St, City 29",44,108.99844866040311,3.8277260788096177,0
3131,Retailer 3131,555-9274125,"772 St, City 30",48,129.23763611056384,4.570225841565197,0
3132,Retailer 3132,555-2531064,"5 St, City 31",50,100.05428124429851,13.572014705477711,0
3133,Retailer 3133,555-5411887,"297 St, City 32",58,57.68516883746457,10.771901928857496,0
3134,Retailer 3134,555-9615797,"620 St, City 33",65,88.45720368590337,47.87114733896698,0
3135,Retailer 3135,555-3076198,"855 St, City 34",65,94.31323593335217,30.875283625187194,0
3136,Retailer 3136,555-8466511,"360 St, City 35",56,125.77591253971336,20.67307492765685,0
3137,Retailer 3137,555-2468919,"117 St, City 36",43,95.43207450195439,3.3750962685265353,0
3138,Retailer 3138,555-4281941,"357 St, City 37",47,108.14514562839494,3.58267525659783,0
3139,Retailer 3139,555-4410580,"957 St, City 38",49,93.94888326089064,21.833117167575676,0
3140,Retailer 3140,555-5999111,"843 St, City 39",46,110.82873096889253,64.33586322684745,0
3141,Retailer 3141,555-4685104,"439 St, City 40",50,87.37685730156444,44.759406210712946,0
3142,Retailer 3142,555-8659791,"331 St, City 41",48,66.55121394358792,64.00264438068012,0
3143,Retailer 3143,555-2420858,"525 St, City 42",44,47.42333629561657,24.982415551987685,0
3144,Retailer 3144,555-2748982,"654 St, City 43",54,110.16613298540385,7.506836727105708,0
3145,Retailer 3145,555-7563614,"188 St, City 44",38,106.56163891537612,0.9697257909316767,0
3146,Retailer 3146,555-5896799,"968 St, City 45",47,108.03971604216551,84.53972384193868,0
3147,Retailer 3147,555-9466685,"281 St, City 46",47,102.37639234488319,19.343727264919924,0
3148,Retailer 3148,555-8479816,"511 St, City 47",48,60.77747196571873,58.77355334719591,0
3149,Retailer 3149,555-7007509,"466 St, City 48",52,87.06977096560092,39.61307307927891,0
3150,Retailer 3150,555-5445818,"115 St, City 49",54,97.99112459676122,53.543575786978,0
3151,Retailer 3151,555-6122964,"940 St, City 50",42,85.40194527717952,7.0964930575264,0
3152,Retailer 3152,555-7433636,"236 St, City 51",51,111.37946288056668,34.13081784995063,0
3153,Retailer 3153,555-5095077,"338 St, City 52",69,96.90116704422628,38.479223725501235,0
3154,Retailer 3154,555-7263998,"522 St, City 53",56,113.16094332680323,24.13023361994189,0
3155,Retailer 3155,555-5630232,"199 St, City 54",60,123.10304207475691,54.09616639158645,0
3156,Retailer 3156,555-1920114,"764 St, City 55",53,108.87382139034102,133.20749110440323,0
3157,Retailer 3157,555-9990499,"50 St, City 56",40,103.38226427510055,0.3178128808917879,0
3158,Retailer 3158,555-9147047,"940 St, City 57",43,73.71373755675887,18.208819508502913,0
3159,Retailer 3159,555-3182926,"142 St, City 58",53,101.18085235381174,42.060279097389014,0
3160,Retailer 3160,555-3485670,"783 St, City 59",45,67.93750463683033,38.80111723752562,0
3161,Retailer 3161,555-4344250,"528 St, City 60",50,75.8697832319675,18.924711515138384,0
3162,Retailer 3162,555-5023278,"514 St, City 61",45,105.79343128768048,55.384288012404966,0
3163,Retailer 3163,555-1537977,"670 St, City 62",55,74.68714039861197,33.722078175446214,0
3164,Retailer 3164,555-4668280,"30 St, City 63",46,145.36834871593572,23.845997091299918,0
3165,Retailer 3165,555-3723408,"82 St, City 64",56,118.2740524743611,9.560193806244987,0
3166,Retailer 3166,555-5784808,"31 St, City 65",44,100.9927292729924,13.734836273625534,0
3167,Retailer 3167,555-7637640,"748 St, City 66",42,44.104507101219106,135.44649414733817,0
3168,Retailer 3168,555-7837388,"333 St, City 67",49,62.04290858733831,70.97261052293103,0
3169,Retailer 3169,555-5654419,"660 St, City 68",49,145.57879740954925,35.68704355247975,0
3170,Retailer 3170,555-9430899,"177 St, City 69",38,89.04030929794374,58.75002611046746,0
3171,Retailer 3171,555-5622580,"370 St, City 70",49,123.67324318804421,4.384752033641066,0
3172,Retailer 3172,555-5589058,"547 St, City 71",68,89.5928663110131,9.34188323979657,0
3173,Retailer 3173,555-8245136,"535 St, City 72",50,80.01844588716901,64.9254327311517,0
3174,Retailer 3174,555-9379966,"106 St, City 73",53,78.67313438482157,19.095187615857768,0
3175,Retailer 3175,555-3122827,"97 St, City 74",50,69.30126058456291,26.816898499434274,0
3176,Retailer 3176,555-8432300,"230 St, City 75",68,111.34693712964395,64.5385722874811,0
3177,Retailer 3177,555-8637174,"227 St, City 76",56,107.61042395759839,15.525892256072,0
3178,Retailer 3178,555-1708672,"371 St, City 77",54,89.1895899770422,19.72240816958797,0
3179,Retailer 3179,555-7921154,"100 St, City 78",45,58.48901796267215,3.569464813768515,0
3180,Retailer 3180,555-9725977,"445 St, City 79",47,95.00555699304505,142.72570018845497,0
3181,Retailer 3181,555-5507167,"468 St, City 80",58,111.211527322333,108.77705288491474,0
3182,Retailer 3182,555-3227039,"55 St, City 81",58,144.1859226789872,10.55222449546468,0
3183,Retailer 3183,555-1296063,"195 St, City 82",66,120.49431600815659,57.41306630609949,0
3184,Retailer 3184,555-2383875,"520 St, City 83",59,103.84433447875722,40.07573303172316,0
3185,Retailer 3185,555-7625169,"424 St, City 84",37,83.08640219852077,4.755374003214533,0
3186,Retailer 3186,555-2876336,"315 St, City 85",40,124.93255623995796,0.7254871569793343,0
3187,Retailer 3187,555-8541586,"128 St, City 86",57,102.29164847108018,0.4252237830573509,0
3188,Retailer 3188,555-4956778,"32 St, City 87",53,103.16543506262938,2.0394381796509133,0
3189,Retailer 3189,555-3887757,"93 St, City 88",44,123.61738119019192,29.616837475923223,0
3190,Retailer 3190,555-3468665,"519 St, City 89",45,95.1299740295349,20.32826474396111,0
3191,Retailer 3191,555-7472973,"258 St, City 90",43,117.94051932686759,171.92435953715085,0
3192,Retailer 3192,555-1692924,"853 St, City 91",49,75.98789397333618,10.12876751906097,0
3193,Retailer 3193,555-3570115,"902 St, City 92",52,85.71800845038143,38.80595977510292,0
3194,Retailer 3194,555-2661655,"220 St, City 93",61,109.43135295286295,14.686696599527377,0
3195,Retailer 3195,555-8499066,"752 St, City 94",47,98.80291401296289,3.104872834095147,0
3196,Retailer 3196,555-5672412,"106 St, City 95",49,94.79712539999593,62.90264908204607,0
3197,Retailer 3197,555-4100498,"548 St, City 96",38,76.22628664120312,15.324866957918125,0
3198,Retailer 3198,555-8181479,"416 St, City 97",62,119.21526628981944,74.63857114970484,0
3199,Retailer 3199,555-4811666,"557 St, City 98",55,66.98827467005758,82.9040654711877,0
3200,Retailer 3200,555-4819712,"810 St, City 99",47,117.53344605586578,51.468056304311446,0
3201,Retailer 3201,555-2033668,"309 St, City 0",59,101.01894168154905,0.8420700596007256,0
3202,Retailer 3202,555-8712079,"366 St, City 1",67,101.33052406885972,101.46510745761208,0
3203,Retailer 3203,555-6604327,"521 St, City 2",48,99.01071715634279,3.977306086753874,0
3204,Retailer 3204,555-3473199,"459 St, City 3",47,82.70864329213573,80.34426189508865,0
3205,Retailer 3205,555-9271330,"599 St, City 4",46,99.2995463890733,27.983564506629385,0
3206,Retailer 3206,555-9686283,"370 St, City 5",42,107.31253818759251,14.218424408657283,0
3207,Retailer 3207,555-1708175,"331 St, City 6",45,108.24238312606028,38.33016118280566,0
3208,Retailer 3208,555-2867306,"689 St, City 7",44,98.00148252675294,21.20892429891739,0
3209,Retailer 3209,555-9652233,"642 St, City 8",48,97.73667041889436,47.46647857935933,0
3210,Retailer 3210,555-1842840,"707 St, City 9",42,97.58897683213958,21.63247055045031,0
3211,Retailer 3211,555-5394643,"11 St, City 10",52,94.8756181149743,13.809162565090078,0
3212,Retailer 3212,555-6889118,"818 St, City 11",55,64.70584715896345,13.428101167932008,0
3213,Retailer 3213,555-6128643,"507 St, City 12",49,89.59021445777941,13.113729203888688,0
3214,Retailer 3214,555-1125355,"419 St, City 13",62,79.22402721128584,19.210834913594343,0
3215,Retailer 3215,555-5222102,"122 St, City 14",41,96.7599045431346,3.500200308154814,0
3216,Retailer 3216,555-1615937,"911 St, City 15",52,81.65213390927583,32.515215971751076,0
3217,Retailer 3217,555-2375607,"235 St, City 16",49,106.8981631746862,12.5279608920768,0
3218,Retailer 3218,555-1019477,"331 St, City 17",42,123.76555427480136,24.73478070855469,0
3219,Retailer 3219,555-4556210,"543 St, City 18",49,93.605676849093,22.429220016653648,0
3220,Retailer 3220,555-7508856,"348 St, City 19",45,105.44421311371345,58.37419817031168,0
3221,Retailer 3221,555-3487111,"958 St, City 20",65,90.53698381340618,59.34796417783727,0
3222,Retailer 3222,555-3009606,"412 St, City 21",47,97.93425506942378,135.79534027867575,0
3223,Retailer 3223,555-2559757,"224 St, City 22",59,127.2153876839483,8.29538755300079,0
3224,Retailer 3224,555-8315830,"153 St, City 23",40,69.09484168422482,1.0519553156915193,0
3225,Retailer 3225,555-7156738,"212 St, City 24",55,86.5146504233714,16.59663625815755,0
3226,Retailer 3226,555-4432207,"92 St, City 25",48,102.11228851322535,68.08498435812365,0
3227,Retailer 3227,555-7171638,"921 St, City 26",47,96.66068515433741,27.50759415976334,0
3228,Retailer 3228,555-2881297,"331 St, City 27",54,92.49780713100853,14.029377380650661,0
3229,Retailer 3229,555-7083059,"467 St, City 28",51,76.39880493249231,44.368520624608884,0
3230,Retailer 3230,555-5529275,"860 St, City 29",52,108.65013187827547,37.37982985460851,0
3231,Retailer 3231,555-9519792,"641 St, City 30",61,97.98043609181575,37.50726388641628,0
3232,Retailer 3232,555-2135627,"955 St, City 31",51,112.85849276479708,21.682420190479014,0
3233,Retailer 3233,555-1245300,"709 St, City 32",45,120.78168096210322,22.68138442940078,0
3234,Retailer 3234,555-9972618,"970 St, City 33",45,99.16104967030842,24.345952560351616,0
3235,Retailer 3235,555-1092036,"554 St, City 34",42,126.51356206309387,24.130773632609426,0
3236,Retailer 3236,555-6995802,"878 St, City 35",47,120.90850831535512,6.932090201911843,0
3237,Retailer 3237,555-7439051,"930 St, City 36",45,91.27107112091751,8.462364271818354,0
3238,Retailer 3238,555-1853392,"228 St, City 37",62,129.2909030529914,14.053342746028765,0
3239,Retailer 3239,555-7015877,"194 St, City 38",50,113.12132796218944,58.02765729406605,0
3240,Retailer 3240,555-9670304,"530 St, City 39",50,125.5603216093075,18.618802402615895,0
3241,Retailer 3241,555-4662340,"845 St, City 40",50,63.426216721722845,78.24036288816254,0
3242,Retailer 3242,555-1154692,"243 St, City 41",63,113.40775953608313,47.30688772313989,0
3243,Retailer 3243,555-9362101,"389 St, City 42",47,106.23277841460052,59.30728801333271,0
3244,Retailer 3244,555-5457335,"276 St, City 43",54,83.66075237675226,4.321243232411758,0
3245,Retailer 3245,555-2657888,"450 St, City 44",49,70.02732219355765,4.83277060196286,0
3246,Retailer 3246,555-3585917,"639 St, City 45",38,96.99066989709308,8.100227375987295,0
3247,Retailer 3247,555-9110129,"587 St, City 46",48,100.99879363872094,32.59645271636929,0
3248,Retailer 3248,555-7147560,"574 St, City 47",43,88.2347356464708,19.404344079096422,0
3249,Retailer 3249,555-8946258,"478 St, City 48",48,84.9966275075488,5.583143129336088,0
3250,Retailer 3250,555-8557845,"480 St, City 49",59,89.01657463112946,41.086960750715654,0
3251,Retailer 3251,555-2824964,"288 St, City 50",56,86.53175600028969,21.861708538246553,0
3252,Retailer 3252,555-8724922,"698 St, City 51",48,118.62012724996418,39.390940767109726,0
3253,Retailer 3253,555-9152513,"690 St, City 52",67,83.93465082103782,72.06302397601063,0
3254,Retailer 3254,555-7789408,"678 St, City 53",55,67.09801667247392,73.86426648708174,0
3255,Retailer 3255,555-5764812,"695 St, City 54",56,115.71529113651509,10.748184520693618,0
3256,Retailer 3256,555-2568146,"540 St, City 55",48,118.28358174777603,5.178321521303773,0
3257,Retailer 3257,555-1483455,"330 St, City 56",63,97.59296883190227,17.065634071893584,0
3258,Retailer 3258,555-5036405,"470 St, City 57",43,77.44608899184394,2.6282627759900308,0
3259,Retailer 3259,555-9935827,"759 St, City 58",52,61.21501246379821,1.3489657113835938,0
3260,Retailer 3260,555-3186268,"849 St, City 59",45,100.69638232226077,114.65826566104289,0
3261,Retailer 3261,555-5445975,"534 St, City 60",49,110.25297373779,107.0788951271353,0
3262,Retailer 3262,555-3871656,"939 St, City 61",48,83.74342746824236,13.005776182201704,0
3263,Retailer 3263,555-5708569,"467 St, City 62",50,116.04047262179421,51.53147586587068,0
3264,Retailer 3264,555-4855933,"977 St, City 63",56,71.3682344198997,7.585886118957598,0
3265,Retailer 3265,555-3326729,"984 St, City 64",42,101.4299560617032,16.202089161293102,0
3266,Retailer 3266,555-7695233,"420 St, City 65",57,59.32081074942528,38.88812550171699,0
3267,Retailer 3267,555-9274437,"608 St, City 66",57,81.02288722267424,23.991443549580737,0
3268,Retailer 3268,555-4907129,"122 St, City 67",56,64.95677558117245,51.63089459439486,0
3269,Retailer 3269,555-1095556,"762 St, City 68",46,111.28231231018133,117.41927422185577,0
3270,Retailer 3270,555-6399869,"891 St, City 69",55,106.82146182658603,0.2717564860896932,0
3271,Retailer 3271,555-4469992,"308 St, City 70",53,148.97799118873917,77.51687200559611,0
3272,Retailer 3272,555-7139353,"932 St, City 71",47,103.88520773561491,16.004780452253698,0
3273,Retailer 3273,555-1652755,"924 St, City 72",52,91.40471147414203,15.724883302086054,0
3274,Retailer 3274,555-4666344,"334 St, City 73",50,79.37309626341523,0.01979044455241393,0
3275,Retailer 3275,555-6650352,"954 St, City 74",45,119.71613764981927,53.936357739527814,0
3276,Retailer 3276,555-1743088,"420 St, City 75",51,152.85756749781143,42.68736808743151,0
3277,Retailer 3277,555-1059778,"326 St, City 76",44,120.18002312084654,67.33242780280466,0
3278,Retailer 3278,555-6003361,"649 St, City 77",60,104.23437410198036,5.494649245521813,0
3279,Retailer 3279,555-9075042,"789 St, City 78",46,101.39552563781244,7.2664499876587625,0
3280,Retailer 3280,555-8706113,"832 St, City 79",60,67.3678710953935,10.851941838218867,0
3281,Retailer 3281,555-3173513,"844 St, City 80",47,117.59548576446775,22.663884884421787,0
3282,Retailer 3282,555-9910762,"573 St, City 81",208,7.115250764505886,12.698930206653477,1
3283,Retailer 3283,555-7913462,"250 St, City 82",57,75.96826700349007,10.688530281060423,0
3284,Retailer 3284,555-2011930,"990 St, City 83",49,96.25615351486718,6.052250271436134,0
3285,Retailer 3285,555-6862044,"95 St, City 84",59,84.4198511960457,5.202079377133703,0
3286,Retailer 3286,555-9280083,"296 St, City 85",57,81.52288626870529,19.21321176806928,0
3287,Retailer 3287,555-2785818,"184 St, City 86",48,90.2220349208014,17.712304482430103,0
3288,Retailer 3288,555-3951720,"260 St, City 87",45,62.18791389455656,46.131842144840924,0
3289,Retailer 3289,555-3082963,"799 St, City 88",54,94.79014827320296,52.088773807850195,0
3290,Retailer 3290,555-6962859,"667 St, City 89",46,104.82036291721033,36.18064466468809,0
3291,Retailer 3291,555-5256146,"186 St, City 90",53,80.20769832736775,53.37177252599601,0
3292,Retailer 3292,555-1289134,"409 St, City 91",46,126.94431866986841,3.4573403191772565,0
3293,Retailer 3293,555-8632285,"69 St, City 92",39,88.55550450634954,18.361379386561964,0
3294,Retailer 3294,555-5324660,"838 St, City 93",44,78.44176391173107,10.12521492140677,0
3295,Retailer 3295,555-3866069,"773 St, City 94",48,116.33862432042456,8.702442992297483,0
3296,Retailer 3296,555-1737090,"627 St, City 95",53,101.29014002614882,37.41633094378253,0
3297,Retailer 3297,555-4835598,"859 St, City 96",52,126.8374424514383,53.376318938231265,0
3298,Retailer 3298,555-5982042,"8 St, City 97",48,132.1476045984925,3.656125298638581,0
3299,Retailer 3299,555-2052425,"265 St, City 98",57,72.37097534120815,3.9750802870770428,0
3300,Retailer 3300,555-7303816,"783 St, City 99",46,144.526452985208,30.59986480864257,0
3301,Retailer 3301,555-1777567,"484 St, City 0",45,52.96876251526265,4.675026984697507,0
3302,Retailer 3302,555-3716207,"761 St, City 1",53,74.63443841484872,43.88032544533893,0
3303,Retailer 3303,555-7552901,"617 St, City 2",40,73.2650565033471,52.92931329395953,0
3304,Retailer 3304,555-2749736,"775 St, City 3",55,126.9721301098254,22.1973544273043,0
3305,Retailer 3305,555-7721635,"736 St, City 4",48,110.38142996974993,71.71055405597109,0
3306,Retailer 3306,555-1051707,"840 St, City 5",50,105.52713531467255,0.6168243821778435,0
3307,Retailer 3307,555-9669441,"371 St, City 6",48,51.806999428737086,7.701416773038144,0
3308,Retailer 3308,555-7104128,"783 St, City 7",54,99.54608438783406,44.476134248374066,0
3309,Retailer 3309,555-2877145,"677 St, City 8",48,148.76396224181744,94.60706812477447,0
3310,Retailer 3310,555-7687666,"83 St, City 9",45,110.31143473763203,97.00409874954192,0
3311,Retailer 3311,555-1778799,"807 St, City 10",47,93.43709924619132,0.011943690274134965,0
3312,Retailer 3312,555-8079701,"646 St, City 11",42,121.62552903559529,29.979043915942796,0
3313,Retailer 3313,555-1879459,"211 St, City 12",39,102.9139280700404,0.8312814949904304,0
3314,Retailer 3314,555-9249953,"313 St, City 13",198,10.31101406634444,36.15178330558129,1
3315,Retailer 3315,555-2822744,"604 St, City 14",37,86.41399848451401,43.835937035035144,0
3316,Retailer 3316,555-9167707,"337 St, City 15",49,110.84602068100708,58.48670138811884,0
3317,Retailer 3317,555-4843139,"490 St, City 16",50,94.37470238128968,22.615172057455062,0
3318,Retailer 3318,555-5447395,"403 St, City 17",68,103.34164612036142,56.93609029639362,0
3319,Retailer 3319,555-3361216,"639 St, City 18",42,53.525674525705284,77.24891189221142,0
3320,Retailer 3320,555-8446153,"191 St, City 19",37,97.810552897786,22.85748653776185,0
3321,Retailer 3321,555-3567587,"671 St, City 20",50,78.79711649335539,22.2773854120473,0
3322,Retailer 3322,555-1264237,"843 St, City 21",63,120.74360138919474,21.147908812833123,0
3323,Retailer 3323,555-5469353,"335 St, City 22",45,78.81805844524601,21.073892598844445,0
3324,Retailer 3324,555-5840351,"522 St, City 23",41,84.69536976752701,44.68759985874303,0
3325,Retailer 3325,555-3514719,"619 St, City 24",54,72.95345243406207,2.0911127577366444,0
3326,Retailer 3326,555-2908911,"87 St, City 25",57,116.57864581913465,18.07126989747885,0
3327,Retailer 3327,555-5002981,"579 St, City 26",48,110.3400842248473,22.269280041843427,0
3328,Retailer 3328,555-2419920,"62 St, City 27",52,78.06957751835238,7.241354321927243,0
3329,Retailer 3329,555-9360777,"387 St, City 28",41,81.48132520849192,23.379199446898863,0
3330,Retailer 3330,555-3179441,"146 St, City 29",43,115.854761971738,18.24542986534207,0
3331,Retailer 3331,555-3737946,"153 St, City 30",59,140.85848759339427,40.13455219478079,0
3332,Retailer 3332,555-3088062,"619 St, City 31",44,108.95739631556994,13.075921008866521,0
3333,Retailer 3333,555-2834907,"660 St, City 32",41,122.96444229523844,89.73616783043182,0
3334,Retailer 3334,555-9352110,"698 St, City 33",43,94.72008122108593,16.019263189398544,0
3335,Retailer 3335,555-4861774,"349 St, City 34",48,78.75239934488201,29.900014559090256,0
3336,Retailer 3336,555-4633795,"854 St, City 35",44,96.65057543284445,7.518510499551823,0
3337,Retailer 3337,555-4477084,"178 St, City 36",50,121.71760908854833,35.00580448726042,0
3338,Retailer 3338,555-5327802,"889 St, City 37",52,88.67526622520445,21.637327602963737,0
3339,Retailer 3339,555-4399752,"847 St, City 38",53,93.0715631073763,12.567287926599775,0
3340,Retailer 3340,555-4800986,"487 St, City 39",45,144.49667464492262,12.827203693416871,0
3341,Retailer 3341,555-6332889,"778 St, City 40",49,135.27745032604722,14.121927214629405,0
3342,Retailer 3342,555-1723858,"661 St, City 41",51,102.8655424663036,17.258438880736296,0
3343,Retailer 3343,555-1044816,"247 St, City 42",54,123.58788366173664,8.536560142906811,0
3344,Retailer 3344,555-1004138,"254 St, City 43",215,10.41910909905876,9.747027192372766,1
3345,Retailer 3345,555-5163960,"500 St, City 44",49,113.29888814467323,95.36285514451593,0
3346,Retailer 3346,555-8081905,"541 St, City 45",47,102.13658992860054,10.754370595485737,0
3347,Retailer 3347,555-4864044,"352 St, City 46",46,108.43028569976335,29.577914453412003,0
3348,Retailer 3348,555-7647463,"512 St, City 47",52,73.11048456030277,12.709194683689816,0
3349,Retailer 3349,555-8088166,"778 St, City 48",51,69.00025205583668,49.95479003317439,0
3350,Retailer 3350,555-1221552,"13 St, City 49",52,88.79194577506686,35.71650911113464,0
3351,Retailer 3351,555-9432372,"559 St, City 50",57,72.66089964332205,11.935056360182841,0
3352,Retailer 3352,555-2897951,"151 St, City 51",51,81.01136729079018,37.82940838096907,0
3353,Retailer 3353,555-6862835,"50 St, City 52",52,151.7195307899999,42.40927292785595,0
3354,Retailer 3354,555-9705070,"215 St, City 53",56,124.63164244428819,4.465151098894491,0
3355,Retailer 3355,555-3157280,"991 St, City 54",60,106.92860507261642,25.892906891866932,0
3356,Retailer 3356,555-1808301,"644 St, City 55",47,109.00330762483262,49.47021190574435,0
3357,Retailer 3357,555-6476420,"372 St, City 56",54,108.34016623764208,1.5498188928742023,0
3358,Retailer 3358,555-7296495,"113 St, City 57",38,96.18140674153197,21.27015301130704,0
3359,Retailer 3359,555-5346657,"252 St, City 58",51,106.47132153653605,54.946500858345345,0
3360,Retailer 3360,555-1112935,"963 St, City 59",45,118.93908404366447,91.57714876632943,0
3361,Retailer 3361,555-9200252,"341 St, City 60",63,95.384950886055,32.01211178273917,0
3362,Retailer 3362,555-3150205,"53 St, City 61",46,128.876418662827,11.916225690483179,0
3363,Retailer 3363,555-6424441,"130 St, City 62",52,95.13214183651931,27.854239325607633,0
3364,Retailer 3364,555-5280650,"836 St, City 63",50,80.15246027537466,0.8323406447006525,0
3365,Retailer 3365,555-5523535,"193 St, City 64",57,105.24664477607615,18.256554952939368,0
3366,Retailer 3366,555-5752989,"591 St, City 65",36,96.14959881464729,38.984503168004004,0
3367,Retailer 3367,555-5310518,"57 St, City 66",41,94.89292478102257,1.106365443008096,0
3368,Retailer 3368,555-2730085,"97 St, City 67",53,117.60235842653174,27.732217454202733,0
3369,Retailer 3369,555-3026110,"198 St, City 68",45,92.73359471485193,26.625417289540817,0
3370,Retailer 3370,555-6641379,"647 St, City 69",62,81.33549048403232,6.309499273266846,0
3371,Retailer 3371,555-9825150,"147 St, City 70",53,92.19308313312439,25.264922935631677,0
3372,Retailer 3372,555-6519948,"684 St, City 71",54,85.20879311951681,15.80104211676883,0
3373,Retailer 3373,555-7928887,"575 St, City 72",44,84.98311564864287,19.55031340409357,0
3374,Retailer 3374,555-5566701,"577 St, City 73",48,119.5733336064096,11.809349516323003,0
3375,Retailer 3375,555-9127333,"295 St, City 74",56,79.553719190902,49.876400494825546,0
3376,Retailer 3376,555-3980672,"723 St, City 75",44,102.37129929425898,13.654759690811652,0
3377,Retailer 3377,555-9236781,"621 St, City 76",55,93.35558735383655,46.93537629255909,0
3378,Retailer 3378,555-9815282,"794 St, City 77",64,97.80077698154308,2.389907597550474,0
3379,Retailer 3379,555-6202413,"684 St, City 78",48,59.266632881005094,9.79596424578325,0
3380,Retailer 3380,555-1082409,"12 St, City 79",46,112.8763387590956,15.458567716805621,0
3381,Retailer 3381,555-8363280,"918 St, City 80",52,94.38792638667134,15.55462779241648,0
3382,Retailer 3382,555-7766886,"333 St, City 81",46,119.4300965141689,17.463992960621066,0
3383,Retailer 3383,555-9212411,"220 St, City 82",44,107.99580934936573,31.700189722421378,0
3384,Retailer 3384,555-6417755,"398 St, City 83",43,100.96919024839997,25.60333002380422,0
3385,Retailer 3385,555-6131104,"342 St, City 84",53,100.14813912110846,22.08462546812146,0
3386,Retailer 3386,555-4499701,"798 St, City 85",37,144.78933489857798,54.54416010040282,0
3387,Retailer 3387,555-2927716,"512 St, City 86",42,83.9382718788516,6.55090851265787,0
3388,Retailer 3388,555-6241684,"172 St, City 87",39,105.84179954037774,59.034604354530586,0
3389,Retailer 3389,555-6081857,"468 St, City 88",52,104.77688489223547,50.0485936794426,0
3390,Retailer 3390,555-6759420,"748 St, City 89",48,67.72931972309621,6.533284435234364,0
3391,Retailer 3391,555-6306490,"987 St, City 90",53,98.82251034617452,29.350037148782004,0
3392,Retailer 3392,555-7922981,"166 St, City 91",46,68.84957968623222,7.580168129376332,0
3393,Retailer 3393,555-8817209,"699 St, City 92",53,98.64174146657196,85.84686992868752,0
3394,Retailer 3394,555-5893091,"170 St, City 93",57,67.5472231349416,20.374347464036564,0
3395,Retailer 3395,555-4800315,"564 St, City 94",48,107.62625065824264,6.834221977499904,0
3396,Retailer 3396,555-7469723,"512 St, City 95",59,74.8022722980901,30.327091151374933,0
3397,Retailer 3397,555-7102545,"831 St, City 96",51,99.76237198014385,36.84888505393798,0
3398,Retailer 3398,555-3252641,"189 St, City 97",49,67.51047691555594,27.86378042718841,0
3399,Retailer 3399,555-1344126,"120 St, City 98",55,109.51172072523168,8.299769981744593,0
3400,Retailer 3400,555-6107385,"105 St, City 99",58,98.42876404272072,39.865050187280374,0
3401,Retailer 3401,555-9074444,"674 St, City 0",52,96.32051403393002,79.59099461436307,0
3402,Retailer 3402,555-2137411,"807 St, City 1",57,102.80078559660716,91.18101091146484,0
3403,Retailer 3403,555-2670357,"41 St, City 2",54,110.47525816370471,34.134288277729844,0
3404,Retailer 3404,555-6939334,"889 St, City 3",48,82.81430102073075,55.023466431303525,0
3405,Retailer 3405,555-7393404,"876 St, City 4",53,99.65959366097637,115.37555799781376,0
3406,Retailer 3406,555-4330922,"677 St, City 5",56,90.67457176779413,1.330496406771292,0
3407,Retailer 3407,555-5155479,"321 St, City 6",49,126.04051236114967,19.44467368844598,0
3408,Retailer 3408,555-6709635,"886 St, City 7",48,91.83490256606657,10.334263963233239,0
3409,Retailer 3409,555-9686594,"335 St, City 8",40,83.91247798539162,19.31855142334684,0
3410,Retailer 3410,555-2315823,"160 St, City 9",54,69.90964124490954,74.63774334308765,0
3411,Retailer 3411,555-4433372,"264 St, City 10",51,94.65102753365139,122.92557074510411,0
3412,Retailer 3412,555-1770692,"865 St, City 11",48,86.18266372308729,70.59248441284072,0
3413,Retailer 3413,555-6867504,"530 St, City 12",54,107.22759131669731,6.586404894122385,0
3414,Retailer 3414,555-9817353,"685 St, City 13",71,104.44127837249258,48.7158875729481,0
3415,Retailer 3415,555-5832091,"477 St, City 14",44,110.62256946799022,51.05591040843566,0
3416,Retailer 3416,555-1673812,"352 St, City 15",37,74.81684068140567,25.980706938033766,0
3417,Retailer 3417,555-3932977,"545 St, City 16",47,45.347863689747186,37.6466225865287,0
3418,Retailer 3418,555-8797698,"773 St, City 17",45,99.98037458144806,70.72941750719386,0
3419,Retailer 3419,555-7982252,"210 St, City 18",56,116.46368308914617,154.3126341817844,0
3420,Retailer 3420,555-7616659,"496 St, City 19",51,92.12747869243009,1.2268362833319364,0
3421,Retailer 3421,555-4817042,"895 St, City 20",59,135.7013361892917,8.9183565298041,0
3422,Retailer 3422,555-5539170,"842 St, City 21",46,97.53079123006484,81.80601910763461,0
3423,Retailer 3423,555-5969411,"382 St, City 22",54,85.28228023252333,11.97626078530391,0
3424,Retailer 3424,555-1536644,"676 St, City 23",58,108.3288744487443,3.3779036654121364,0
3425,Retailer 3425,555-1652416,"481 St, City 24",52,127.62052172019287,11.274249954553952,0
3426,Retailer 3426,555-6210307,"919 St, City 25",44,99.13776820316716,21.92520861480315,0
3427,Retailer 3427,555-9161562,"936 St, City 26",31,115.0736131124778,14.63726947769243,0
3428,Retailer 3428,555-2707542,"5 St, City 27",53,91.54591029373569,46.577993410427105,0
3429,Retailer 3429,555-5191896,"34 St, City 28",57,91.99793394306478,28.328027881792526,0
3430,Retailer 3430,555-7086932,"792 St, City 29",44,122.37200466998695,17.122819058531984,0
3431,Retailer 3431,555-2474620,"145 St, City 30",45,64.57120707044528,177.00731166390318,0
3432,Retailer 3432,555-2849395,"351 St, City 31",50,79.01896969358324,65.13061502723122,0
3433,Retailer 3433,555-7623063,"583 St, City 32",55,111.61163062244117,59.47087614760127,0
3434,Retailer 3434,555-1989336,"465 St, City 33",60,93.12799152883014,25.128079064938824,0
3435,Retailer 3435,555-6224237,"348 St, City 34",47,105.97026714847776,45.41365378084199,0
3436,Retailer 3436,555-4138102,"742 St, City 35",47,110.65889204718526,12.279018989536649,0
3437,Retailer 3437,555-6160324,"125 St, City 36",44,73.63712814141113,12.00763593470704,0
3438,Retailer 3438,555-8421289,"790 St, City 37",53,73.47275756465646,66.7834751369822,0
3439,Retailer 3439,555-9450361,"271 St, City 38",51,123.0588112890024,27.25215812109811,0
3440,Retailer 3440,555-6647183,"357 St, City 39",56,92.2773660596632,12.628943863587152,0
3441,Retailer 3441,555-6666912,"527 St, City 40",62,86.48349408133731,55.99246888770007,0
3442,Retailer 3442,555-5318420,"754 St, City 41",55,107.40400559976248,17.53169049726152,0
3443,Retailer 3443,555-6217084,"498 St, City 42",56,119.58737108520711,15.323562886978898,0
3444,Retailer 3444,555-4205228,"153 St, City 43",53,115.57222001443171,0.7955869300227407,0
3445,Retailer 3445,555-6299238,"53 St, City 44",51,109.23643542025681,34.08966035715251,0
3446,Retailer 3446,555-9882600,"149 St, City 45",46,123.15297705090342,22.81982066419688,0
3447,Retailer 3447,555-7514948,"503 St, City 46",56,110.19186131036983,11.211543002438296,0
3448,Retailer 3448,555-5980137,"870 St, City 47",49,88.91765985146237,4.500327905428332,0
3449,Retailer 3449,555-7717526,"450 St, City 48",57,105.2431352072542,6.042035086908621,0
3450,Retailer 3450,555-9464848,"219 St, City 49",51,115.66678910773622,7.641426600965279,0
3451,Retailer 3451,555-5429899,"625 St, City 50",56,83.81465573882586,60.11968406895294,0
3452,Retailer 3452,555-4891151,"800 St, City 51",51,88.64831954719692,19.65451264409621,0
3453,Retailer 3453,555-2948061,"277 St, City 52",57,103.94279679238115,35.67224113273886,0
3454,Retailer 3454,555-8347000,"452 St, City 53",48,113.74498618426664,18.558919370395508,0
3455,Retailer 3455,555-7581118,"428 St, City 54",41,99.53487148596535,19.258265983920232,0
3456,Retailer 3456,555-6032661,"83 St, City 55",54,105.15842705696149,51.804084951598334,0
3457,Retailer 3457,555-1898332,"962 St, City 56",52,50.26133688149222,44.24153763822877,0
3458,Retailer 3458,555-8603876,"218 St, City 57",52,131.9859179796104,7.92436436660963,0
3459,Retailer 3459,555-5025942,"738 St, City 58",40,115.51221457735154,29.482517679010734,0
3460,Retailer 3460,555-9551795,"782 St, City 59",57,114.5554488410831,34.20067885795882,0
3461,Retailer 3461,555-5703855,"527 St, City 60",54,112.84477802144923,15.565907524526969,0
3462,Retailer 3462,555-2562518,"404 St, City 61",43,114.61436863863882,2.1233547147193055,0
3463,Retailer 3463,555-6248400,"290 St, City 62",46,127.82112639238338,13.92803556877449,0
3464,Retailer 3464,555-9556135,"420 St, City 63",56,122.37922877027562,13.309274204778859,0
3465,Retailer 3465,555-3744804,"339 St, City 64",52,108.56228703863346,35.19647859660324,0
3466,Retailer 3466,555-9299141,"777 St, City 65",55,116.11355614282179,49.745898161731105,0
3467,Retailer 3467,555-2587819,"711 St, City 66",55,105.55421824100448,15.126215070784797,0
3468,Retailer 3468,555-6182101,"670 St, City 67",38,84.7825574592491,31.12971428753375,0
3469,Retailer 3469,555-7541600,"845 St, City 68",53,89.83579651955597,30.886687154721066,0
3470,Retailer 3470,555-7356381,"987 St, City 69",43,91.59343318862872,31.33694915432401,0
3471,Retailer 3471,555-1594557,"959 St, City 70",56,96.59834336837207,24.243882046610842,0
3472,Retailer 3472,555-8239914,"419 St, City 71",46,95.2509793854326,29.76408215261727,0
3473,Retailer 3473,555-9354207,"909 St, City 72",48,76.90270334043049,60.67765031824091,0
3474,Retailer 3474,555-1990121,"207 St, City 73",45,104.21277669985035,76.46567584762495,0
3475,Retailer 3475,555-2725049,"686 St, City 74",43,114.75775884736605,2.8887010570122054,0
3476,Retailer 3476,555-8845870,"696 St, City 75",41,90.68915852565962,0.35466542892377545,0
3477,Retailer 3477,555-1483442,"265 St, City 76",53,93.51032623275366,21.951390050593062,0
3478,Retailer 3478,555-6272225,"983 St, City 77",66,115.08741948352747,15.972325528722545,0
3479,Retailer 3479,555-5109545,"758 St, City 78",50,103.78809287186024,17.998965571072517,0
3480,Retailer 3480,555-7622766,"36 St, City 79",59,117.62863794915746,18.402654485888387,0
3481,Retailer 3481,555-2751797,"373 St, City 80",54,114.70308366619874,67.66777960731052,0
3482,Retailer 3482,555-9486014,"488 St, City 81",54,84.1787944081029,30.369768232056057,0
3483,Retailer 3483,555-4452814,"259 St, City 82",45,104.52792120252768,17.520178691438804,0
3484,Retailer 3484,555-7870679,"994 St, City 83",40,112.00238072328885,18.197125986697813,0
3485,Retailer 3485,555-9038762,"531 St, City 84",50,86.07141609338596,55.83379341523061,0
3486,Retailer 3486,555-3891912,"924 St, City 85",46,76.661878819495,7.340831947367296,0
3487,Retailer 3487,555-8355566,"23 St, City 86",63,99.63295509241877,0.44568908813941727,0
3488,Retailer 3488,555-2609184,"104 St, City 87",49,58.03039987342395,19.512252002558206,0
3489,Retailer 3489,555-8913490,"241 St, City 88",47,33.59522881939088,96.92158979762516,0
3490,Retailer 3490,555-5798793,"903 St, City 89",54,112.01582038792822,50.52032473766662,0
3491,Retailer 3491,555-8337895,"873 St, City 90",46,84.80327780458502,15.747494257083872,0
3492,Retailer 3492,555-3328476,"716 St, City 91",43,93.96350679836156,5.77476030205864,0
3493,Retailer 3493,555-1484273,"253 St, City 92",54,104.82330675260141,25.328538225767122,0
3494,Retailer 3494,555-8738866,"142 St, City 93",44,99.18894997852256,63.534137720808836,0
3495,Retailer 3495,555-6113728,"814 St, City 94",54,84.66020099996844,37.898265373449306,0
3496,Retailer 3496,555-6386159,"655 St, City 95",49,139.19471352846014,23.30892454799852,0
3497,Retailer 3497,555-6646895,"451 St, City 96",193,-2.084997875206472,39.82678796112479,1
3498,Retailer 3498,555-1726448,"783 St, City 97",49,155.13455613443452,100.27768002168398,0
3499,Retailer 3499,555-1070463,"307 St, City 98",51,81.20443892914723,24.135337717594762,0
3500,Retailer 3500,555-6450652,"984 St, City 99",63,92.46493935857103,24.313896055241393,0
3501,Retailer 3501,555-7852902,"500 St, City 0",51,100.49202427857689,19.53732428231308,0
3502,Retailer 3502,555-3866457,"622 St, City 1",47,101.48986431129401,25.083724005431918,0
3503,Retailer 3503,555-3430992,"8 St, City 2",52,119.80095519671488,30.249074574527047,0
3504,Retailer 3504,555-5314380,"69 St, City 3",49,53.41463175921128,6.855206382166708,0
3505,Retailer 3505,555-6301572,"702 St, City 4",51,130.5421464249988,25.181918129405254,0
3506,Retailer 3506,555-5911408,"691 St, City 5",57,62.50412169629971,0.4064614036505362,0
3507,Retailer 3507,555-6116934,"575 St, City 6",49,84.45384126536294,83.38445929390463,0
3508,Retailer 3508,555-6595956,"68 St, City 7",51,101.03689365503864,1.1572136997175626,0
3509,Retailer 3509,555-9425021,"718 St, City 8",37,108.20425109992202,95.21211966527864,0
3510,Retailer 3510,555-8903402,"912 St, City 9",45,96.01187468371043,104.20604368827321,0
3511,Retailer 3511,555-6890298,"980 St, City 10",42,90.42866075366192,22.44649501142619,0
3512,Retailer 3512,555-7866684,"408 St, City 11",39,100.14523162923322,12.122799576771214,0
3513,Retailer 3513,555-9027522,"518 St, City 12",43,92.04536648298142,6.135200915917992,0
3514,Retailer 3514,555-9953038,"119 St, City 13",43,121.67182157839548,5.3083700178492546,0
3515,Retailer 3515,555-5860319,"825 St, City 14",44,113.83382202296312,8.151661003325193,0
3516,Retailer 3516,555-4641141,"31 St, City 15",57,108.93472065585618,19.399733647203533,0
3517,Retailer 3517,555-4381915,"518 St, City 16",42,120.45610616465844,40.748487733359255,0
3518,Retailer 3518,555-9430664,"483 St, City 17",37,106.96297077755044,15.261315267785909,0
3519,Retailer 3519,555-3148983,"207 St, City 18",47,95.22873301949836,45.562161579083096,0
3520,Retailer 3520,555-1773952,"669 St, City 19",43,67.82642276551006,24.943749420392287,0
3521,Retailer 3521,555-1908380,"579 St, City 20",57,137.26744859984035,0.5839559829438574,0
3522,Retailer 3522,555-5620792,"971 St, City 21",40,122.45915670196206,4.239701036859945,0
3523,Retailer 3523,555-2337768,"387 St, City 22",51,75.81393150334326,25.476467818680497,0
3524,Retailer 3524,555-4090930,"412 St, City 23",199,7.937480335620058,5.272258180621729,1
3525,Retailer 3525,555-7859698,"842 St, City 24",43,109.21897015725085,28.11866754184681,0
3526,Retailer 3526,555-2514101,"370 St, City 25",47,81.13442551839874,17.67878980680389,0
3527,Retailer 3527,555-2406150,"353 St, City 26",51,127.70610236988033,35.14344926605212,0
3528,Retailer 3528,555-9913613,"944 St, City 27",52,103.30673489471451,10.335491587674317,0
3529,Retailer 3529,555-2229458,"336 St, City 28",44,77.04067270870684,51.71604974126968,0
3530,Retailer 3530,555-7296450,"891 St, City 29",47,75.64626787022263,14.774068708375436,0
3531,Retailer 3531,555-8082122,"906 St, City 30",46,108.3194300705521,47.784500489922365,0
3532,Retailer 3532,555-7360756,"289 St, City 31",52,80.90277761057325,0.586826066493867,0
3533,Retailer 3533,555-5755997,"996 St, City 32",44,85.29985150772748,14.980951381110739,0
3534,Retailer 3534,555-2493551,"963 St, City 33",50,108.49272380267035,7.461089031867884,0
3535,Retailer 3535,555-4973313,"965 St, City 34",50,86.78794039568926,17.592365506510824,0
3536,Retailer 3536,555-3436831,"140 St, City 35",60,90.6034181356001,88.01651797813341,0
3537,Retailer 3537,555-9743662,"953 St, City 36",44,84.20265993721873,5.193384051911226,0
3538,Retailer 3538,555-4839847,"300 St, City 37",79,113.4500076002332,2.763336198167383,0
3539,Retailer 3539,555-2166670,"13 St, City 38",40,124.76969363818634,1.8083055124014829,0
3540,Retailer 3540,555-1680667,"664 St, City 39",51,65.87199390046607,3.949764974194257,0
3541,Retailer 3541,555-6319728,"428 St, City 40",42,80.31730802092817,1.9188061940399157,0
3542,Retailer 3542,555-6410897,"825 St, City 41",52,55.069140606377154,34.630541126510614,0
3543,Retailer 3543,555-3014017,"864 St, City 42",49,102.5301127440498,3.746555121099566,0
3544,Retailer 3544,555-8084364,"400 St, City 43",59,104.09734790990856,6.598456538265843,0
3545,Retailer 3545,555-5022261,"992 St, City 44",44,81.00566909970937,31.114027218782084,0
3546,Retailer 3546,555-5637203,"109 St, City 45",62,91.2657175309594,17.726268625988215,0
3547,Retailer 3547,555-5675519,"485 St, City 46",45,109.15983635524891,1.6864701963044673,0
3548,Retailer 3548,555-5894940,"888 St, City 47",45,131.04273075317587,105.87854038446372,0
3549,Retailer 3549,555-2999482,"356 St, City 48",52,85.20602206317682,27.483550050046503,0
3550,Retailer 3550,555-4649244,"149 St, City 49",52,102.18914547367257,28.541340332699242,0
3551,Retailer 3551,555-5614466,"879 St, City 50",40,110.91843365194313,57.434693569207404,0
3552,Retailer 3552,555-6846866,"716 St, City 51",50,135.94421108972358,71.93768870721487,0
3553,Retailer 3553,555-7182719,"307 St, City 52",58,108.04089063860434,1.7635446234751702,0
3554,Retailer 3554,555-1350067,"533 St, City 53",47,138.18165423015301,2.1238230633957254,0
3555,Retailer 3555,555-3059385,"60 St, City 54",59,71.17230034379341,44.95715184611522,0
3556,Retailer 3556,555-8449194,"435 St, City 55",48,108.23862010293807,35.705517339551776,0
3557,Retailer 3557,555-3367322,"21 St, City 56",46,94.61530035735039,7.331490983131872,0
3558,Retailer 3558,555-2375645,"875 St, City 57",44,99.50995621955929,11.624057281820699,0
3559,Retailer 3559,555-7562877,"382 St, City 58",46,75.69842646962542,28.328436286081185,0
3560,Retailer 3560,555-7043995,"245 St, City 59",48,124.45173370484588,46.67556921269983,0
3561,Retailer 3561,555-7964705,"902 St, City 60",44,111.63933094790889,27.72639208997976,0
3562,Retailer 3562,555-7632142,"73 St, City 61",46,104.26652305532332,47.10198832923942,0
3563,Retailer 3563,555-8656495,"449 St, City 62",44,65.73095377157091,7.787148685251081,0
3564,Retailer 3564,555-1245144,"76 St, City 63",44,118.26791745819261,12.06426599302385,0
3565,Retailer 3565,555-4822727,"698 St, City 64",44,86.70517305319532,3.214968522917904,0
3566,Retailer 3566,555-2244360,"590 St, City 65",57,84.31974012610661,125.62229326365348,0
3567,Retailer 3567,555-8225593,"390 St, City 66",45,69.84814045109314,49.662925125141754,0
3568,Retailer 3568,555-5970809,"577 St, City 67",43,93.33644216284483,37.7410505929748,0
3569,Retailer 3569,555-4049316,"342 St, City 68",69,88.9388495570557,6.500401976976567,0
3570,Retailer 3570,555-7622575,"290 St, City 69",57,126.83319815860948,35.98785920895984,0
3571,Retailer 3571,555-8503276,"568 St, City 70",54,79.92463776269126,59.5049175183961,0
3572,Retailer 3572,555-8267807,"331 St, City 71",52,85.62289051637163,49.877076850044965,0
3573,Retailer 3573,555-3960883,"259 St, City 72",63,88.19286797398667,42.15641058466901,0
3574,Retailer 3574,555-1906450,"426 St, City 73",48,83.62128662780185,14.689393515458754,0
3575,Retailer 3575,555-1282140,"702 St, City 74",49,73.44357354211641,43.69689904786576,0
3576,Retailer 3576,555-9213062,"6 St, City 75",51,112.98491950797477,19.88276589360242,0
3577,Retailer 3577,555-1558981,"6 St, City 76",49,96.5392308799893,15.551904247020062,0
3578,Retailer 3578,555-9497552,"191 St, City 77",47,89.21324832835157,100.38621131482165,0
3579,Retailer 3579,555-2797519,"148 St, City 78",37,86.97054348853663,4.75826423621705,0
3580,Retailer 3580,555-4877590,"405 St, City 79",53,102.51391457740553,60.01202501099803,0
3581,Retailer 3581,555-8683647,"258 St, City 80",47,87.11709661527225,11.662677423377922,0
3582,Retailer 3582,555-4715929,"730 St, City 81",58,98.63678838493448,21.79570557492074,0
3583,Retailer 3583,555-5391401,"479 St, City 82",56,109.55086722224354,13.526554087338901,0
3584,Retailer 3584,555-3928100,"90 St, City 83",43,106.88751816132721,20.98688213738142,0
3585,Retailer 3585,555-2953341,"824 St, City 84",48,128.75535516913794,51.17888787251896,0
3586,Retailer 3586,555-1973737,"864 St, City 85",66,119.56726963988945,6.063970562948404,0
3587,Retailer 3587,555-6433001,"10 St, City 86",60,106.61022867672555,42.169582875649006,0
3588,Retailer 3588,555-4902908,"87 St, City 87",40,107.63386731783375,17.71170601746344,0
3589,Retailer 3589,555-7671628,"762 St, City 88",50,139.21032428598622,81.97808855571047,0
3590,Retailer 3590,555-8903498,"838 St, City 89",45,84.03704175332899,23.755056733433108,0
3591,Retailer 3591,555-7062133,"151 St, City 90",59,109.94625714229188,1.2676719356362356,0
3592,Retailer 3592,555-6698618,"988 St, City 91",56,82.74917510607806,72.30714499416585,0
3593,Retailer 3593,555-8640888,"625 St, City 92",41,116.67350617699877,77.50590579074793,0
3594,Retailer 3594,555-1295866,"30 St, City 93",52,112.7700876250606,5.950651093698017,0
3595,Retailer 3595,555-7236893,"128 St, City 94",47,95.09004541892669,107.9847804087712,0
3596,Retailer 3596,555-7822603,"78 St, City 95",51,125.95422972834572,17.706861351932552,0
3597,Retailer 3597,555-8250569,"421 St, City 96",56,101.20433662096,73.74900863554004,0
3598,Retailer 3598,555-2805518,"55 St, City 97",38,106.71310575101194,13.580382235872268,0
3599,Retailer 3599,555-4623425,"480 St, City 98",47,67.68364449704156,0.6883480076457251,0
3600,Retailer 3600,555-4599537,"305 St, City 99",47,145.05401411133727,47.545357263029395,0
3601,Retailer 3601,555-7521689,"546 St, City 0",55,79.35005181288238,65.09706826887606,0
3602,Retailer 3602,555-7689558,"105 St, City 1",46,75.13121678213287,5.331078766497254,0
3603,Retailer 3603,555-7298941,"172 St, City 2",40,112.42575969896127,24.22180762194946,0
3604,Retailer 3604,555-7010224,"499 St, City 3",58,103.42707175947321,53.43495934656722,0
3605,Retailer 3605,555-5091685,"22 St, City 4",60,69.34230889772095,18.57158306365656,0
3606,Retailer 3606,555-9595960,"287 St, City 5",43,82.85243449473666,46.586889109889476,0
3607,Retailer 3607,555-1184514,"391 St, City 6",41,91.9145330485499,30.491064275612317,0
3608,Retailer 3608,555-7736549,"617 St, City 7",60,85.13457863445986,38.2673327266925,0
3609,Retailer 3609,555-2258624,"149 St, City 8",53,103.92627314031851,75.33106154965516,0
3610,Retailer 3610,555-6929949,"272 St, City 9",48,118.61871523086396,16.177954361536127,0
3611,Retailer 3611,555-8296991,"788 St, City 10",59,143.96500275707052,44.217709474674095,0
3612,Retailer 3612,555-5783725,"299 St, City 11",60,69.38728657867638,37.415130738681334,0
3613,Retailer 3613,555-7671203,"172 St, City 12",41,98.676771577537,17.340442968659612,0
3614,Retailer 3614,555-3750025,"47 St, City 13",54,101.69158836517703,14.397931095742537,0
3615,Retailer 3615,555-8785446,"626 St, City 14",58,101.42332112379276,63.94849897755813,0
3616,Retailer 3616,555-6735630,"787 St, City 15",54,103.9879976615089,6.872566326403313,0
3617,Retailer 3617,555-3926979,"816 St, City 16",49,101.66080345058718,11.504083627378844,0
3618,Retailer 3618,555-3514399,"992 St, City 17",45,123.22863335959086,110.05114353105569,0
3619,Retailer 3619,555-1955205,"207 St, City 18",44,107.74503797848242,9.745563558222056,0
3620,Retailer 3620,555-7666199,"453 St, City 19",62,69.7520737523674,61.78362247425059,0
3621,Retailer 3621,555-1966649,"395 St, City 20",56,73.64960332220961,13.929130659807065,0
3622,Retailer 3622,555-8493971,"975 St, City 21",44,118.15149730854364,24.03558043105419,0
3623,Retailer 3623,555-5980939,"925 St, City 22",198,4.0500945847939285,15.24199573723256,1
3624,Retailer 3624,555-8576126,"754 St, City 23",50,94.47939857682906,7.503950377486398,0
3625,Retailer 3625,555-6061500,"301 St, City 24",42,109.44491522435371,35.2426996827104,0
3626,Retailer 3626,555-2200532,"708 St, City 25",60,112.23767587469492,101.98514536529774,0
3627,Retailer 3627,555-8496287,"676 St, City 26",44,120.21836774016793,66.99482530191091,0
3628,Retailer 3628,555-6193378,"176 St, City 27",59,95.3751808620798,126.54969383656459,0
3629,Retailer 3629,555-1464462,"855 St, City 28",55,115.9363540587036,35.24475218064671,0
3630,Retailer 3630,555-5868923,"783 St, City 29",53,97.44615696589973,1.0525991422760699,0
3631,Retailer 3631,555-8930221,"110 St, City 30",43,70.52550017895183,24.227787322316054,0
3632,Retailer 3632,555-7010554,"684 St, City 31",50,107.75926846698131,29.22675669591298,0
3633,Retailer 3633,555-5603623,"963 St, City 32",51,125.3240258687421,3.8399034273271324,0
3634,Retailer 3634,555-8962366,"864 St, City 33",44,115.59030917371736,52.882382676546285,0
3635,Retailer 3635,555-1274535,"202 St, City 34",48,123.9869178924643,39.288964973442376,0
3636,Retailer 3636,555-6140709,"168 St, City 35",55,103.5243908519528,17.849545388137116,0
3637,Retailer 3637,555-3480017,"614 St, City 36",62,83.1034429513934,10.359113066451936,0
3638,Retailer 3638,555-5816129,"86 St, City 37",47,103.8635106776629,7.5233761060187,0
3639,Retailer 3639,555-9207623,"654 St, City 38",53,92.51060076176528,100.10178954198703,0
3640,Retailer 3640,555-1917472,"959 St, City 39",63,106.55548525285548,48.596098625067,0
3641,Retailer 3641,555-4649279,"849 St, City 40",45,101.174595121763,35.464797550840515,0
3642,Retailer 3642,555-6016239,"725 St, City 41",43,120.58054441693487,88.91548928304157,0
3643,Retailer 3643,555-4221131,"51 St, City 42",36,72.33425891291296,6.826026889961872,0
3644,Retailer 3644,555-9977182,"112 St, City 43",40,53.253982936954294,58.47518717687339,0
3645,Retailer 3645,555-3434138,"463 St, City 44",52,101.57131950572659,26.2721811278493,0
3646,Retailer 3646,555-9493535,"442 St, City 45",46,92.88573100790488,81.11400595510466,0
3647,Retailer 3647,555-8783874,"271 St, City 46",44,89.61683789190812,32.41815982949067,0
3648,Retailer 3648,555-7590828,"577 St, City 47",46,85.86681824477125,40.589653408410236,0
3649,Retailer 3649,555-5217690,"344 St, City 48",47,99.2794436512687,7.540778974928976,0
3650,Retailer 3650,555-4649886,"183 St, City 49",64,108.24927596484125,12.693418747989243,0
3651,Retailer 3651,555-6533326,"503 St, City 50",56,110.99868377155175,10.79922472996085,0
3652,Retailer 3652,555-5446460,"844 St, City 51",65,43.02843675093503,35.539417509021305,0
3653,Retailer 3653,555-8293708,"10 St, City 52",54,97.92630591858538,15.888707895670777,0
3654,Retailer 3654,555-6044080,"494 St, City 53",63,64.34464656027248,58.97866088735877,0
3655,Retailer 3655,555-1953122,"234 St, City 54",50,117.80699672706787,7.169862879573213,0
3656,Retailer 3656,555-5663754,"298 St, City 55",65,112.43965756183952,47.64020779393389,0
3657,Retailer 3657,555-5517562,"244 St, City 56",35,78.68455383090806,50.338370875965,0
3658,Retailer 3658,555-7540180,"509 St, City 57",48,101.77201891101082,29.656058637645277,0
3659,Retailer 3659,555-9503197,"351 St, City 58",53,59.93573022893721,4.815985106621136,0
3660,Retailer 3660,555-2193982,"267 St, City 59",49,108.73673565438581,11.867775854503146,0
3661,Retailer 3661,555-9582447,"630 St, City 60",49,109.02679163919822,15.212058605264831,0
3662,Retailer 3662,555-7654754,"656 St, City 61",50,115.16165590644857,18.78984320327825,0
3663,Retailer 3663,555-1506453,"893 St, City 62",57,112.43054567609325,40.04135435386347,0
3664,Retailer 3664,555-7548894,"201 St, City 63",50,89.23132001731071,12.391581400451868,0
3665,Retailer 3665,555-3507743,"239 St, City 64",47,79.42022489927926,0.5515724305353735,0
3666,Retailer 3666,555-2555811,"334 St, City 65",44,86.07369409671242,60.31508849573034,0
3667,Retailer 3667,555-6077198,"915 St, City 66",44,97.49083278912626,16.986279923152054,0
3668,Retailer 3668,555-7184377,"415 St, City 67",47,74.72270516579916,9.97562791489119,0
3669,Retailer 3669,555-4845474,"969 St, City 68",35,93.08128293131776,51.308565780047715,0
3670,Retailer 3670,555-4924482,"484 St, City 69",34,93.08543052984372,63.320631580466504,0
3671,Retailer 3671,555-4232452,"437 St, City 70",41,122.35389307441734,39.395649176123285,0
3672,Retailer 3672,555-5947796,"999 St, City 71",42,109.41355559226834,13.123349898812327,0
3673,Retailer 3673,555-5290697,"246 St, City 72",57,85.61205820173106,7.883195839964391,0
3674,Retailer 3674,555-7886940,"858 St, City 73",38,105.83453851595881,37.4272617859991,0
3675,Retailer 3675,555-4812010,"8 St, City 74",41,108.41644021477953,1.7752879360044165,0
3676,Retailer 3676,555-2478081,"152 St, City 75",40,65.29672652859927,14.880731519128293,0
3677,Retailer 3677,555-2570889,"392 St, City 76",57,141.51481714356987,42.66453297932542,0
3678,Retailer 3678,555-8373372,"211 St, City 77",62,96.35666432684742,26.389518992081666,0
3679,Retailer 3679,555-4071640,"367 St, City 78",43,81.98380104885558,39.71117745641579,0
3680,Retailer 3680,555-6253974,"944 St, City 79",49,100.40373939332908,25.523258622441954,0
3681,Retailer 3681,555-1950922,"670 St, City 80",42,81.62551889741653,8.220771166383631,0
3682,Retailer 3682,555-2684449,"570 St, City 81",52,64.81131585000311,19.803846109045313,0
3683,Retailer 3683,555-9854198,"86 St, City 82",46,111.26454254746768,44.49236137846323,0
3684,Retailer 3684,555-6753371,"55 St, City 83",51,100.84742419227867,7.856178275728525,0
3685,Retailer 3685,555-2433284,"713 St, City 84",66,105.22392087410766,98.92187926873957,0
3686,Retailer 3686,555-2117374,"634 St, City 85",47,66.17091270933187,6.801870965682959,0
3687,Retailer 3687,555-3999610,"446 St, City 86",38,109.11449935148653,0.4292667885471954,0
3688,Retailer 3688,555-3298756,"620 St, City 87",62,95.45967020092823,45.16189974974457,0
3689,Retailer 3689,555-8100052,"304 St, City 88",43,74.93269925229367,79.10101354160065,0
3690,Retailer 3690,555-3788107,"132 St, City 89",50,81.80111615348093,8.496468815989276,0
3691,Retailer 3691,555-9418865,"421 St, City 90",45,131.44281264204344,5.054564676828495,0
3692,Retailer 3692,555-5601731,"904 St, City 91",41,91.25848607494505,7.60532754237797,0
3693,Retailer 3693,555-8173877,"385 St, City 92",41,130.54692789734898,29.654922466206656,0
3694,Retailer 3694,555-1985257,"988 St, City 93",49,80.8262772925363,25.955137052991855,0
3695,Retailer 3695,555-2101267,"198 St, City 94",46,88.51390982433347,29.134030932560414,0
3696,Retailer 3696,555-1418829,"47 St, City 95",55,91.68376955667226,0.23292585633914545,0
3697,Retailer 3697,555-8040906,"740 St, City 96",67,115.49574850650063,5.123189952001497,0
3698,Retailer 3698,555-4438780,"757 St, City 97",61,104.9659459187932,8.3611952016361,0
3699,Retailer 3699,555-8517750,"203 St, City 98",51,103.36702362216289,35.82913935275463,0
3700,Retailer 3700,555-2546933,"261 St, City 99",41,120.74790538379708,28.152038612052486,0
3701,Retailer 3701,555-9713937,"690 St, City 0",44,112.12887221238732,29.33710064464566,0
3702,Retailer 3702,555-3956151,"24 St, City 1",44,72.79587672893882,25.368981784373805,0
3703,Retailer 3703,555-2227222,"687 St, City 2",51,119.09318689599135,40.937643692319114,0
3704,Retailer 3704,555-2543812,"786 St, City 3",53,78.58720580410214,85.26175817433418,0
3705,Retailer 3705,555-8831038,"340 St, City 4",52,119.7011550431736,33.5858594956839,0
3706,Retailer 3706,555-7835032,"412 St, City 5",57,108.8073646391126,40.99031956043418,0
3707,Retailer 3707,555-1865256,"973 St, City 6",51,111.36479781959623,28.109038137965047,0
3708,Retailer 3708,555-8948745,"261 St, City 7",47,91.1861441672598,47.93079271629517,0
3709,Retailer 3709,555-1000917,"286 St, City 8",46,78.34599867656682,85.93334197304392,0
3710,Retailer 3710,555-8304000,"513 St, City 9",44,96.97035039716101,27.873949374068264,0
3711,Retailer 3711,555-8150406,"86 St, City 10",57,105.85891128549848,5.990382798462183,0
3712,Retailer 3712,555-8068931,"850 St, City 11",59,111.47194414533749,44.12505488807367,0
3713,Retailer 3713,555-5473447,"430 St, City 12",60,89.6853510682824,31.566160847042045,0
3714,Retailer 3714,555-9650699,"581 St, City 13",46,86.50260966471302,81.36385045288877,0
3715,Retailer 3715,555-9791765,"31 St, City 14",54,93.64242160438778,9.529148562423646,0
3716,Retailer 3716,555-7876913,"710 St, City 15",55,115.97835216438472,105.23341690023659,0
3717,Retailer 3717,555-7139996,"603 St, City 16",39,63.917871999050654,24.077217838930448,0
3718,Retailer 3718,555-8557773,"440 St, City 17",36,94.3935853527916,99.72522666834948,0
3719,Retailer 3719,555-9637873,"985 St, City 18",60,86.11952832167948,45.97975803134887,0
3720,Retailer 3720,555-8737777,"349 St, City 19",51,109.94146631847404,60.28844092296648,0
3721,Retailer 3721,555-8554159,"895 St, City 20",51,121.43145799466585,11.739840815144117,0
3722,Retailer 3722,555-7565792,"412 St, City 21",55,67.4025859148514,7.432091622129365,0
3723,Retailer 3723,555-2384822,"528 St, City 22",59,106.35379861412109,29.351659013892537,0
3724,Retailer 3724,555-2807402,"310 St, City 23",51,117.6876891668497,14.068018999311727,0
3725,Retailer 3725,555-2949902,"949 St, City 24",41,80.36772492524895,127.83664415378328,0
3726,Retailer 3726,555-8505191,"396 St, City 25",57,119.36625594264939,20.52544882000359,0
3727,Retailer 3727,555-9717429,"788 St, City 26",49,80.11129894877106,3.512012872037058,0
3728,Retailer 3728,555-1243877,"338 St, City 27",50,111.8504774648532,20.72266221087383,0
3729,Retailer 3729,555-4345026,"674 St, City 28",50,123.44684489085172,22.976890959972618,0
3730,Retailer 3730,555-1920759,"437 St, City 29",51,84.83585739626119,0.1421981661726341,0
3731,Retailer 3731,555-2761369,"704 St, City 30",56,94.71345433873438,8.450578441912482,0
3732,Retailer 3732,555-6786572,"663 St, City 31",43,122.2708994252304,0.0402130580818772,0
3733,Retailer 3733,555-8562160,"365 St, City 32",37,52.67915357713356,24.69776396696833,0
3734,Retailer 3734,555-9386369,"923 St, City 33",42,109.73988552206342,10.365006192494274,0
3735,Retailer 3735,555-2858997,"113 St, City 34",36,135.96230817160048,5.70604794922574,0
3736,Retailer 3736,555-5980249,"785 St, City 35",50,40.38803905628406,54.71302925557303,0
3737,Retailer 3737,555-5975467,"176 St, City 36",43,121.54757287999757,0.9143221356554104,0
3738,Retailer 3738,555-2429290,"149 St, City 37",53,116.49965448977687,35.30134044995297,0
3739,Retailer 3739,555-6188757,"178 St, City 38",58,98.92408958921467,25.529078500403276,0
3740,Retailer 3740,555-3120711,"936 St, City 39",58,108.19706949184783,44.29342923271545,0
3741,Retailer 3741,555-1521244,"382 St, City 40",45,104.91323905761149,4.256008886404953,0
3742,Retailer 3742,555-7271271,"223 St, City 41",48,89.11530236000445,61.57348353640627,0
3743,Retailer 3743,555-2399769,"259 St, City 42",38,124.74313394838879,11.641912021799014,0
3744,Retailer 3744,555-7913744,"785 St, City 43",40,99.874803411579,0.25751797745258365,0
3745,Retailer 3745,555-6919359,"189 St, City 44",47,107.87235645578781,32.07249922960385,0
3746,Retailer 3746,555-9876659,"306 St, City 45",57,80.79875617792612,58.84480765482959,0
3747,Retailer 3747,555-1825782,"378 St, City 46",53,53.30152989727602,13.094347316754174,0
3748,Retailer 3748,555-1439439,"602 St, City 47",55,76.42326567030779,22.496231242378006,0
3749,Retailer 3749,555-2264134,"343 St, City 48",64,136.58347147120082,15.947849817536374,0
3750,Retailer 3750,555-7767567,"774 St, City 49",57,112.88405957554554,1.3018010807326195,0
3751,Retailer 3751,555-6759919,"156 St, City 50",42,91.35918390978048,41.966719816998854,0
3752,Retailer 3752,555-2894554,"712 St, City 51",59,111.44746007040266,85.14731428583234,0
3753,Retailer 3753,555-6855319,"55 St, City 52",50,108.45706986201924,16.345842761998888,0
3754,Retailer 3754,555-8605503,"766 St, City 53",61,63.98193568306437,4.679823846854652,0
3755,Retailer 3755,555-8984638,"442 St, City 54",55,116.99766525693275,21.100432057210263,0
3756,Retailer 3756,555-1947272,"685 St, City 55",62,61.8379021919211,70.53898268450479,0
3757,Retailer 3757,555-5914082,"200 St, City 56",55,87.42499550144352,27.928378462105922,0
3758,Retailer 3758,555-6730482,"403 St, City 57",42,80.39738971913809,7.161332506954856,0
3759,Retailer 3759,555-6941028,"614 St, City 58",46,104.02140624467027,24.16987831466976,0
3760,Retailer 3760,555-7600430,"797 St, City 59",49,104.21965031210247,11.874298275245557,0
3761,Retailer 3761,555-7343902,"663 St, City 60",34,39.89645784469447,0.7152607380401241,0
3762,Retailer 3762,555-4119734,"623 St, City 61",43,124.60184109057514,73.47774224226177,0
3763,Retailer 3763,555-8748408,"928 St, City 62",58,101.24897390847435,47.462768423772765,0
3764,Retailer 3764,555-1711943,"778 St, City 63",46,119.2570378762461,77.34087971039739,0
3765,Retailer 3765,555-3621158,"603 St, City 64",55,100.66297352547913,34.44645348210622,0
3766,Retailer 3766,555-8730484,"177 St, City 65",48,103.52070716550733,17.92085603156928,0
3767,Retailer 3767,555-7143243,"449 St, City 66",52,71.31301974720115,20.388479733377906,0
3768,Retailer 3768,555-3438064,"743 St, City 67",49,84.4414356929467,6.8680733429819965,0
3769,Retailer 3769,555-6754640,"541 St, City 68",56,95.69878184472469,14.647428094492167,0
3770,Retailer 3770,555-5230207,"955 St, City 69",48,113.9203842289989,5.36845084983253,0
3771,Retailer 3771,555-6446441,"301 St, City 70",57,90.98623464176033,19.24294386701764,0
3772,Retailer 3772,555-2998173,"707 St, City 71",53,85.61568506620169,31.146892293747204,0
3773,Retailer 3773,555-6858204,"307 St, City 72",45,81.93182093659621,8.89547905260007,0
3774,Retailer 3774,555-5706797,"751 St, City 73",45,107.16953751474206,86.3477557104549,0
3775,Retailer 3775,555-2490017,"869 St, City 74",44,98.16828329206568,31.225540044425397,0
3776,Retailer 3776,555-4102641,"991 St, City 75",53,82.34423533143365,7.450675272607184,0
3777,Retailer 3777,555-1641593,"896 St, City 76",48,96.12808896070783,5.481671526510834,0
3778,Retailer 3778,555-2534227,"267 St, City 77",41,84.94269431499117,5.588830663253568,0
3779,Retailer 3779,555-3297905,"214 St, City 78",62,80.43357192016231,109.3236871632237,0
3780,Retailer 3780,555-5197079,"594 St, City 79",45,68.03774637849253,8.100095648039833,0
3781,Retailer 3781,555-3587551,"640 St, City 80",51,72.82257696805638,5.53116620891165,0
3782,Retailer 3782,555-5109070,"483 St, City 81",35,98.94530378866943,5.373431603373589,0
3783,Retailer 3783,555-2806210,"262 St, City 82",59,59.46991195291108,12.66131816510022,0
3784,Retailer 3784,555-4989284,"67 St, City 83",49,83.14898901297458,28.65996930915939,0
3785,Retailer 3785,555-7356605,"574 St, City 84",46,112.94076462671548,2.471386000206389,0
3786,Retailer 3786,555-9415224,"133 St, City 85",50,119.63978734647775,5.210414773209784,0
3787,Retailer 3787,555-5940359,"649 St, City 86",59,107.40304798525676,112.46231055301264,0
3788,Retailer 3788,555-4838187,"540 St, City 87",54,116.3182657498903,28.853701757614864,0
3789,Retailer 3789,555-5401207,"512 St, City 88",42,100.39321300173147,4.513642663622686,0
3790,Retailer 3790,555-7091111,"211 St, City 89",55,78.94673258337447,23.961727803069007,0
3791,Retailer 3791,555-2038218,"988 St, City 90",38,113.7166299159856,8.2701363247244,0
3792,Retailer 3792,555-9740973,"987 St, City 91",34,109.73390475611717,109.0503546318006,0
3793,Retailer 3793,555-8192767,"717 St, City 92",46,89.20093340368041,14.770517930116675,0
3794,Retailer 3794,555-5109404,"253 St, City 93",35,87.55168937083089,4.607654271751995,0
3795,Retailer 3795,555-9749917,"38 St, City 94",51,99.08689953122709,28.47723446910108,0
3796,Retailer 3796,555-5250167,"43 St, City 95",57,122.66158003966565,4.430889174760646,0
3797,Retailer 3797,555-4318843,"629 St, City 96",56,92.4813726955417,21.898687844425343,0
3798,Retailer 3798,555-8291916,"405 St, City 97",55,39.21399997782822,57.36354843465321,0
3799,Retailer 3799,555-1278495,"987 St, City 98",60,108.66890556148249,12.72708915759971,0
3800,Retailer 3800,555-2846357,"702 St, City 99",62,77.81318002388691,19.472846428072476,0
3801,Retailer 3801,555-6917054,"46 St, City 0",48,108.90121982455453,3.4396435800203795,0
3802,Retailer 3802,555-8880055,"454 St, City 1",47,108.13306746873802,31.182700480115543,0
3803,Retailer 3803,555-4030486,"678 St, City 2",51,130.77124191293777,3.5675558627577093,0
3804,Retailer 3804,555-4980053,"305 St, City 3",53,98.01583009218162,11.87872644463252,0
3805,Retailer 3805,555-1700033,"715 St, City 4",53,109.92001463201385,55.20005366397995,0
3806,Retailer 3806,555-6107742,"233 St, City 5",46,102.6747787470167,4.8726954936817615,0
3807,Retailer 3807,555-8036278,"245 St, City 6",37,117.57548300233842,55.009347507706615,0
3808,Retailer 3808,555-4901403,"721 St, City 7",53,28.996609022747663,29.873971761027075,0
3809,Retailer 3809,555-1134445,"760 St, City 8",51,86.45647765942591,4.56110509488491,0
3810,Retailer 3810,555-2845700,"295 St, City 9",49,95.06268075248653,5.535438868138614,0
3811,Retailer 3811,555-9304831,"839 St, City 10",47,100.93498776959551,32.64917261529565,0
3812,Retailer 3812,555-7882727,"383 St, City 11",49,75.72084823119805,39.18804988664008,0
3813,Retailer 3813,555-1871535,"158 St, City 12",43,105.92744730861033,31.990176102173223,0
3814,Retailer 3814,555-2742166,"405 St, City 13",37,117.64500962472249,37.55835428216893,0
3815,Retailer 3815,555-2035408,"1 St, City 14",69,86.14594607555684,13.462930282692485,0
3816,Retailer 3816,555-2461312,"217 St, City 15",53,80.55710340271969,0.043090328923618394,0
3817,Retailer 3817,555-8627742,"928 St, City 16",43,107.90885761774105,22.580571883293736,0
3818,Retailer 3818,555-6053929,"507 St, City 17",43,103.18499839739869,27.08034505311051,0
3819,Retailer 3819,555-9885048,"761 St, City 18",40,104.66991985844183,34.90936354900689,0
3820,Retailer 3820,555-2471926,"904 St, City 19",47,70.95506764829689,7.892144953730935,0
3821,Retailer 3821,555-3873524,"581 St, City 20",57,154.7217832627288,5.598265837925986,0
3822,Retailer 3822,555-3742455,"30 St, City 21",51,50.636206463230515,53.21265168926227,0
3823,Retailer 3823,555-3269409,"627 St, City 22",48,117.31280246023759,55.221633117025874,0
3824,Retailer 3824,555-7013704,"520 St, City 23",52,85.64949051062065,131.72735120601234,0
3825,Retailer 3825,555-1295599,"881 St, City 24",45,160.43569354616764,12.45458710823889,0
3826,Retailer 3826,555-2557009,"275 St, City 25",53,108.78539127467153,1.8249402370603587,0
3827,Retailer 3827,555-1597904,"492 St, City 26",44,121.33674522855881,19.381256061944853,0
3828,Retailer 3828,555-1116841,"827 St, City 27",60,109.95841163972007,19.60314157111015,0
3829,Retailer 3829,555-6907726,"951 St, City 28",52,51.114099724918304,1.1164239686939061,0
3830,Retailer 3830,555-9558542,"926 St, City 29",62,102.24730954553317,25.674319990630707,0
3831,Retailer 3831,555-6826038,"847 St, City 30",47,107.21168537638793,9.066375489184313,0
3832,Retailer 3832,555-2135270,"36 St, City 31",51,109.46920956557302,3.8052006902904574,0
3833,Retailer 3833,555-1237068,"311 St, City 32",51,123.66130757365038,27.85782764077401,0
3834,Retailer 3834,555-6024592,"44 St, City 33",41,104.54362615929189,9.953027904334618,0
3835,Retailer 3835,555-2604243,"155 St, City 34",44,116.09419343604814,24.736903274115488,0
3836,Retailer 3836,555-1851161,"77 St, City 35",51,84.7843726492612,0.4598069596671184,0
3837,Retailer 3837,555-5772945,"590 St, City 36",50,64.70483866889907,13.681564974014247,0
3838,Retailer 3838,555-2638846,"613 St, City 37",43,81.52595022507249,60.16858781090016,0
3839,Retailer 3839,555-5230987,"438 St, City 38",65,85.14839423097722,31.504705702756258,0
3840,Retailer 3840,555-8870907,"432 St, City 39",56,81.55065636836053,60.637480944589875,0
3841,Retailer 3841,555-9713542,"542 St, City 40",48,75.52737733694164,40.46700921823522,0
3842,Retailer 3842,555-2802466,"39 St, City 41",45,80.84902381957197,38.15849768526708,0
3843,Retailer 3843,555-3382865,"239 St, City 42",43,91.1891782556506,61.21197006586791,0
3844,Retailer 3844,555-1464310,"13 St, City 43",49,79.59409225722091,0.5920981430215324,0
3845,Retailer 3845,555-4714755,"122 St, City 44",46,151.34661122586553,16.341727774963037,0
3846,Retailer 3846,555-9945850,"144 St, City 45",44,72.00500597290815,96.87843684278005,0
3847,Retailer 3847,555-4127640,"684 St, City 46",49,108.79855619568941,5.849868568512086,0
3848,Retailer 3848,555-5303677,"455 St, City 47",48,89.1833978103319,31.815864746294825,0
3849,Retailer 3849,555-5098535,"368 St, City 48",51,110.73648691308262,46.84704476920115,0
3850,Retailer 3850,555-5753292,"759 St, City 49",53,95.15846737142081,81.3637890028425,0
3851,Retailer 3851,555-7227952,"247 St, City 50",63,117.01468379399726,61.62432504949858,0
3852,Retailer 3852,555-6673938,"923 St, City 51",52,92.00804567029762,33.86421936013595,0
3853,Retailer 3853,555-9009292,"45 St, City 52",51,101.74630270409864,37.25650865132153,0
3854,Retailer 3854,555-6108728,"765 St, City 53",58,55.84910950890838,12.603794681333163,0
3855,Retailer 3855,555-6060795,"375 St, City 54",56,72.5052058078247,7.605592527259839,0
3856,Retailer 3856,555-6769049,"291 St, City 55",42,68.91553713547621,95.55077021973646,0
3857,Retailer 3857,555-1919134,"207 St, City 56",46,130.32809591110924,111.35336632648281,0
3858,Retailer 3858,555-2855797,"924 St, City 57",55,118.64095082088576,16.5808340743885,0
3859,Retailer 3859,555-7379515,"995 St, City 58",48,103.89733971190999,15.870937083506133,0
3860,Retailer 3860,555-9078886,"519 St, City 59",49,120.90960189273629,18.02895632566547,0
3861,Retailer 3861,555-5636440,"958 St, City 60",54,79.72375578011494,18.564236503269218,0
3862,Retailer 3862,555-7489759,"242 St, City 61",52,129.7509045257392,55.38644085385053,0
3863,Retailer 3863,555-9899770,"622 St, City 62",57,101.9389388282046,16.900141669555957,0
3864,Retailer 3864,555-3570725,"114 St, City 63",67,95.23366408584369,64.20157677364725,0
3865,Retailer 3865,555-3426277,"819 St, City 64",47,120.29637133777642,35.64148076095514,0
3866,Retailer 3866,555-8200987,"302 St, City 65",44,119.10513201843784,100.90954279479575,0
3867,Retailer 3867,555-6324852,"276 St, City 66",55,71.61187349443355,33.677348902890714,0
3868,Retailer 3868,555-6580509,"96 St, City 67",42,117.23590923666,15.939849140399827,0
3869,Retailer 3869,555-2317621,"294 St, City 68",51,96.54237663692813,75.02359303268476,0
3870,Retailer 3870,555-7408929,"701 St, City 69",58,105.5472077643822,7.832934280259812,0
3871,Retailer 3871,555-4637967,"360 St, City 70",55,91.76223442080091,100.53412591937807,0
3872,Retailer 3872,555-3367893,"288 St, City 71",55,78.05649123625982,1.3320077539381745,0
3873,Retailer 3873,555-6766140,"154 St, City 72",48,72.93746827154285,30.72802309358186,0
3874,Retailer 3874,555-6053127,"570 St, City 73",55,87.60062299378731,0.5525469016760857,0
3875,Retailer 3875,555-1739574,"423 St, City 74",46,108.71773708518744,6.843694312289797,0
3876,Retailer 3876,555-5071495,"916 St, City 75",58,105.09812988965182,18.70724848721386,0
3877,Retailer 3877,555-1325437,"850 St, City 76",73,104.06220776733493,5.168987537759882,0
3878,Retailer 3878,555-3091013,"50 St, City 77",50,115.93831573864006,134.81916942610673,0
3879,Retailer 3879,555-4681890,"207 St, City 78",49,98.88833313032968,44.48580925236406,0
3880,Retailer 3880,555-6991305,"564 St, City 79",55,137.90071623887863,57.08499915447619,0
3881,Retailer 3881,555-1872834,"854 St, City 80",69,107.5441544704089,115.99780936611235,0
3882,Retailer 3882,555-5637370,"883 St, City 81",45,80.26122047809449,33.696560177540135,0
3883,Retailer 3883,555-7626379,"662 St, City 82",55,73.23306637793951,9.301846393938856,0
3884,Retailer 3884,555-6887774,"565 St, City 83",48,106.65143662329146,42.43509172225604,0
3885,Retailer 3885,555-8352132,"213 St, City 84",43,95.70432844288983,26.33454672119217,0
3886,Retailer 3886,555-2032499,"66 St, City 85",50,76.88463999120458,9.33871954004457,0
3887,Retailer 3887,555-4820888,"232 St, City 86",46,96.84858463679033,13.732030083939486,0
3888,Retailer 3888,555-8730302,"885 St, City 87",40,88.98126383485815,28.084696979175977,0
3889,Retailer 3889,555-8534504,"811 St, City 88",43,91.12327784566305,15.098347821921111,0
3890,Retailer 3890,555-3331348,"850 St, City 89",38,127.14669706680056,8.04155940016488,0
3891,Retailer 3891,555-7565269,"663 St, City 90",52,114.35811871433455,16.859525338625346,0
3892,Retailer 3892,555-8199107,"717 St, City 91",51,120.95334411132373,7.981565807244744,0
3893,Retailer 3893,555-3806284,"320 St, City 92",41,134.3396303101104,62.409798638509415,0
3894,Retailer 3894,555-7572531,"767 St, City 93",54,102.50033225735993,35.532328166863664,0
3895,Retailer 3895,555-2141452,"137 St, City 94",49,105.04857166912873,14.1740000280463,0
3896,Retailer 3896,555-7816080,"881 St, City 95",58,106.53211397400983,87.25416678940013,0
3897,Retailer 3897,555-6550560,"647 St, City 96",62,122.19290079098822,14.777219068690073,0
3898,Retailer 3898,555-2230796,"937 St, City 97",64,121.08312841634113,25.632537380409488,0
3899,Retailer 3899,555-1113936,"566 St, City 98",46,88.26334469426266,21.515335704623837,0
3900,Retailer 3900,555-5210583,"65 St, City 99",38,77.12964935592257,3.9004086612786186,0
3901,Retailer 3901,555-8539769,"514 St, City 0",50,78.4961218362385,16.538596433334266,0
3902,Retailer 3902,555-5280428,"132 St, City 1",49,101.03467075077081,2.4215204697777137,0
3903,Retailer 3903,555-3433351,"334 St, City 2",51,75.34371716215946,5.609820895657086,0
3904,Retailer 3904,555-3189063,"32 St, City 3",48,107.27096159054304,46.468389352093354,0
3905,Retailer 3905,555-3819182,"868 St, City 4",65,57.45710127515725,10.814548261197805,0
3906,Retailer 3906,555-1447244,"898 St, City 5",38,137.40793439753637,2.7949188426260396,0
3907,Retailer 3907,555-7252016,"872 St, City 6",44,72.56926986467093,38.07760611432069,0
3908,Retailer 3908,555-9471414,"498 St, City 7",36,86.95593309886235,48.64478863853607,0
3909,Retailer 3909,555-2278673,"243 St, City 8",54,88.44760289733414,25.888002688566026,0
3910,Retailer 3910,555-6168638,"192 St, City 9",48,129.27888870787467,74.16977145608902,0
3911,Retailer 3911,555-5115741,"142 St, City 10",55,99.85522268171795,56.80233793116436,0
3912,Retailer 3912,555-7778892,"660 St, City 11",51,78.67745968634256,24.136637635360792,0
3913,Retailer 3913,555-4457521,"601 St, City 12",47,98.55732407888429,40.06922314728963,0
3914,Retailer 3914,555-5684013,"561 St, City 13",58,100.8959836733573,11.980398530524083,0
3915,Retailer 3915,555-6044829,"648 St, City 14",53,107.73651493417582,30.34153619618238,0
3916,Retailer 3916,555-6683860,"988 St, City 15",56,78.1058264275988,113.07430096780782,0
3917,Retailer 3917,555-3438710,"191 St, City 16",49,117.6902328015635,48.26400368613269,0
3918,Retailer 3918,555-9887120,"942 St, City 17",46,102.60032663164952,14.077878346493181,0
3919,Retailer 3919,555-1767442,"149 St, City 18",47,129.3357928930307,80.80929990895685,0
3920,Retailer 3920,555-8936627,"599 St, City 19",38,96.53015040144531,52.31249996738279,0
3921,Retailer 3921,555-9863886,"416 St, City 20",51,98.4908154741424,1.1379510344989625,0
3922,Retailer 3922,555-2930440,"520 St, City 21",199,5.587739636312542,41.11321986008419,1
3923,Retailer 3923,555-9768201,"735 St, City 22",47,125.03336292784151,112.39433452097613,0
3924,Retailer 3924,555-1494955,"869 St, City 23",50,113.6967970900443,11.468863627603767,0
3925,Retailer 3925,555-6478878,"16 St, City 24",55,85.37720973797461,9.661431426039304,0
3926,Retailer 3926,555-6679487,"808 St, City 25",52,153.50811715530742,30.65512250914989,0
3927,Retailer 3927,555-5840349,"106 St, City 26",56,87.17105960653625,3.5001269909304735,0
3928,Retailer 3928,555-2626528,"283 St, City 27",37,89.497310607558,33.71568000881489,0
3929,Retailer 3929,555-7096696,"104 St, City 28",56,119.27625080782653,7.707973626851455,0
3930,Retailer 3930,555-3914611,"361 St, City 29",41,96.7889743355849,18.018740366305796,0
3931,Retailer 3931,555-2308014,"658 St, City 30",56,78.43685705739588,66.76044737620185,0
3932,Retailer 3932,555-3247680,"35 St, City 31",50,124.64662707542912,47.805053010079675,0
3933,Retailer 3933,555-7589154,"113 St, City 32",41,140.0494273785156,3.428405960408708,0
3934,Retailer 3934,555-3821839,"308 St, City 33",47,79.49785901333556,42.98704299949643,0
3935,Retailer 3935,555-1298783,"911 St, City 34",59,124.48917679012114,15.916099983288785,0
3936,Retailer 3936,555-4602571,"959 St, City 35",55,90.11550105813102,155.773846930353,0
3937,Retailer 3937,555-9340960,"53 St, City 36",45,58.3605764117976,10.688942003474548,0
3938,Retailer 3938,555-4879928,"859 St, City 37",54,113.03588649225998,19.08028169742044,0
3939,Retailer 3939,555-8039879,"81 St, City 38",48,62.57086388701077,12.51904748753323,0
3940,Retailer 3940,555-3115226,"616 St, City 39",72,85.39630999531256,26.47064466959363,0
3941,Retailer 3941,555-7962365,"834 St, City 40",36,94.49949252320773,9.272308645243143,0
3942,Retailer 3942,555-2340683,"369 St, City 41",55,99.34183029103534,73.13387635039177,0
3943,Retailer 3943,555-4630400,"242 St, City 42",52,121.8631446860796,28.790756845843422,0
3944,Retailer 3944,555-6994602,"31 St, City 43",45,87.73291512318036,85.78878334561206,0
3945,Retailer 3945,555-3854119,"829 St, City 44",48,127.91573438828274,34.23161052496816,0
3946,Retailer 3946,555-3673705,"704 St, City 45",43,98.16986275110136,6.167750570154661,0
3947,Retailer 3947,555-7307517,"869 St, City 46",221,15.51475803219703,0.4661921172523893,1
3948,Retailer 3948,555-4597170,"361 St, City 47",52,111.88535514942357,15.706046673155097,0
3949,Retailer 3949,555-4305610,"233 St, City 48",54,136.00288134927652,151.1271051159293,0
3950,Retailer 3950,555-9841830,"610 St, City 49",57,90.78883943086483,62.849524243578266,0
3951,Retailer 3951,555-3088618,"34 St, City 50",51,79.1187174938289,56.28061104645819,0
3952,Retailer 3952,555-8596537,"243 St, City 51",36,88.46769426465443,25.22744325896355,0
3953,Retailer 3953,555-7922972,"951 St, City 52",204,17.562874074721023,2.9892862829560376,1
3954,Retailer 3954,555-5400852,"59 St, City 53",49,106.11605043974245,0.4587423183229787,0
3955,Retailer 3955,555-7759991,"771 St, City 54",37,68.9553867706344,54.72031778678375,0
3956,Retailer 3956,555-3593157,"529 St, City 55",46,112.83073772076682,5.858287423583625,0
3957,Retailer 3957,555-8058021,"78 St, City 56",43,94.67256615931139,2.393936452304499,0
3958,Retailer 3958,555-7119922,"718 St, City 57",43,113.87605336024954,37.1109935551169,0
3959,Retailer 3959,555-6575477,"302 St, City 58",49,94.74302637309349,0.0352500326153984,0
3960,Retailer 3960,555-7919879,"678 St, City 59",45,109.71328488279879,40.50669773657425,0
3961,Retailer 3961,555-8759080,"803 St, City 60",47,80.24740590081127,6.408115549534905,0
3962,Retailer 3962,555-7662064,"897 St, City 61",54,105.5796386549702,11.631456767215196,0
3963,Retailer 3963,555-1217314,"112 St, City 62",47,86.86996857508748,5.65131430980052,0
3964,Retailer 3964,555-3635122,"413 St, City 63",50,112.19228530893149,45.03743509862238,0
3965,Retailer 3965,555-6728394,"900 St, City 64",58,97.12006675482324,19.894413796768003,0
3966,Retailer 3966,555-1748692,"317 St, City 65",45,122.04551893779602,5.439535967272395,0
3967,Retailer 3967,555-3382962,"865 St, City 66",54,94.96163067991604,1.1787973806588938,0
3968,Retailer 3968,555-4466689,"145 St, City 67",43,85.02977754971735,129.62129085695955,0
3969,Retailer 3969,555-2614694,"668 St, City 68",55,102.70994846270959,37.591465318901655,0
3970,Retailer 3970,555-9970512,"690 St, City 69",43,146.89087016894774,34.17857209599519,0
3971,Retailer 3971,555-5465669,"858 St, City 70",50,121.54803231109626,20.96342472833518,0
3972,Retailer 3972,555-4881143,"648 St, City 71",44,83.97238950981935,17.127150653561653,0
3973,Retailer 3973,555-5911077,"930 St, City 72",49,99.92985133716158,47.68384716472043,0
3974,Retailer 3974,555-2945537,"827 St, City 73",54,86.68641695970402,52.565943518556296,0
3975,Retailer 3975,555-8941238,"18 St, City 74",44,82.58581057451738,1.8914277389697358,0
3976,Retailer 3976,555-9466724,"351 St, City 75",47,100.28896969298714,58.859440536396356,0
3977,Retailer 3977,555-9772978,"955 St, City 76",38,94.83201633896833,43.00791042928015,0
3978,Retailer 3978,555-4374659,"155 St, City 77",54,79.17963052116127,19.978380840110294,0
3979,Retailer 3979,555-1519385,"784 St, City 78",45,86.82835419355223,19.406486780567608,0
3980,Retailer 3980,555-2572138,"506 St, City 79",37,101.07667155020067,54.017382207948934,0
3981,Retailer 3981,555-6180703,"778 St, City 80",61,88.43609347283635,47.332647277171105,0
3982,Retailer 3982,555-1226256,"360 St, City 81",53,99.69335732522111,4.482745611462868,0
3983,Retailer 3983,555-7853878,"332 St, City 82",42,86.02930556661883,23.90164113355574,0
3984,Retailer 3984,555-9809147,"918 St, City 83",47,109.36145856211425,104.56095033221015,0
3985,Retailer 3985,555-8849453,"528 St, City 84",68,86.2628933664301,39.893090414136815,0
3986,Retailer 3986,555-7494290,"12 St, City 85",47,112.68307547700401,108.3334366357602,0
3987,Retailer 3987,555-4373307,"75 St, City 86",48,94.15024124495487,44.882938438440135,0
3988,Retailer 3988,555-1550242,"212 St, City 87",55,57.084379141868375,22.31183918818939,0
3989,Retailer 3989,555-8001837,"691 St, City 88",53,94.7207872660487,27.858693668546614,0
3990,Retailer 3990,555-4497831,"641 St, City 89",66,110.10122354047061,37.07560740875097,0
3991,Retailer 3991,555-3848439,"283 St, City 90",48,88.94588201730598,39.14991580007577,0
3992,Retailer 3992,555-6978106,"195 St, City 91",57,96.07685496172782,41.29730803112751,0
3993,Retailer 3993,555-9065819,"780 St, City 92",50,112.48990557656685,79.88915463715996,0
3994,Retailer 3994,555-9333920,"30 St, City 93",58,130.39775841323527,11.09562471054983,0
3995,Retailer 3995,555-9120766,"9 St, City 94",51,123.07326507369976,53.0657688119123,0
3996,Retailer 3996,555-3021835,"309 St, City 95",62,102.17666272511609,25.296903524785044,0
3997,Retailer 3997,555-7427095,"445 St, City 96",36,111.19431609740919,64.97082102136568,0
3998,Retailer 3998,555-7078159,"310 St, City 97",47,101.80219377878906,29.91638167249164,0
3999,Retailer 3999,555-4531674,"677 St, City 98",61,69.9568844931365,82.06976219912413,0
4000,Retailer 4000,555-8336302,"705 St, City 99",49,125.32408709551612,16.55117528060291,0
4001,Retailer 4001,555-7282827,"426 St, City 0",52,126.32043016630402,3.1372511860913717,0
4002,Retailer 4002,555-9739287,"817 St, City 1",43,66.47539776869337,31.057577387211758,0
4003,Retailer 4003,555-7792566,"772 St, City 2",59,92.3495644600864,44.694950557890486,0
4004,Retailer 4004,555-7021656,"704 St, City 3",36,130.69058905780304,35.27460562461971,0
4005,Retailer 4005,555-7519585,"591 St, City 4",57,104.38388770228367,38.72750203228584,0
4006,Retailer 4006,555-9132162,"691 St, City 5",59,80.0130583082549,0.8791755831575302,0
4007,Retailer 4007,555-3426105,"91 St, City 6",56,124.36424809017294,100.50691126295516,0
4008,Retailer 4008,555-5811671,"456 St, City 7",51,102.32141229831511,9.203067291748335,0
4009,Retailer 4009,555-7453877,"444 St, City 8",59,125.91021910271746,16.026004816474657,0
4010,Retailer 4010,555-8547881,"727 St, City 9",51,101.70671210182836,16.260343381097705,0
4011,Retailer 4011,555-6055769,"79 St, City 10",54,56.903949240339244,71.1759283910089,0
4012,Retailer 4012,555-7061266,"475 St, City 11",192,16.288830375302965,40.85386431065846,1
4013,Retailer 4013,555-9658754,"927 St, City 12",54,77.85192908860373,29.04382362003097,0
4014,Retailer 4014,555-6574807,"103 St, City 13",44,91.25649493224893,3.8340588866813925,0
4015,Retailer 4015,555-5301828,"623 St, City 14",38,124.02046205468328,11.721578640462692,0
4016,Retailer 4016,555-7509762,"456 St, City 15",43,145.61463393169075,20.304726662939867,0
4017,Retailer 4017,555-1544026,"990 St, City 16",46,98.68288866364179,3.6616783453721724,0
4018,Retailer 4018,555-4942863,"314 St, City 17",54,107.15371057507257,25.410475983524858,0
4019,Retailer 4019,555-7243490,"247 St, City 18",49,76.2877000673956,7.236969099846807,0
4020,Retailer 4020,555-7484427,"234 St, City 19",54,94.46383366361115,52.201654883748276,0
4021,Retailer 4021,555-8221352,"594 St, City 20",41,121.95483242586377,52.9720043383982,0
4022,Retailer 4022,555-5472089,"644 St, City 21",46,106.158266946917,27.409763140745852,0
4023,Retailer 4023,555-1268449,"235 St, City 22",54,134.698448885571,13.365261600696728,0
4024,Retailer 4024,555-3850774,"790 St, City 23",43,72.0702487962195,1.367347364397648,0
4025,Retailer 4025,555-8620958,"387 St, City 24",45,71.2379675357745,29.74566884226544,0
4026,Retailer 4026,555-6583281,"847 St, City 25",54,86.30644781037357,46.05581658924038,0
4027,Retailer 4027,555-5430675,"611 St, City 26",48,87.27177634852033,46.876498443815024,0
4028,Retailer 4028,555-6918806,"943 St, City 27",57,119.13493866510117,19.876762965750615,0
4029,Retailer 4029,555-9513199,"38 St, City 28",45,91.78312849151203,4.539483245709212,0
4030,Retailer 4030,555-7822255,"161 St, City 29",46,76.44321892045546,2.0102940910654685,0
4031,Retailer 4031,555-5461213,"462 St, City 30",47,107.94730702079379,1.7202972906684895,0
4032,Retailer 4032,555-2160152,"944 St, City 31",57,84.62542758761222,8.6095740150693,0
4033,Retailer 4033,555-7305236,"449 St, City 32",52,78.12845159012954,4.5765199297706785,0
4034,Retailer 4034,555-3365885,"117 St, City 33",48,121.20280342380848,5.548966337239942,0
4035,Retailer 4035,555-7195196,"241 St, City 34",50,125.87902759907948,36.01863391379915,0
4036,Retailer 4036,555-1880096,"26 St, City 35",50,119.57728644460833,5.935505711648294,0
4037,Retailer 4037,555-3714766,"648 St, City 36",38,83.31174031395663,35.362320175971064,0
4038,Retailer 4038,555-3924537,"562 St, City 37",48,88.21274126871111,12.997864928492536,0
4039,Retailer 4039,555-2592173,"976 St, City 38",53,110.87817004407798,44.72013330238785,0
4040,Retailer 4040,555-2074477,"806 St, City 39",61,114.84289793834894,5.196844988801936,0
4041,Retailer 4041,555-2473300,"906 St, City 40",42,95.4047644901318,0.7092913744067358,0
4042,Retailer 4042,555-7759383,"298 St, City 41",222,9.861556169561245,2.803604167715276,1
4043,Retailer 4043,555-1297584,"805 St, City 42",52,59.08872311323677,101.57259403793003,0
4044,Retailer 4044,555-1892015,"154 St, City 43",40,88.54536169945676,23.162471709753824,0
4045,Retailer 4045,555-9020497,"732 St, City 44",48,144.30862544824683,28.020719528860617,0
4046,Retailer 4046,555-2651348,"652 St, City 45",56,99.71657963955667,102.34269318162681,0
4047,Retailer 4047,555-3871259,"468 St, City 46",41,90.44611194113263,44.884074541693266,0
4048,Retailer 4048,555-9270562,"49 St, City 47",62,109.48500180179622,3.585553298413422,0
4049,Retailer 4049,555-1854741,"654 St, City 48",52,80.87368120823706,16.43364221053152,0
4050,Retailer 4050,555-4352214,"46 St, City 49",51,53.37399873914916,51.67702162597837,0
4051,Retailer 4051,555-3023615,"675 St, City 50",47,160.05158401007415,32.80816692653405,0
4052,Retailer 4052,555-4010087,"285 St, City 51",54,82.82353331642915,7.290593828648241,0
4053,Retailer 4053,555-5644081,"780 St, City 52",51,104.44768588760746,49.151721602943866,0
4054,Retailer 4054,555-9530057,"628 St, City 53",42,103.47462781560101,24.55007745368832,0
4055,Retailer 4055,555-6381299,"82 St, City 54",44,109.90418548874153,46.58003297342413,0
4056,Retailer 4056,555-4018439,"44 St, City 55",46,84.12762631842355,29.542311124897466,0
4057,Retailer 4057,555-1135370,"706 St, City 56",45,48.373398116678516,18.645668832863745,0
4058,Retailer 4058,555-1856636,"770 St, City 57",47,86.89198855011311,39.11502789756958,0
4059,Retailer 4059,555-5642681,"955 St, City 58",48,100.6112646126032,60.2185053482886,0
4060,Retailer 4060,555-7194868,"273 St, City 59",43,102.05149942249001,18.796371029399232,0
4061,Retailer 4061,555-7535223,"394 St, City 60",56,131.26005567149588,0.9072118825770779,0
4062,Retailer 4062,555-1427244,"786 St, City 61",50,94.31865206890335,26.98484294150554,0
4063,Retailer 4063,555-4555912,"790 St, City 62",37,104.16486731517568,2.840416776275971,0
4064,Retailer 4064,555-6011002,"595 St, City 63",59,84.15137178701733,11.77012984354807,0
4065,Retailer 4065,555-5713199,"58 St, City 64",63,88.03841189023007,23.940695254732486,0
4066,Retailer 4066,555-3514368,"565 St, City 65",51,140.0702021836508,12.70609070964584,0
4067,Retailer 4067,555-3089319,"1 St, City 66",48,85.71567649118585,9.893953788015468,0
4068,Retailer 4068,555-6125819,"216 St, City 67",55,92.42902399316536,0.6094898877887287,0
4069,Retailer 4069,555-1792330,"317 St, City 68",39,121.71476977193002,9.411344115433993,0
4070,Retailer 4070,555-5474843,"228 St, City 69",49,138.12016154068928,14.5741564627154,0
4071,Retailer 4071,555-2742955,"473 St, City 70",60,116.20672956089285,10.285431332046597,0
4072,Retailer 4072,555-8312203,"484 St, City 71",50,116.26991356973488,29.699627979126053,0
4073,Retailer 4073,555-9654758,"766 St, City 72",52,74.95793510709414,32.88143435609448,0
4074,Retailer 4074,555-3786905,"671 St, City 73",44,110.2951099091699,45.410662034878854,0
4075,Retailer 4075,555-2845964,"287 St, City 74",44,93.85167472240771,6.170347342718469,0
4076,Retailer 4076,555-7734714,"511 St, City 75",57,109.45624161613406,28.94293312798352,0
4077,Retailer 4077,555-9878023,"578 St, City 76",51,94.41506194385596,16.866703858007472,0
4078,Retailer 4078,555-4503548,"915 St, City 77",44,88.5765108724006,11.697341119887122,0
4079,Retailer 4079,555-1646012,"821 St, City 78",66,70.83347872724426,19.778299891430084,0
4080,Retailer 4080,555-8185115,"972 St, City 79",36,98.32981749388063,19.69256982841647,0
4081,Retailer 4081,555-3585181,"458 St, City 80",56,103.43785728432472,30.597120776914398,0
4082,Retailer 4082,555-8981512,"95 St, City 81",55,58.24106899486281,24.576171226961765,0
4083,Retailer 4083,555-3269798,"493 St, City 82",58,87.73224956374196,29.9310791092319,0
4084,Retailer 4084,555-5181726,"765 St, City 83",68,94.71091629878978,118.111505800444,0
4085,Retailer 4085,555-4439289,"150 St, City 84",44,111.4651111260132,49.89546644322288,0
4086,Retailer 4086,555-7641620,"23 St, City 85",48,88.20054550945667,10.36180194039237,0
4087,Retailer 4087,555-8685815,"756 St, City 86",42,112.57195973637667,22.874053563433613,0
4088,Retailer 4088,555-9521267,"215 St, City 87",42,105.61113836840147,7.816057392696589,0
4089,Retailer 4089,555-3598475,"399 St, City 88",59,117.38577490003753,21.949652352514182,0
4090,Retailer 4090,555-1639872,"410 St, City 89",45,89.40072042786885,37.352424577898795,0
4091,Retailer 4091,555-4855798,"131 St, City 90",57,94.35240863942526,2.041005158140676,0
4092,Retailer 4092,555-5941412,"855 St, City 91",42,111.4059237016105,4.434972736182202,0
4093,Retailer 4093,555-3959470,"148 St, City 92",54,79.5879618188772,0.2201244820135846,0
4094,Retailer 4094,555-1936320,"381 St, City 93",53,98.66725515636577,14.276674926231644,0
4095,Retailer 4095,555-6010168,"109 St, City 94",63,119.8023858211537,43.74212599420116,0
4096,Retailer 4096,555-6422569,"552 St, City 95",52,86.6656154002472,17.908713540521333,0
4097,Retailer 4097,555-2647824,"121 St, City 96",54,106.56081911515295,25.37377644947013,0
4098,Retailer 4098,555-4383973,"295 St, City 97",39,99.96490113151187,26.73848138382444,0
4099,Retailer 4099,555-6810786,"120 St, City 98",49,129.36854223668325,2.8141773249227913,0
4100,Retailer 4100,555-5125903,"456 St, City 99",52,101.6354824809353,5.751423725903139,0
4101,Retailer 4101,555-9821437,"530 St, City 0",57,110.67444253735252,74.02882524755967,0
4102,Retailer 4102,555-5411054,"169 St, City 1",46,96.6595428649276,18.414059424166723,0
4103,Retailer 4103,555-5314896,"710 St, City 2",51,89.64106024741896,16.27013899786883,0
4104,Retailer 4104,555-1234000,"923 St, City 3",48,104.53195559650541,41.70744422138018,0
4105,Retailer 4105,555-9710745,"996 St, City 4",50,88.64969141126346,1.3873877120377576,0
4106,Retailer 4106,555-8942992,"143 St, City 5",42,120.67960873813149,55.124305708781506,0
4107,Retailer 4107,555-8144013,"37 St, City 6",158,13.203178445258736,33.299479270922674,1
4108,Retailer 4108,555-5573957,"698 St, City 7",43,101.43982202274289,4.696946554770837,0
4109,Retailer 4109,555-9955118,"261 St, City 8",65,91.174219831851,2.013832977632612,0
4110,Retailer 4110,555-1708092,"231 St, City 9",51,104.55294002504854,0.08678070102551712,0
4111,Retailer 4111,555-8724826,"254 St, City 10",55,74.51215931779313,10.450694700734083,0
4112,Retailer 4112,555-2097996,"329 St, City 11",64,84.85943733188965,11.782392641525497,0
4113,Retailer 4113,555-9988400,"903 St, City 12",45,78.17557762428514,5.836943213526838,0
4114,Retailer 4114,555-5817911,"297 St, City 13",47,85.15865795655665,10.152011358964051,0
4115,Retailer 4115,555-5858939,"980 St, City 14",63,87.73382954966597,24.768679947484543,0
4116,Retailer 4116,555-7254597,"10 St, City 15",60,74.28428717714893,3.5925507212473544,0
4117,Retailer 4117,555-1668629,"446 St, City 16",45,94.67689435253335,6.737051926726791,0
4118,Retailer 4118,555-2171248,"922 St, City 17",50,96.13458012171007,24.765433929739878,0
4119,Retailer 4119,555-2383640,"836 St, City 18",61,111.45573001285973,36.56984922868701,0
4120,Retailer 4120,555-1513953,"230 St, City 19",50,102.11118977618969,80.32741311160167,0
4121,Retailer 4121,555-7051865,"536 St, City 20",47,128.24530959930152,21.43443773395164,0
4122,Retailer 4122,555-7434323,"78 St, City 21",55,111.77689924690723,3.604893684644809,0
4123,Retailer 4123,555-5563653,"425 St, City 22",51,146.83829639758466,26.85997360328238,0
4124,Retailer 4124,555-8801402,"193 St, City 23",58,77.00069377632384,161.21286534482428,0
4125,Retailer 4125,555-1685503,"401 St, City 24",49,119.94820750026516,64.38398873839273,0
4126,Retailer 4126,555-9811249,"109 St, City 25",52,68.63301862601557,45.4460187501743,0
4127,Retailer 4127,555-1337283,"792 St, City 26",50,121.19827050894303,39.79507014776248,0
4128,Retailer 4128,555-5777421,"923 St, City 27",51,107.66965521009718,42.26301743666391,0
4129,Retailer 4129,555-9779788,"263 St, City 28",61,95.47728268705693,2.8526907287882017,0
4130,Retailer 4130,555-6696390,"329 St, City 29",49,104.20689614667923,22.03026956013975,0
4131,Retailer 4131,555-4699243,"363 St, City 30",34,90.1814967757454,35.094861550748846,0
4132,Retailer 4132,555-3497934,"867 St, City 31",56,88.2901367999701,2.2650640233323056,0
4133,Retailer 4133,555-1578110,"378 St, City 32",48,108.75104138301131,73.86773050006788,0
4134,Retailer 4134,555-5218346,"780 St, City 33",47,67.60158567240796,4.09823168007099,0
4135,Retailer 4135,555-5602606,"341 St, City 34",60,106.58968649279771,2.769899656146145,0
4136,Retailer 4136,555-7964203,"259 St, City 35",53,97.49033506679004,3.9526125843636946,0
4137,Retailer 4137,555-9284578,"335 St, City 36",52,93.46256822187915,16.509648579922096,0
4138,Retailer 4138,555-5343699,"85 St, City 37",46,90.15707872489918,23.50369696756229,0
4139,Retailer 4139,555-8153314,"522 St, City 38",51,104.7249582633024,2.9859584381277364,0
4140,Retailer 4140,555-4710879,"801 St, City 39",46,120.63632859852387,46.251216553584904,0
4141,Retailer 4141,555-7926767,"814 St, City 40",45,144.56530057260747,6.700341931143751,0
4142,Retailer 4142,555-3906492,"571 St, City 41",45,122.40349062852701,24.66109802765907,0
4143,Retailer 4143,555-4534150,"308 St, City 42",52,116.62926839541367,20.266468205427422,0
4144,Retailer 4144,555-7142314,"262 St, City 43",57,84.24286523160612,70.8177352210761,0
4145,Retailer 4145,555-6686321,"898 St, City 44",58,88.06637778019413,67.13300484083767,0
4146,Retailer 4146,555-2741888,"797 St, City 45",51,99.90952322169362,8.170490709947385,0
4147,Retailer 4147,555-1122019,"631 St, City 46",51,108.87905211468265,23.193327721354134,0
4148,Retailer 4148,555-2765317,"680 St, City 47",39,90.94658899135925,126.80229291478844,0
4149,Retailer 4149,555-1179001,"865 St, City 48",40,123.7122389382872,12.097153887234766,0
4150,Retailer 4150,555-9202637,"701 St, City 49",46,86.56275568245002,2.2957185041879917,0
4151,Retailer 4151,555-4245988,"452 St, City 50",65,74.81118592877719,37.97889805790845,0
4152,Retailer 4152,555-4127022,"251 St, City 51",40,120.7276199566508,20.986658968199116,0
4153,Retailer 4153,555-9982339,"324 St, City 52",60,104.72326386854725,84.21932897493035,0
4154,Retailer 4154,555-8045927,"925 St, City 53",183,7.64611949414172,25.684090490920656,1
4155,Retailer 4155,555-3416826,"229 St, City 54",52,72.58193386462538,21.492255095734812,0
4156,Retailer 4156,555-8780047,"702 St, City 55",48,119.69442597759682,73.89912531248963,0
4157,Retailer 4157,555-5290447,"828 St, City 56",45,147.57482804497462,14.359636278716415,0
4158,Retailer 4158,555-1144771,"636 St, City 57",51,109.89519408179581,27.297806588543303,0
4159,Retailer 4159,555-6214636,"596 St, City 58",56,87.28997950112165,56.06681080351501,0
4160,Retailer 4160,555-6749593,"297 St, City 59",49,104.75240269001603,27.308274106578917,0
4161,Retailer 4161,555-2008923,"727 St, City 60",56,111.25576555704735,10.605932864071782,0
4162,Retailer 4162,555-2820908,"237 St, City 61",54,109.96307336484911,24.515236580706635,0
4163,Retailer 4163,555-9499970,"978 St, City 62",52,83.7398150465117,16.970374139745005,0
4164,Retailer 4164,555-4916533,"625 St, City 63",43,89.89897902207238,125.42394286912509,0
4165,Retailer 4165,555-6533831,"217 St, City 64",45,85.06112239733245,1.5685795666027684,0
4166,Retailer 4166,555-5370602,"833 St, City 65",46,107.39632407262889,43.826453076696076,0
4167,Retailer 4167,555-3680990,"246 St, City 66",58,98.72206202911737,0.729251139345138,0
4168,Retailer 4168,555-5667592,"448 St, City 67",58,123.02688183179976,27.78376337798093,0
4169,Retailer 4169,555-3362854,"847 St, City 68",62,104.94195135285418,16.912902210507582,0
4170,Retailer 4170,555-8284268,"319 St, City 69",39,114.2453752474862,72.38666890862982,0
4171,Retailer 4171,555-3409409,"994 St, City 70",56,94.627982827938,23.252879129086764,0
4172,Retailer 4172,555-4050999,"432 St, City 71",45,63.87967688185935,52.69179839882401,0
4173,Retailer 4173,555-4051622,"404 St, City 72",46,126.93056460342305,33.455198431428535,0
4174,Retailer 4174,555-1775292,"886 St, City 73",41,102.50773766843432,17.77512041673172,0
4175,Retailer 4175,555-4927352,"37 St, City 74",60,108.26260537371994,12.36161259607448,0
4176,Retailer 4176,555-3333647,"576 St, City 75",49,116.3370165889288,3.7341524015094882,0
4177,Retailer 4177,555-4723234,"731 St, City 76",50,105.15392592065918,0.4083380292059917,0
4178,Retailer 4178,555-7572829,"342 St, City 77",64,62.87213453173874,0.041915526240573216,0
4179,Retailer 4179,555-1189073,"389 St, City 78",41,92.96422134592308,7.681817872502253,0
4180,Retailer 4180,555-1359281,"34 St, City 79",48,90.37067755275042,24.69231867966046,0
4181,Retailer 4181,555-8115972,"39 St, City 80",56,91.03352124095103,111.2657847230042,0
4182,Retailer 4182,555-5414011,"579 St, City 81",57,95.86679550067568,36.6466949273603,0
4183,Retailer 4183,555-2085610,"209 St, City 82",55,101.1101797685222,2.1991553861279534,0
4184,Retailer 4184,555-9181932,"830 St, City 83",56,138.59615586163233,31.08663438899956,0
4185,Retailer 4185,555-8752342,"856 St, City 84",53,110.46825759021095,19.93653761814805,0
4186,Retailer 4186,555-4858884,"152 St, City 85",40,114.40878008914417,30.33316433907831,0
4187,Retailer 4187,555-2059165,"899 St, City 86",35,90.64765803687538,29.280576785666575,0
4188,Retailer 4188,555-6300101,"365 St, City 87",56,129.74951511185014,4.662618472623662,0
4189,Retailer 4189,555-8595959,"199 St, City 88",49,102.68305806900702,75.56991391798122,0
4190,Retailer 4190,555-4933817,"601 St, City 89",43,99.69849824378778,24.25953860578897,0
4191,Retailer 4191,555-7932973,"760 St, City 90",49,64.23111818930421,36.19541102062555,0
4192,Retailer 4192,555-1576515,"835 St, City 91",61,114.16122362885216,14.685565178941397,0
4193,Retailer 4193,555-5287382,"79 St, City 92",41,118.6303838499199,3.913221585345913,0
4194,Retailer 4194,555-3050053,"477 St, City 93",45,118.05240830918265,35.22559602297004,0
4195,Retailer 4195,555-6021983,"434 St, City 94",53,71.93205194834371,85.67323870950044,0
4196,Retailer 4196,555-1759401,"797 St, City 95",61,118.79047452958345,26.10601901264396,0
4197,Retailer 4197,555-2985681,"842 St, City 96",47,93.77577107581511,6.643608797908761,0
4198,Retailer 4198,555-3561913,"32 St, City 97",54,74.86337111869744,29.285388767753123,0
4199,Retailer 4199,555-5067784,"87 St, City 98",49,143.15256340153874,16.807397594650205,0
4200,Retailer 4200,555-2549317,"551 St, City 99",55,130.25670040216107,15.27671904546898,0
4201,Retailer 4201,555-5262511,"393 St, City 0",55,113.03497260405456,73.42997963127362,0
4202,Retailer 4202,555-7625655,"613 St, City 1",62,110.48224941060253,40.07737253708531,0
4203,Retailer 4203,555-1888698,"244 St, City 2",48,131.31991914489194,21.32550111873268,0
4204,Retailer 4204,555-4486142,"232 St, City 3",44,90.2504080385176,16.21285533702575,0
4205,Retailer 4205,555-2559657,"910 St, City 4",57,149.65341666227772,8.348896050135764,0
4206,Retailer 4206,555-9196906,"580 St, City 5",43,100.84390686808663,12.623322424907624,0
4207,Retailer 4207,555-8697808,"192 St, City 6",51,119.91250084564015,23.33610324175673,0
4208,Retailer 4208,555-6938271,"916 St, City 7",55,110.78333348974144,1.4864907448227367,0
4209,Retailer 4209,555-4880323,"540 St, City 8",59,79.87852210956652,13.272491504822394,0
4210,Retailer 4210,555-1545726,"270 St, City 9",32,100.40093069812373,20.44172172481076,0
4211,Retailer 4211,555-3680259,"940 St, City 10",53,129.6820777710017,28.117379583632392,0
4212,Retailer 4212,555-8766824,"738 St, City 11",51,84.5392797014366,40.772135125209715,0
4213,Retailer 4213,555-9830852,"77 St, City 12",65,127.1913384887543,0.41784604225154254,0
4214,Retailer 4214,555-8399839,"735 St, City 13",60,113.27955777400206,10.47837348802348,0
4215,Retailer 4215,555-1490999,"993 St, City 14",50,73.80219540978544,9.07197603910302,0
4216,Retailer 4216,555-4189189,"884 St, City 15",51,99.99627772679277,22.099154061700784,0
4217,Retailer 4217,555-7200853,"167 St, City 16",53,99.00658506835842,18.82151392484244,0
4218,Retailer 4218,555-8622611,"284 St, City 17",53,79.59988618852897,2.4982114614464273,0
4219,Retailer 4219,555-9796015,"704 St, City 18",47,106.01487615243931,42.982901917406956,0
4220,Retailer 4220,555-2303306,"89 St, City 19",54,72.8684180390718,34.87255589404592,0
4221,Retailer 4221,555-6489612,"544 St, City 20",44,117.55220106058542,51.63526436942744,0
4222,Retailer 4222,555-9809210,"649 St, City 21",50,82.23582816822204,3.5309142664897912,0
4223,Retailer 4223,555-7567304,"156 St, City 22",41,93.74683620217372,21.17070656015064,0
4224,Retailer 4224,555-9445243,"250 St, City 23",53,99.94394339966006,27.769184717400062,0
4225,Retailer 4225,555-3343136,"95 St, City 24",56,130.32554474893985,1.5053320714671088,0
4226,Retailer 4226,555-6568017,"17 St, City 25",53,74.69139842977074,96.13123195298085,0
4227,Retailer 4227,555-5422888,"117 St, City 26",44,89.94217460958313,47.459653799768226,0
4228,Retailer 4228,555-7424342,"983 St, City 27",45,103.08213382075397,8.37759997355327,0
4229,Retailer 4229,555-8128146,"333 St, City 28",54,98.70557254463915,29.72650811615359,0
4230,Retailer 4230,555-2720444,"823 St, City 29",52,102.19437579881019,4.642705805688699,0
4231,Retailer 4231,555-1085166,"522 St, City 30",47,95.90538449920638,61.956776306698686,0
4232,Retailer 4232,555-9074308,"80 St, City 31",54,105.5939626858322,3.105577740595618,0
4233,Retailer 4233,555-4443571,"646 St, City 32",62,60.79260850329819,70.33175049781364,0
4234,Retailer 4234,555-1297883,"432 St, City 33",47,128.32454630905005,52.78315503216183,0
4235,Retailer 4235,555-7850529,"203 St, City 34",49,98.58453812167397,19.515634139744318,0
4236,Retailer 4236,555-1756079,"116 St, City 35",53,153.87777109545442,31.71830016302547,0
4237,Retailer 4237,555-4633646,"963 St, City 36",57,93.25015787756972,8.463372887978302,0
4238,Retailer 4238,555-2443401,"220 St, City 37",54,120.6967926016791,14.552313456229635,0
4239,Retailer 4239,555-7770153,"253 St, City 38",42,85.0812408288844,7.355720690369562,0
4240,Retailer 4240,555-4011165,"169 St, City 39",49,100.85225116215685,22.498993046296224,0
4241,Retailer 4241,555-2186430,"847 St, City 40",63,79.92942379409557,11.511666709538446,0
4242,Retailer 4242,555-5155304,"316 St, City 41",50,93.61976865434747,12.994988121396693,0
4243,Retailer 4243,555-7915096,"717 St, City 42",60,85.36045633929757,17.543056396697054,0
4244,Retailer 4244,555-7710605,"810 St, City 43",48,109.92935896916578,61.8108497460054,0
4245,Retailer 4245,555-4809395,"372 St, City 44",36,133.05568713545102,23.86333806724211,0
4246,Retailer 4246,555-3659786,"760 St, City 45",41,109.01631334439885,49.289227399738294,0
4247,Retailer 4247,555-2160714,"877 St, City 46",57,157.39725068329017,56.62539901070133,0
4248,Retailer 4248,555-9701524,"977 St, City 47",57,114.1351100589981,8.448152453821198,0
4249,Retailer 4249,555-9737452,"583 St, City 48",43,81.3365550537462,45.11041129829711,0
4250,Retailer 4250,555-5322751,"156 St, City 49",67,148.51979887248282,31.380216006100696,0
4251,Retailer 4251,555-6248575,"614 St, City 50",36,118.22055293963106,21.24206094207594,0
4252,Retailer 4252,555-2612033,"13 St, City 51",47,72.154058979073,2.7854057078239856,0
4253,Retailer 4253,555-3931531,"508 St, City 52",56,99.57732612099531,25.482689279319302,0
4254,Retailer 4254,555-4324024,"465 St, City 53",55,116.07215682154916,5.066087735454483,0
4255,Retailer 4255,555-8123753,"783 St, City 54",60,111.27500244402808,50.8262418040418,0
4256,Retailer 4256,555-5875217,"804 St, City 55",46,116.01030584087422,81.82699715945036,0
4257,Retailer 4257,555-2414474,"220 St, City 56",56,120.35365748037033,19.508818388630065,0
4258,Retailer 4258,555-9741647,"15 St, City 57",40,87.98209199871349,17.422809813562157,0
4259,Retailer 4259,555-9050418,"750 St, City 58",36,110.11852563133603,20.12879206694584,0
4260,Retailer 4260,555-6620724,"117 St, City 59",46,104.2779663515506,2.0863579900077456,0
4261,Retailer 4261,555-3957498,"331 St, City 60",49,94.94017810629974,8.114192287952985,0
4262,Retailer 4262,555-6244761,"56 St, City 61",30,116.71326376618258,84.70931446376886,0
4263,Retailer 4263,555-7199951,"351 St, City 62",40,103.94727010263992,12.697009127169297,0
4264,Retailer 4264,555-2569720,"132 St, City 63",43,122.35166839330128,26.847454507380082,0
4265,Retailer 4265,555-6181930,"995 St, City 64",49,106.20270914187456,31.42118882858008,0
4266,Retailer 4266,555-8496110,"226 St, City 65",44,93.54630680495227,62.90520367399835,0
4267,Retailer 4267,555-8643374,"308 St, City 66",51,103.20683266490711,8.161283946862381,0
4268,Retailer 4268,555-6134639,"475 St, City 67",50,113.63464332965364,66.25374872132248,0
4269,Retailer 4269,555-4571387,"906 St, City 68",45,100.7800295615065,14.910444037309619,0
4270,Retailer 4270,555-5914150,"222 St, City 69",50,91.15163790343192,76.44576867042717,0
4271,Retailer 4271,555-6282433,"173 St, City 70",48,103.19143361835133,15.896070990295273,0
4272,Retailer 4272,555-8738170,"340 St, City 71",51,128.54169802678732,3.2931061320045463,0
4273,Retailer 4273,555-1909210,"797 St, City 72",55,113.3726499932976,1.6059131124394577,0
4274,Retailer 4274,555-9421374,"506 St, City 73",46,107.30125841840666,102.60038712576524,0
4275,Retailer 4275,555-7240327,"821 St, City 74",39,96.22387123063727,3.8805869692203574,0
4276,Retailer 4276,555-9158470,"157 St, City 75",52,104.34797969509577,23.373679283092464,0
4277,Retailer 4277,555-7289270,"151 St, City 76",47,80.97378774909211,22.458496255865583,0
4278,Retailer 4278,555-2460235,"697 St, City 77",41,96.43437487840971,15.392707412868077,0
4279,Retailer 4279,555-2458316,"178 St, City 78",57,110.61529662988887,16.24013833967169,0
4280,Retailer 4280,555-2427197,"533 St, City 79",46,102.21999593084873,19.371660024473098,0
4281,Retailer 4281,555-5128784,"112 St, City 80",60,92.59149327649102,3.1452948965905203,0
4282,Retailer 4282,555-8139580,"683 St, City 81",55,75.54168582095208,46.94926506976171,0
4283,Retailer 4283,555-5932048,"138 St, City 82",57,97.5374511699628,14.199334663767342,0
4284,Retailer 4284,555-7768419,"233 St, City 83",50,85.24796457768937,8.41283687971595,0
4285,Retailer 4285,555-4861460,"332 St, City 84",60,99.46093842347244,11.493529494286681,0
4286,Retailer 4286,555-8102983,"542 St, City 85",56,105.6247874703658,28.392432781920604,0
4287,Retailer 4287,555-4053380,"893 St, City 86",54,128.89219791547748,44.76366032008141,0
4288,Retailer 4288,555-1311385,"307 St, City 87",49,118.60260978847124,4.9965065209022415,0
4289,Retailer 4289,555-7918863,"161 St, City 88",51,104.77813912813787,26.93649502187267,0
4290,Retailer 4290,555-8916323,"402 St, City 89",40,141.8456982198136,16.4668494485936,0
4291,Retailer 4291,555-4607323,"590 St, City 90",49,108.11837219443636,59.40897833235578,0
4292,Retailer 4292,555-7514524,"278 St, City 91",51,85.69631129374085,89.45433715662591,0
4293,Retailer 4293,555-7257838,"320 St, City 92",49,95.69067074674003,34.04668711718308,0
4294,Retailer 4294,555-7415261,"533 St, City 93",47,151.57899904346976,26.733689074247124,0
4295,Retailer 4295,555-1809359,"897 St, City 94",57,85.64934955584339,45.47234408360044,0
4296,Retailer 4296,555-3201580,"497 St, City 95",51,93.98945556364853,20.54382766189435,0
4297,Retailer 4297,555-2494139,"363 St, City 96",53,120.00038485541812,1.7089335669187011,0
4298,Retailer 4298,555-6473660,"372 St, City 97",63,82.35776206091994,36.22896975652887,0
4299,Retailer 4299,555-4009828,"892 St, City 98",63,120.59002725909443,26.05249974957897,0
4300,Retailer 4300,555-5152092,"655 St, City 99",49,123.29167273781482,4.926355674508292,0
4301,Retailer 4301,555-1069518,"36 St, City 0",58,105.77538756684707,7.184552841671994,0
4302,Retailer 4302,555-1176355,"303 St, City 1",67,133.25482551329566,7.867313811876221,0
4303,Retailer 4303,555-9508851,"438 St, City 2",56,96.69855769297347,39.54894202339621,0
4304,Retailer 4304,555-6201682,"726 St, City 3",52,118.80418994177963,21.917495796990018,0
4305,Retailer 4305,555-7042060,"32 St, City 4",51,52.76059744511655,1.4723782520967643,0
4306,Retailer 4306,555-8230057,"186 St, City 5",57,113.45796236500865,54.59829601573996,0
4307,Retailer 4307,555-7687764,"174 St, City 6",51,127.0262674304501,31.066287857340235,0
4308,Retailer 4308,555-4199039,"566 St, City 7",58,116.13322849103928,39.632076817410685,0
4309,Retailer 4309,555-3776374,"673 St, City 8",59,92.52824819639663,83.14734237732331,0
4310,Retailer 4310,555-7683635,"250 St, City 9",49,70.15491523692214,9.03994938455941,0
4311,Retailer 4311,555-3318620,"763 St, City 10",52,123.1704099333048,26.71930262537627,0
4312,Retailer 4312,555-4487379,"935 St, City 11",50,83.43783403071426,42.83205156015688,0
4313,Retailer 4313,555-8300259,"279 St, City 12",44,86.09097918981975,21.57190897146923,0
4314,Retailer 4314,555-7295425,"683 St, City 13",55,94.76857101596762,19.97003561109579,0
4315,Retailer 4315,555-3429151,"695 St, City 14",49,113.43838701953223,79.23594557263178,0
4316,Retailer 4316,555-1041743,"2 St, City 15",53,124.31451255889414,8.375670579359554,0
4317,Retailer 4317,555-9559556,"194 St, City 16",45,140.77836901773333,31.7429438959456,0
4318,Retailer 4318,555-6521452,"166 St, City 17",48,103.34074466166688,105.48638106395538,0
4319,Retailer 4319,555-7850322,"759 St, City 18",46,106.64620010541638,7.4533473413621305,0
4320,Retailer 4320,555-8950806,"925 St, City 19",62,109.82767982597457,18.61987246561484,0
4321,Retailer 4321,555-9890401,"756 St, City 20",46,91.25427980439719,111.19577771628735,0
4322,Retailer 4322,555-9714892,"110 St, City 21",70,114.90310373393214,1.0953806571918274,0
4323,Retailer 4323,555-2830314,"380 St, City 22",45,89.1705648562723,29.81577981761752,0
4324,Retailer 4324,555-4777341,"835 St, City 23",59,123.24488596679141,15.552702617836918,0
4325,Retailer 4325,555-9657116,"999 St, City 24",46,81.47328342067165,44.2330627582775,0
4326,Retailer 4326,555-5585315,"583 St, City 25",52,118.71059969916072,11.71318648413527,0
4327,Retailer 4327,555-6898931,"676 St, City 26",48,119.03705316242032,13.998681875208565,0
4328,Retailer 4328,555-5976563,"285 St, City 27",70,70.11676307513912,21.747608975094284,0
4329,Retailer 4329,555-2770403,"887 St, City 28",44,107.92082582567015,12.73403081731515,0
4330,Retailer 4330,555-5371272,"421 St, City 29",56,132.48666232897384,9.015899556378969,0
4331,Retailer 4331,555-8568370,"113 St, City 30",43,105.89263888211875,13.170677045671203,0
4332,Retailer 4332,555-5929426,"228 St, City 31",58,102.7572140859555,71.56302478547842,0
4333,Retailer 4333,555-1506995,"471 St, City 32",58,91.4695515885583,12.587317219790044,0
4334,Retailer 4334,555-3185454,"813 St, City 33",59,111.655809022061,68.90774456624969,0
4335,Retailer 4335,555-7262094,"528 St, City 34",51,94.48961702513562,6.883137194871932,0
4336,Retailer 4336,555-8928248,"496 St, City 35",39,111.05664801612457,33.45879022675509,0
4337,Retailer 4337,555-3072723,"31 St, City 36",46,116.61120764498388,40.9903284206743,0
4338,Retailer 4338,555-6227528,"162 St, City 37",49,107.11889167749403,3.5420890432324716,0
4339,Retailer 4339,555-1565635,"818 St, City 38",58,123.90132292936352,23.556960052155752,0
4340,Retailer 4340,555-1527409,"705 St, City 39",57,109.63606461432295,0.3951895601709824,0
4341,Retailer 4341,555-1287635,"722 St, City 40",49,94.26374763340343,79.02702751906753,0
4342,Retailer 4342,555-1583510,"378 St, City 41",61,65.36429737500384,22.286646547623448,0
4343,Retailer 4343,555-5722340,"446 St, City 42",41,92.29497943822771,1.1237669453430164,0
4344,Retailer 4344,555-5778972,"744 St, City 43",58,98.30754370336514,34.48670857365661,0
4345,Retailer 4345,555-7335787,"427 St, City 44",55,112.84468212689086,65.06984837830079,0
4346,Retailer 4346,555-2693481,"696 St, City 45",52,64.19113765413144,40.12754534024912,0
4347,Retailer 4347,555-4061342,"504 St, City 46",46,65.8354402004357,4.307163158489096,0
4348,Retailer 4348,555-1600198,"527 St, City 47",54,63.539786789728105,23.288546907804474,0
4349,Retailer 4349,555-1397891,"944 St, City 48",52,99.87982441342436,39.62627261282028,0
4350,Retailer 4350,555-4081362,"817 St, City 49",49,75.12744850545386,48.3687687300715,0
4351,Retailer 4351,555-5694505,"721 St, City 50",60,110.4618733840818,0.48394283989062137,0
4352,Retailer 4352,555-4647965,"684 St, City 51",44,93.75666810383001,10.011338856138941,0
4353,Retailer 4353,555-2041566,"778 St, City 52",53,70.25606966656431,64.79190436997895,0
4354,Retailer 4354,555-6081502,"532 St, City 53",54,122.18704400357797,8.969646856345163,0
4355,Retailer 4355,555-2619282,"582 St, City 54",49,101.15605035306532,19.190019697705697,0
4356,Retailer 4356,555-4434078,"520 St, City 55",47,123.01299353468114,35.78754493595498,0
4357,Retailer 4357,555-4297466,"941 St, City 56",47,102.325840295965,127.21318139609403,0
4358,Retailer 4358,555-5441971,"34 St, City 57",44,132.49248165860868,16.646479882695743,0
4359,Retailer 4359,555-5850825,"736 St, City 58",37,114.31960608966565,21.01570694262192,0
4360,Retailer 4360,555-8323777,"691 St, City 59",45,74.20442074003653,24.53612342229991,0
4361,Retailer 4361,555-7805697,"758 St, City 60",36,91.05694199849263,8.003671363630833,0
4362,Retailer 4362,555-6595095,"490 St, City 61",49,88.57132543725088,13.798194149852796,0
4363,Retailer 4363,555-8438096,"772 St, City 62",45,56.469305434236716,17.09956115005253,0
4364,Retailer 4364,555-4053407,"620 St, City 63",46,119.51691081736455,0.5853762810445857,0
4365,Retailer 4365,555-2417231,"754 St, City 64",56,110.46422504662203,0.22930940516119575,0
4366,Retailer 4366,555-1407974,"423 St, City 65",66,130.70211594377713,7.620016567697939,0
4367,Retailer 4367,555-4604724,"468 St, City 66",58,69.26246039859709,21.5369344592062,0
4368,Retailer 4368,555-7818922,"24 St, City 67",54,78.94924197704265,93.49743138045143,0
4369,Retailer 4369,555-7847575,"216 St, City 68",57,82.12545600886457,107.92117779030615,0
4370,Retailer 4370,555-2151882,"55 St, City 69",57,131.58693640361838,31.25430462566111,0
4371,Retailer 4371,555-7456182,"26 St, City 70",34,130.18071873306218,52.63552753306722,0
4372,Retailer 4372,555-9118612,"281 St, City 71",54,75.62870576773307,69.28810511907501,0
4373,Retailer 4373,555-7999366,"804 St, City 72",50,109.24107256660832,54.81625817650266,0
4374,Retailer 4374,555-3471321,"327 St, City 73",50,114.4317891929005,23.53862248118307,0
4375,Retailer 4375,555-1700270,"970 St, City 74",44,99.07314305630781,36.53947333747367,0
4376,Retailer 4376,555-9479025,"186 St, City 75",43,141.5185611491394,0.10943658110053278,0
4377,Retailer 4377,555-5622942,"495 St, City 76",41,52.23218515227812,31.329786195541494,0
4378,Retailer 4378,555-1192458,"12 St, City 77",44,62.522903053067566,16.646656001951918,0
4379,Retailer 4379,555-5718912,"641 St, City 78",49,103.80236515746324,31.044814688828136,0
4380,Retailer 4380,555-4896937,"884 St, City 79",37,77.34335284692824,35.5651109211547,0
4381,Retailer 4381,555-6497963,"434 St, City 80",45,119.5971717105616,3.090759450698416,0
4382,Retailer 4382,555-5102553,"921 St, City 81",61,69.41180258759292,62.27339727778902,0
4383,Retailer 4383,555-9434858,"208 St, City 82",44,114.0975183348721,5.7977794048165165,0
4384,Retailer 4384,555-1475147,"133 St, City 83",47,101.10028452179041,0.3154627511820422,0
4385,Retailer 4385,555-4017193,"339 St, City 84",52,137.92097011673167,16.84815427057127,0
4386,Retailer 4386,555-3112368,"196 St, City 85",43,84.99054486626513,2.8183064569703054,0
4387,Retailer 4387,555-7818753,"262 St, City 86",49,133.6060541091293,93.69149241201912,0
4388,Retailer 4388,555-1876336,"282 St, City 87",55,116.91332142110349,10.014383810755719,0
4389,Retailer 4389,555-7436737,"369 St, City 88",47,81.8404908533681,7.592607194545983,0
4390,Retailer 4390,555-5898107,"103 St, City 89",36,82.56805856775887,9.113925610738312,0
4391,Retailer 4391,555-6782197,"632 St, City 90",66,123.15712864405978,9.995287301321886,0
4392,Retailer 4392,555-5071867,"183 St, City 91",49,103.95910115405317,1.9385045046289024,0
4393,Retailer 4393,555-8110953,"423 St, City 92",57,98.18090077198482,23.296293170182725,0
4394,Retailer 4394,555-2418060,"9 St, City 93",54,136.16870895243198,0.5450782092530384,0
4395,Retailer 4395,555-5228087,"557 St, City 94",32,116.90020347857148,41.20374929817403,0
4396,Retailer 4396,555-5228456,"244 St, City 95",45,84.0408784231,43.7956813338184,0
4397,Retailer 4397,555-5639022,"782 St, City 96",59,89.77756841420936,15.309667047446172,0
4398,Retailer 4398,555-6796260,"624 St, City 97",53,109.33421879014388,106.02711412400758,0
4399,Retailer 4399,555-9537333,"567 St, City 98",54,105.37873803114807,45.669406703949534,0
4400,Retailer 4400,555-9879823,"393 St, City 99",54,115.17570051285614,3.939690012225345,0
4401,Retailer 4401,555-6997804,"527 St, City 0",49,117.26891025547482,117.13393217384746,0
4402,Retailer 4402,555-3268693,"37 St, City 1",56,131.6753395971352,55.95355422687042,0
4403,Retailer 4403,555-4924152,"178 St, City 2",49,92.31747680315792,36.520921727169295,0
4404,Retailer 4404,555-8688659,"639 St, City 3",59,148.21275235777026,31.79178603235438,0
4405,Retailer 4405,555-9710506,"629 St, City 4",57,119.02541124491995,27.84710784086581,0
4406,Retailer 4406,555-1685338,"852 St, City 5",43,105.8338508825733,138.84081461341162,0
4407,Retailer 4407,555-4502415,"72 St, City 6",43,97.23978470012707,19.530942484611998,0
4408,Retailer 4408,555-7334625,"352 St, City 7",49,108.0237011174633,5.4394703529176835,0
4409,Retailer 4409,555-9443353,"623 St, City 8",60,64.53484342671038,10.463697153282952,0
4410,Retailer 4410,555-2683032,"149 St, City 9",47,98.10495428978183,14.110504075213322,0
4411,Retailer 4411,555-6232651,"697 St, City 10",54,126.6042205809324,11.412808562762647,0
4412,Retailer 4412,555-6954632,"105 St, City 11",56,92.0503755977138,0.924671236901405,0
4413,Retailer 4413,555-3118219,"659 St, City 12",49,62.02237220079478,2.2975923453585185,0
4414,Retailer 4414,555-3148185,"221 St, City 13",52,73.7103596587193,0.1482138387731901,0
4415,Retailer 4415,555-9433864,"826 St, City 14",50,93.91112409724323,34.099884698901654,0
4416,Retailer 4416,555-8037449,"863 St, City 15",42,106.73095765878519,32.76437405372593,0
4417,Retailer 4417,555-9890872,"374 St, City 16",42,83.30720239639109,2.116829301064068,0
4418,Retailer 4418,555-4346145,"518 St, City 17",59,72.8014984595757,11.358171677057737,0
4419,Retailer 4419,555-3183955,"260 St, City 18",47,85.47427641286188,9.980894934106496,0
4420,Retailer 4420,555-1479809,"299 St, City 19",49,138.66159048936655,18.13237529482537,0
4421,Retailer 4421,555-3650432,"861 St, City 20",45,152.73210392251877,13.327584819683235,0
4422,Retailer 4422,555-5175282,"42 St, City 21",55,110.57756652212514,51.529419555836185,0
4423,Retailer 4423,555-6455483,"771 St, City 22",50,105.43432169769147,64.28560673934001,0
4424,Retailer 4424,555-7864547,"897 St, City 23",49,122.54327030428573,6.9217033006589475,0
4425,Retailer 4425,555-2767413,"492 St, City 24",55,72.72534378999549,3.8690423851664453,0
4426,Retailer 4426,555-3573697,"439 St, City 25",57,88.9508426144752,54.84752724654468,0
4427,Retailer 4427,555-4600952,"783 St, City 26",50,58.117638862356465,20.884298908364514,0
4428,Retailer 4428,555-2971277,"47 St, City 27",50,109.34832631916534,11.763444192487631,0
4429,Retailer 4429,555-6546510,"85 St, City 28",40,99.12296997052725,1.5828043643688996,0
4430,Retailer 4430,555-8896403,"686 St, City 29",45,84.24188996902289,27.951628606165638,0
4431,Retailer 4431,555-7097020,"58 St, City 30",43,138.89671473513476,6.985435354311877,0
4432,Retailer 4432,555-6354342,"991 St, City 31",43,124.83955816912156,1.1524573668429121,0
4433,Retailer 4433,555-2196311,"711 St, City 32",51,99.36850277275153,17.653284691365954,0
4434,Retailer 4434,555-1142157,"209 St, City 33",52,84.06523060557605,27.27479902171247,0
4435,Retailer 4435,555-5788109,"248 St, City 34",55,106.21877792834874,5.639697134387614,0
4436,Retailer 4436,555-2462603,"211 St, City 35",38,102.1029368784698,31.61947987479523,0
4437,Retailer 4437,555-1136645,"39 St, City 36",46,89.76040029980219,6.280469573197542,0
4438,Retailer 4438,555-2652131,"252 St, City 37",51,80.45203510278722,0.6287391006836163,0
4439,Retailer 4439,555-2186837,"643 St, City 38",61,104.84936880225176,4.8379119556811725,0
4440,Retailer 4440,555-9730829,"926 St, City 39",49,104.50989103434887,26.5288651481664,0
4441,Retailer 4441,555-8845219,"803 St, City 40",39,78.43229571477458,30.26118905081799,0
4442,Retailer 4442,555-1053687,"762 St, City 41",47,60.74073995366104,60.02817473408858,0
4443,Retailer 4443,555-3490272,"953 St, City 42",63,93.17085558904526,1.9327144696149365,0
4444,Retailer 4444,555-7843308,"413 St, City 43",46,71.36543656599477,91.70125354603687,0
4445,Retailer 4445,555-6173395,"946 St, City 44",45,84.07534586647755,22.139563010585235,0
4446,Retailer 4446,555-3629137,"446 St, City 45",56,88.9711092467908,8.4545048200635,0
4447,Retailer 4447,555-5776415,"52 St, City 46",58,109.07033781166578,13.643527487843746,0
4448,Retailer 4448,555-8208387,"374 St, City 47",34,88.76168330828587,1.7186210063805885,0
4449,Retailer 4449,555-7892180,"526 St, City 48",66,105.47047921723535,3.499102029578705,0
4450,Retailer 4450,555-4861607,"931 St, City 49",45,81.94082516727892,64.21435577051285,0
4451,Retailer 4451,555-5124390,"156 St, City 50",54,106.58397760389829,3.3583993133122676,0
4452,Retailer 4452,555-3656222,"954 St, City 51",55,93.51972903836312,1.7237760329003633,0
4453,Retailer 4453,555-5434315,"542 St, City 52",40,105.83154332586012,27.359093534535997,0
4454,Retailer 4454,555-2553744,"90 St, City 53",45,125.9892940387498,14.47369047006399,0
4455,Retailer 4455,555-5266988,"903 St, City 54",39,96.23333399225669,15.622709313969741,0
4456,Retailer 4456,555-6693014,"679 St, City 55",50,96.94171061407943,3.8443152722375813,0
4457,Retailer 4457,555-9121485,"351 St, City 56",45,108.90296807273974,1.3552296361486402,0
4458,Retailer 4458,555-6459501,"69 St, City 57",43,110.47628454031612,60.23692066905489,0
4459,Retailer 4459,555-8575327,"163 St, City 58",52,52.367836368336775,14.806183388683975,0
4460,Retailer 4460,555-5013582,"242 St, City 59",48,77.08317503909778,3.499628135315409,0
4461,Retailer 4461,555-3872875,"495 St, City 60",45,104.75875962342234,6.703858947018088,0
4462,Retailer 4462,555-2841646,"383 St, City 61",44,132.83715936655977,3.257950550521988,0
4463,Retailer 4463,555-6800545,"52 St, City 62",66,70.36625912578009,19.507882173251897,0
4464,Retailer 4464,555-8970564,"654 St, City 63",47,88.56197295486778,48.8135030936748,0
4465,Retailer 4465,555-9038508,"63 St, City 64",63,104.87777697888707,15.000853900036478,0
4466,Retailer 4466,555-2596246,"509 St, City 65",52,80.57829284785794,29.019298739311395,0
4467,Retailer 4467,555-9194253,"292 St, City 66",43,110.83273445112778,33.75909077983218,0
4468,Retailer 4468,555-5428622,"91 St, City 67",62,114.34704658864034,37.35161950639636,0
4469,Retailer 4469,555-3469930,"664 St, City 68",50,108.78685376513418,27.906430526237003,0
4470,Retailer 4470,555-1131936,"424 St, City 69",41,104.02241587782372,24.22900964323912,0
4471,Retailer 4471,555-9226036,"669 St, City 70",54,79.66750247948349,19.524761157167863,0
4472,Retailer 4472,555-6152030,"821 St, City 71",60,94.0880873115524,19.251093059121576,0
4473,Retailer 4473,555-5842256,"365 St, City 72",50,125.39529742715422,12.145903791068292,0
4474,Retailer 4474,555-3469970,"150 St, City 73",49,107.26937532531802,21.068173034722946,0
4475,Retailer 4475,555-6062581,"840 St, City 74",62,53.204370841598475,19.56345625774627,0
4476,Retailer 4476,555-6312470,"271 St, City 75",204,2.2026152571190796,11.544581741455206,1
4477,Retailer 4477,555-3578682,"881 St, City 76",42,108.16253061771666,10.749492572706142,0
4478,Retailer 4478,555-2504900,"581 St, City 77",60,93.13551944961443,17.721430103778495,0
4479,Retailer 4479,555-9580504,"116 St, City 78",51,95.83401719930993,48.74401322444671,0
4480,Retailer 4480,555-6283422,"704 St, City 79",50,87.73186124522181,8.538797201191132,0
4481,Retailer 4481,555-5607765,"516 St, City 80",56,101.46683374826743,56.00645942942407,0
4482,Retailer 4482,555-8157676,"587 St, City 81",59,100.09262210503782,38.6163479953808,0
4483,Retailer 4483,555-3380612,"914 St, City 82",53,95.06342106348195,9.109954208716523,0
4484,Retailer 4484,555-9622587,"810 St, City 83",54,105.2630941072728,0.4176741141418844,0
4485,Retailer 4485,555-9666712,"241 St, City 84",52,97.48438349129381,2.3979309115415965,0
4486,Retailer 4486,555-6219574,"30 St, City 85",47,120.05520661154551,64.33430546107343,0
4487,Retailer 4487,555-6569451,"143 St, City 86",53,116.68831303681061,49.34063050319729,0
4488,Retailer 4488,555-5791882,"326 St, City 87",46,73.02988264725245,14.320603573899556,0
4489,Retailer 4489,555-7862758,"695 St, City 88",54,107.45108358061535,1.9107063332224143,0
4490,Retailer 4490,555-1995893,"949 St, City 89",65,94.43982440059705,50.00122457523976,0
4491,Retailer 4491,555-3670492,"16 St, City 90",49,80.60557028565191,8.840879009679021,0
4492,Retailer 4492,555-8354421,"111 St, City 91",44,106.61710543397837,91.80353370540954,0
4493,Retailer 4493,555-3977299,"872 St, City 92",38,108.10483334405191,22.200737416355032,0
4494,Retailer 4494,555-3934317,"713 St, City 93",54,155.2111657254663,37.67675569196454,0
4495,Retailer 4495,555-5537454,"107 St, City 94",42,55.59775152265339,18.58678420368254,0
4496,Retailer 4496,555-9151168,"379 St, City 95",60,90.61324005314945,0.8423008601064316,0
4497,Retailer 4497,555-2546064,"162 St, City 96",51,150.20567827316214,1.9576471450846635,0
4498,Retailer 4498,555-4240641,"283 St, City 97",42,84.94353079494816,111.86893191106346,0
4499,Retailer 4499,555-3715548,"269 St, City 98",46,107.28131870119724,15.943307200172233,0
4500,Retailer 4500,555-1779091,"484 St, City 99",57,104.06985405925371,6.0698826903554455,0
4501,Retailer 4501,555-2706930,"667 St, City 0",55,101.71829309948828,38.2206417289963,0
4502,Retailer 4502,555-6967520,"73 St, City 1",71,88.71017747388909,64.16099340377468,0
4503,Retailer 4503,555-1964795,"197 St, City 2",40,90.29724508494083,9.317605393222623,0
4504,Retailer 4504,555-2578458,"243 St, City 3",40,106.35939143275715,25.397632749078078,0
4505,Retailer 4505,555-9658123,"598 St, City 4",45,96.2131718586439,8.446507846665412,0
4506,Retailer 4506,555-6981804,"799 St, City 5",66,106.11062299211301,51.87234027553815,0
4507,Retailer 4507,555-8583491,"259 St, City 6",43,109.5680696391238,2.7239924130266893,0
4508,Retailer 4508,555-1671986,"798 St, City 7",58,119.68649261224851,13.981564140754593,0
4509,Retailer 4509,555-9526508,"149 St, City 8",55,121.27754193613072,14.336039759600588,0
4510,Retailer 4510,555-8845772,"867 St, City 9",47,103.43136442988143,30.39432946608518,0
4511,Retailer 4511,555-9048056,"390 St, City 10",62,77.64168211922856,5.888104372195524,0
4512,Retailer 4512,555-7989875,"988 St, City 11",203,14.642907516387371,19.33110145050094,1
4513,Retailer 4513,555-9901674,"416 St, City 12",34,106.98355656793679,24.091928666320104,0
4514,Retailer 4514,555-5008146,"426 St, City 13",50,116.95343091924096,66.45939727908225,0
4515,Retailer 4515,555-3361331,"997 St, City 14",46,109.66531325894637,22.437753582276493,0
4516,Retailer 4516,555-2158343,"702 St, City 15",49,96.0506051953709,4.2442513273944105,0
4517,Retailer 4517,555-1541529,"217 St, City 16",46,93.80643823089751,3.2053360627966505,0
4518,Retailer 4518,555-5348530,"928 St, City 17",53,132.5157225166928,77.3650535315251,0
4519,Retailer 4519,555-9283161,"867 St, City 18",45,102.51397849668045,116.86767478872,0
4520,Retailer 4520,555-6156758,"86 St, City 19",48,99.76930211935526,5.482795112212772,0
4521,Retailer 4521,555-3153548,"216 St, City 20",54,84.61499727011322,41.75176843882476,0
4522,Retailer 4522,555-9507528,"423 St, City 21",46,95.21336958817507,8.65907887873881,0
4523,Retailer 4523,555-1406547,"320 St, City 22",49,120.16718614682716,53.67773437819735,0
4524,Retailer 4524,555-2657583,"118 St, City 23",58,102.02070721302117,3.0479435801181385,0
4525,Retailer 4525,555-1063014,"926 St, City 24",52,127.01858123533607,17.240710392304095,0
4526,Retailer 4526,555-7477006,"959 St, City 25",55,107.79154661246695,27.195439069037505,0
4527,Retailer 4527,555-6910494,"882 St, City 26",57,103.1001659156213,57.41817284190394,0
4528,Retailer 4528,555-2235382,"992 St, City 27",54,92.04131985187243,58.29002427966166,0
4529,Retailer 4529,555-6228298,"415 St, City 28",55,102.14726590271198,6.11105795152968,0
4530,Retailer 4530,555-5532889,"599 St, City 29",48,83.96672561387498,102.44545193173005,0
4531,Retailer 4531,555-9745386,"40 St, City 30",47,113.57415408963824,30.529156484613694,0
4532,Retailer 4532,555-8775679,"161 St, City 31",60,99.93199086455024,32.25621651867988,0
4533,Retailer 4533,555-4132293,"703 St, City 32",53,96.14776985207222,65.94487299034566,0
4534,Retailer 4534,555-5032371,"537 St, City 33",47,95.75761006445393,11.582948890484914,0
4535,Retailer 4535,555-3602352,"420 St, City 34",55,114.68518462848778,16.0954882398116,0
4536,Retailer 4536,555-2531817,"664 St, City 35",44,88.39085492795948,125.96856533084231,0
4537,Retailer 4537,555-7767835,"95 St, City 36",42,121.35023011784625,0.5002914618411404,0
4538,Retailer 4538,555-3015074,"442 St, City 37",41,92.28594576573036,60.55806299490576,0
4539,Retailer 4539,555-6715175,"935 St, City 38",38,113.46742440147833,55.451064228872056,0
4540,Retailer 4540,555-8745863,"558 St, City 39",43,91.48096196251404,9.131134496542435,0
4541,Retailer 4541,555-5720058,"973 St, City 40",53,89.22121927679339,51.727763469005836,0
4542,Retailer 4542,555-7619511,"650 St, City 41",44,130.3898840569749,12.025215096802938,0
4543,Retailer 4543,555-2802502,"983 St, City 42",43,114.09520789221904,29.744750477032607,0
4544,Retailer 4544,555-2462538,"466 St, City 43",45,102.51734629954335,17.76531719735746,0
4545,Retailer 4545,555-7379878,"288 St, City 44",39,71.19249271532965,3.20515824356527,0
4546,Retailer 4546,555-6745980,"865 St, City 45",50,108.76227404825961,67.71657160788398,0
4547,Retailer 4547,555-3026819,"676 St, City 46",183,21.331642707591453,23.640878361242205,1
4548,Retailer 4548,555-6209995,"412 St, City 47",48,104.06259597366231,19.722461552268115,0
4549,Retailer 4549,555-4934053,"400 St, City 48",54,100.70530772695643,63.48258508167103,0
4550,Retailer 4550,555-8632749,"528 St, City 49",54,104.08883052168484,11.925828550288418,0
4551,Retailer 4551,555-6864075,"18 St, City 50",42,108.96415844184703,25.34299114529174,0
4552,Retailer 4552,555-1732722,"136 St, City 51",58,88.6409439409775,64.18217563757307,0
4553,Retailer 4553,555-6080692,"464 St, City 52",40,99.8533117395634,12.596702940081842,0
4554,Retailer 4554,555-7025261,"759 St, City 53",45,102.76478940416453,47.32881925002205,0
4555,Retailer 4555,555-9245044,"248 St, City 54",53,119.23920854562512,21.669287134172095,0
4556,Retailer 4556,555-4875416,"843 St, City 55",42,57.393104348463815,5.150943317082098,0
4557,Retailer 4557,555-6038460,"710 St, City 56",54,119.78537478144875,1.243152025171626,0
4558,Retailer 4558,555-8317619,"1 St, City 57",47,69.50287741901204,38.91834402300622,0
4559,Retailer 4559,555-7038602,"702 St, City 58",57,87.06101906452994,9.109265776390073,0
4560,Retailer 4560,555-5101599,"381 St, City 59",64,100.05156264504176,50.740403983968164,0
4561,Retailer 4561,555-2390598,"509 St, City 60",59,114.56901090994221,6.281972832338232,0
4562,Retailer 4562,555-5546925,"460 St, City 61",41,122.20581400066084,25.16991937032031,0
4563,Retailer 4563,555-5879797,"505 St, City 62",36,86.74419186422989,2.9439107641669615,0
4564,Retailer 4564,555-4775702,"806 St, City 63",41,112.18942622684226,39.92781017957964,0
4565,Retailer 4565,555-5090284,"476 St, City 64",28,83.09018479976383,43.53496352248809,0
4566,Retailer 4566,555-7770161,"557 St, City 65",65,77.43041611535996,74.50381001270699,0
4567,Retailer 4567,555-7898410,"954 St, City 66",51,131.4181681993615,24.722273214119845,0
4568,Retailer 4568,555-3455918,"849 St, City 67",49,130.50246296950633,3.376310106805048,0
4569,Retailer 4569,555-9053048,"897 St, City 68",49,93.8976256533281,52.766899403882704,0
4570,Retailer 4570,555-9093212,"32 St, City 69",45,71.89654995042197,11.301699628373427,0
4571,Retailer 4571,555-9699043,"904 St, City 70",51,77.70861285531772,68.95582779864945,0
4572,Retailer 4572,555-9547085,"118 St, City 71",54,122.24913921325096,114.27664818090217,0
4573,Retailer 4573,555-8588173,"808 St, City 72",46,108.38535611714745,4.263797323159811,0
4574,Retailer 4574,555-8955229,"184 St, City 73",42,78.69295289148127,2.5981143299944547,0
4575,Retailer 4575,555-8110928,"191 St, City 74",53,103.6440766023268,68.36704502905444,0
4576,Retailer 4576,555-4730370,"747 St, City 75",37,84.53141505890402,68.74229076374179,0
4577,Retailer 4577,555-4688173,"750 St, City 76",38,69.01478599137732,26.39859985041252,0
4578,Retailer 4578,555-7705836,"728 St, City 77",42,78.94837644374553,65.71018710314934,0
4579,Retailer 4579,555-9009806,"74 St, City 78",56,121.57525035996309,80.00215671894874,0
4580,Retailer 4580,555-2980407,"623 St, City 79",55,66.49201869616374,24.31670425469188,0
4581,Retailer 4581,555-7143192,"103 St, City 80",45,97.29400016857905,34.80137476896674,0
4582,Retailer 4582,555-4277746,"871 St, City 81",47,77.98226147864776,28.52434956879021,0
4583,Retailer 4583,555-1801125,"586 St, City 82",56,123.7050182251812,5.756583886390301,0
4584,Retailer 4584,555-3386537,"420 St, City 83",57,96.20908742463354,17.193576732724456,0
4585,Retailer 4585,555-3998778,"473 St, City 84",42,120.49051411716147,34.313090970280875,0
4586,Retailer 4586,555-3693695,"764 St, City 85",46,85.50335077327782,28.268947732479567,0
4587,Retailer 4587,555-2768693,"114 St, City 86",57,104.23621989885076,7.265885502815618,0
4588,Retailer 4588,555-6254230,"379 St, City 87",48,86.76643915731808,72.15819430317059,0
4589,Retailer 4589,555-4856600,"313 St, City 88",53,72.82145596787748,45.983799268567,0
4590,Retailer 4590,555-1101894,"330 St, City 89",54,83.03152711095417,2.127406190210395,0
4591,Retailer 4591,555-2408277,"339 St, City 90",48,91.47079943166754,12.651418055393464,0
4592,Retailer 4592,555-7188753,"238 St, City 91",42,73.9969944821541,162.36562795132963,0
4593,Retailer 4593,555-4567945,"173 St, City 92",48,115.85368718301139,14.819548503033767,0
4594,Retailer 4594,555-4666569,"79 St, City 93",45,82.9872659753282,32.66847286398251,0
4595,Retailer 4595,555-4229112,"464 St, City 94",56,120.85243894999165,3.183409333983008,0
4596,Retailer 4596,555-2048966,"898 St, City 95",39,84.79762573082033,11.172111320621221,0
4597,Retailer 4597,555-8820783,"605 St, City 96",66,92.81639690447713,64.12581440233774,0
4598,Retailer 4598,555-8875889,"964 St, City 97",57,83.56949384663703,21.433543117991018,0
4599,Retailer 4599,555-5216794,"501 St, City 98",72,99.6927799482503,52.30832724288428,0
4600,Retailer 4600,555-3089632,"562 St, City 99",56,83.88654027956527,0.23066867945252267,0
4601,Retailer 4601,555-8834112,"285 St, City 0",47,82.07724226923833,32.91107835633409,0
4602,Retailer 4602,555-5799412,"223 St, City 1",42,129.75225909008745,10.69717472580225,0
4603,Retailer 4603,555-8729578,"593 St, City 2",46,123.68587713236207,59.150262704623934,0
4604,Retailer 4604,555-1312579,"266 St, City 3",43,139.32983544198908,86.49708188087723,0
4605,Retailer 4605,555-7807040,"667 St, City 4",55,97.57927634838664,34.90594589955784,0
4606,Retailer 4606,555-7355421,"373 St, City 5",62,62.3935762595896,4.73749082137452,0
4607,Retailer 4607,555-2563825,"233 St, City 6",54,98.5930767626294,18.939404527894965,0
4608,Retailer 4608,555-4518920,"911 St, City 7",54,84.87386546265301,18.7363727756517,0
4609,Retailer 4609,555-5028604,"828 St, City 8",52,90.6362354978081,53.211408375969015,0
4610,Retailer 4610,555-8433980,"236 St, City 9",59,99.16927942310053,18.51980599160284,0
4611,Retailer 4611,555-2524631,"671 St, City 10",54,134.3954905406356,12.132538602660375,0
4612,Retailer 4612,555-6224369,"917 St, City 11",48,102.00753003845529,28.35240351270713,0
4613,Retailer 4613,555-5961914,"828 St, City 12",40,141.3000084641208,31.245605791630908,0
4614,Retailer 4614,555-8595853,"763 St, City 13",63,86.49561004936524,49.813717027858424,0
4615,Retailer 4615,555-8650961,"314 St, City 14",51,129.6104953044052,69.21026081201752,0
4616,Retailer 4616,555-1906395,"937 St, City 15",50,103.36631273398986,66.20648491791273,0
4617,Retailer 4617,555-2944606,"942 St, City 16",67,58.4940665086216,29.563122993228856,0
4618,Retailer 4618,555-9288515,"813 St, City 17",42,103.563013038511,22.28774592779654,0
4619,Retailer 4619,555-5805028,"380 St, City 18",63,114.0644472526548,48.46687464806884,0
4620,Retailer 4620,555-1970278,"794 St, City 19",50,67.63185305222751,10.992653255066063,0
4621,Retailer 4621,555-9884527,"614 St, City 20",53,94.43925225561492,42.555978045559115,0
4622,Retailer 4622,555-6271513,"563 St, City 21",52,89.67788083285028,21.16284428046997,0
4623,Retailer 4623,555-6005231,"420 St, City 22",53,119.35962253555088,3.9597215497376177,0
4624,Retailer 4624,555-3948134,"52 St, City 23",46,91.2410675096732,41.93483368282546,0
4625,Retailer 4625,555-2347203,"721 St, City 24",47,92.30149370796453,31.363801216551796,0
4626,Retailer 4626,555-7666781,"819 St, City 25",54,82.53991037393347,2.5805930443428946,0
4627,Retailer 4627,555-9855197,"643 St, City 26",60,80.94989313822111,17.955226377553615,0
4628,Retailer 4628,555-2187018,"509 St, City 27",52,80.36871909080881,19.994848737140522,0
4629,Retailer 4629,555-6097579,"782 St, City 28",43,76.12382810976747,31.797221355664913,0
4630,Retailer 4630,555-8411979,"945 St, City 29",54,75.03827966111236,34.04162470011245,0
4631,Retailer 4631,555-3267357,"205 St, City 30",40,129.8745294830773,6.341126730326362,0
4632,Retailer 4632,555-2799971,"731 St, City 31",44,127.87299765956058,1.0283959800925357,0
4633,Retailer 4633,555-1573881,"257 St, City 32",58,122.9499430074263,47.40699874333559,0
4634,Retailer 4634,555-7296665,"185 St, City 33",49,101.46529734750445,119.85346941703486,0
4635,Retailer 4635,555-6893868,"145 St, City 34",53,91.48849164146517,84.747980299807,0
4636,Retailer 4636,555-8609387,"690 St, City 35",48,110.40441956943873,20.842433909939352,0
4637,Retailer 4637,555-6252807,"994 St, City 36",40,129.4406612239268,22.58263952698553,0
4638,Retailer 4638,555-4878551,"14 St, City 37",44,104.52646066074792,80.02563757708252,0
4639,Retailer 4639,555-4301394,"246 St, City 38",46,92.13656562244218,23.56750275201957,0
4640,Retailer 4640,555-3827364,"187 St, City 39",36,111.78400580763191,9.757984328357574,0
4641,Retailer 4641,555-4354513,"337 St, City 40",42,167.0685311257739,33.958015070522926,0
4642,Retailer 4642,555-2613560,"259 St, City 41",36,84.18948210324749,19.456589974768626,0
4643,Retailer 4643,555-3293673,"866 St, City 42",47,79.17339389516621,46.11357318115751,0
4644,Retailer 4644,555-4475488,"40 St, City 43",56,124.49493299959464,45.87817889730689,0
4645,Retailer 4645,555-4020745,"601 St, City 44",44,120.73281022976438,82.44682541167141,0
4646,Retailer 4646,555-5644068,"637 St, City 45",62,79.17131800529448,4.448747821735637,0
4647,Retailer 4647,555-4302923,"962 St, City 46",50,106.18854775373752,22.102310938430474,0
4648,Retailer 4648,555-6643893,"418 St, City 47",47,93.16998075189588,46.23388785645988,0
4649,Retailer 4649,555-4195741,"986 St, City 48",47,75.09649274824137,17.119467714891826,0
4650,Retailer 4650,555-9605094,"351 St, City 49",54,76.15851155665692,29.575970480379926,0
4651,Retailer 4651,555-9815496,"9 St, City 50",60,88.5312218168875,50.953275025148415,0
4652,Retailer 4652,555-1835988,"350 St, City 51",48,103.1833306643306,19.237512595998496,0
4653,Retailer 4653,555-6104459,"84 St, City 52",55,114.08486778896416,15.741735672272025,0
4654,Retailer 4654,555-9103670,"533 St, City 53",53,92.06185604885901,5.973911564261726,0
4655,Retailer 4655,555-1550428,"989 St, City 54",48,94.60842855868847,52.212015829054785,0
4656,Retailer 4656,555-3089706,"793 St, City 55",45,111.58116801878714,47.65656902658914,0
4657,Retailer 4657,555-5305665,"358 St, City 56",43,93.89904248034514,40.777942926810304,0
4658,Retailer 4658,555-3889190,"378 St, City 57",45,94.77407510069105,14.99241417913345,0
4659,Retailer 4659,555-9785780,"172 St, City 58",48,123.35906460771304,26.253790931323472,0
4660,Retailer 4660,555-8751938,"25 St, City 59",46,92.44416944998648,3.9712229971987005,0
4661,Retailer 4661,555-8660678,"393 St, City 60",50,87.7070163162112,11.54865413513537,0
4662,Retailer 4662,555-1255658,"103 St, City 61",53,87.95792878576557,17.155879681868072,0
4663,Retailer 4663,555-2730283,"702 St, City 62",54,96.61506172682476,1.3354655523144985,0
4664,Retailer 4664,555-7395300,"236 St, City 63",44,125.4352503168387,3.280641858505873,0
4665,Retailer 4665,555-6029792,"410 St, City 64",59,108.67024413539986,53.110126704074915,0
4666,Retailer 4666,555-7389690,"825 St, City 65",50,97.50102771199363,106.42546905882888,0
4667,Retailer 4667,555-7766174,"549 St, City 66",47,97.82656728540975,11.657804519706078,0
4668,Retailer 4668,555-1751993,"784 St, City 67",38,115.43553720937922,3.386349229230961,0
4669,Retailer 4669,555-1828282,"805 St, City 68",64,97.73458123133118,82.18267078302712,0
4670,Retailer 4670,555-9860369,"332 St, City 69",48,97.44075081855121,73.71111599566636,0
4671,Retailer 4671,555-7615920,"664 St, City 70",46,106.66137009625533,31.896652027698696,0
4672,Retailer 4672,555-8313367,"794 St, City 71",193,9.35403329970602,12.401471292777483,1
4673,Retailer 4673,555-8359659,"532 St, City 72",51,139.12537780451726,3.5827778269392914,0
4674,Retailer 4674,555-8663998,"649 St, City 73",48,137.77337337649735,84.15005272356214,0
4675,Retailer 4675,555-6465513,"983 St, City 74",55,101.73473794901015,75.91490133780773,0
4676,Retailer 4676,555-1317942,"871 St, City 75",53,97.62438230007345,40.78397977984863,0
4677,Retailer 4677,555-4894456,"29 St, City 76",53,82.31064193608177,81.49137870611546,0
4678,Retailer 4678,555-1337462,"543 St, City 77",38,101.5384211295742,4.516330845998622,0
4679,Retailer 4679,555-6609210,"19 St, City 78",65,80.17129645396531,3.4707393896763965,0
4680,Retailer 4680,555-4928207,"148 St, City 79",39,96.96545275539283,6.3972964430709816,0
4681,Retailer 4681,555-9810381,"471 St, City 80",43,114.87757076809133,7.280968677824225,0
4682,Retailer 4682,555-3430630,"491 St, City 81",52,120.73632413318244,52.66325246986428,0
4683,Retailer 4683,555-5563167,"283 St, City 82",56,129.15257339516245,76.42961008478254,0
4684,Retailer 4684,555-8463131,"862 St, City 83",56,109.24518440624362,7.284716315558062,0
4685,Retailer 4685,555-3795126,"853 St, City 84",39,82.42110013484057,18.635667110460965,0
4686,Retailer 4686,555-8614896,"812 St, City 85",57,129.45265889599617,18.1807414540209,0
4687,Retailer 4687,555-6562632,"675 St, City 86",54,119.23197003419907,5.875701961217034,0
4688,Retailer 4688,555-7398905,"113 St, City 87",48,91.89211922727975,57.59062957286985,0
4689,Retailer 4689,555-6345708,"455 St, City 88",52,80.10446091305508,22.175283254040743,0
4690,Retailer 4690,555-5266399,"662 St, City 89",65,103.92067749986109,25.05782623673152,0
4691,Retailer 4691,555-3727364,"330 St, City 90",49,126.13450206134554,8.96948927195841,0
4692,Retailer 4692,555-9476201,"255 St, City 91",47,91.49713497566862,24.57209859385752,0
4693,Retailer 4693,555-6582266,"599 St, City 92",46,103.10495884943037,47.18448665435186,0
4694,Retailer 4694,555-1902473,"399 St, City 93",49,111.93916276313104,10.912347047476237,0
4695,Retailer 4695,555-1126202,"862 St, City 94",42,71.08680904156978,3.6072937715427047,0
4696,Retailer 4696,555-9507150,"610 St, City 95",51,87.66773358839964,26.31499759581918,0
4697,Retailer 4697,555-2417158,"909 St, City 96",55,132.48889223601623,30.304083121431944,0
4698,Retailer 4698,555-2835932,"508 St, City 97",51,61.413695564150125,6.771808425964366,0
4699,Retailer 4699,555-3672762,"644 St, City 98",48,124.09156326575122,8.562724814362545,0
4700,Retailer 4700,555-4716434,"466 St, City 99",54,123.85323640870703,4.984076980984208,0
4701,Retailer 4701,555-1455433,"824 St, City 0",51,108.53338290926949,76.29443983931931,0
4702,Retailer 4702,555-9478748,"407 St, City 1",52,102.90184935783255,7.186268505809112,0
4703,Retailer 4703,555-2515554,"609 St, City 2",50,67.1794826457637,0.3208530659032988,0
4704,Retailer 4704,555-2584645,"98 St, City 3",54,109.76977022651478,55.00611070330377,0
4705,Retailer 4705,555-4230786,"290 St, City 4",50,91.39496526672843,48.77120613634841,0
4706,Retailer 4706,555-5676103,"868 St, City 5",45,124.23950139799956,18.29369764816709,0
4707,Retailer 4707,555-4416403,"739 St, City 6",42,106.7423010370287,47.86048164517998,0
4708,Retailer 4708,555-8639214,"657 St, City 7",44,69.0253399134437,17.914210180486762,0
4709,Retailer 4709,555-8690115,"156 St, City 8",59,84.65675810853787,7.627979084326696,0
4710,Retailer 4710,555-4621420,"782 St, City 9",49,68.82803406600654,16.656628033815906,0
4711,Retailer 4711,555-4943439,"162 St, City 10",56,73.3492130420722,20.017032716088035,0
4712,Retailer 4712,555-2251661,"624 St, City 11",42,117.25666253020452,0.2713256774218999,0
4713,Retailer 4713,555-2114100,"843 St, City 12",54,95.12195025883189,3.60845572203596,0
4714,Retailer 4714,555-8816184,"697 St, City 13",50,85.52709418972037,62.32692287262838,0
4715,Retailer 4715,555-2509390,"717 St, City 14",53,99.43959635134316,14.948410702228857,0
4716,Retailer 4716,555-3007878,"97 St, City 15",51,92.35698618909312,12.080093301333099,0
4717,Retailer 4717,555-5712037,"377 St, City 16",54,103.1360822169923,65.77334639747194,0
4718,Retailer 4718,555-9704225,"567 St, City 17",62,142.53333742097956,5.03728531786214,0
4719,Retailer 4719,555-8228840,"450 St, City 18",48,99.6350660313453,7.338191201833417,0
4720,Retailer 4720,555-2804053,"994 St, City 19",216,4.0216042060681065,52.799195958600976,1
4721,Retailer 4721,555-7281328,"117 St, City 20",57,61.81886616701395,9.840737068312853,0
4722,Retailer 4722,555-5470756,"605 St, City 21",45,92.45297049710562,30.090794823860627,0
4723,Retailer 4723,555-9480171,"805 St, City 22",33,75.00672493927246,40.36282603562827,0
4724,Retailer 4724,555-3827754,"964 St, City 23",51,104.77910806737624,7.558650446546068,0
4725,Retailer 4725,555-5953799,"716 St, City 24",42,115.41791404190263,8.767085571198084,0
4726,Retailer 4726,555-9239115,"794 St, City 25",53,117.5304605184324,21.788407829420738,0
4727,Retailer 4727,555-9351184,"506 St, City 26",49,97.33821596461668,47.13735466312043,0
4728,Retailer 4728,555-4739469,"189 St, City 27",49,124.27234891768964,24.248495378035994,0
4729,Retailer 4729,555-9642979,"476 St, City 28",69,106.37082729330456,2.091321109385005,0
4730,Retailer 4730,555-3199318,"323 St, City 29",46,111.43275100494441,12.962151437887945,0
4731,Retailer 4731,555-6257386,"596 St, City 30",56,90.52941124844475,12.04290207173787,0
4732,Retailer 4732,555-4094510,"970 St, City 31",55,89.37333998565717,49.44565948519902,0
4733,Retailer 4733,555-1420888,"180 St, City 32",40,93.91440393555094,10.260500578469465,0
4734,Retailer 4734,555-9295953,"786 St, City 33",44,125.73786498551615,69.44503014469534,0
4735,Retailer 4735,555-6570090,"181 St, City 34",44,90.53971146133533,12.238334635531674,0
4736,Retailer 4736,555-1190285,"959 St, City 35",44,69.33217994857145,6.474173527462501,0
4737,Retailer 4737,555-4196699,"693 St, City 36",45,95.92289606082818,23.29194497148726,0
4738,Retailer 4738,555-3211130,"795 St, City 37",44,88.09691760141848,14.651739276344545,0
4739,Retailer 4739,555-2207739,"287 St, City 38",46,120.91803796316366,31.28882875087487,0
4740,Retailer 4740,555-9176958,"475 St, City 39",52,103.18707852036272,74.20580957353842,0
4741,Retailer 4741,555-4128411,"618 St, City 40",58,109.21167772161736,84.79254783427382,0
4742,Retailer 4742,555-6130418,"641 St, City 41",55,121.6918595519284,7.7384402075996395,0
4743,Retailer 4743,555-3716826,"262 St, City 42",43,106.23932620295955,5.3118286570011195,0
4744,Retailer 4744,555-2488543,"523 St, City 43",51,80.52684310315922,84.38086369342633,0
4745,Retailer 4745,555-6853294,"162 St, City 44",57,107.77337417199705,50.20774443199403,0
4746,Retailer 4746,555-6929191,"487 St, City 45",50,124.20003357416127,9.101175494648151,0
4747,Retailer 4747,555-3702303,"980 St, City 46",47,100.02251390316465,49.03565452447264,0
4748,Retailer 4748,555-3437587,"959 St, City 47",54,101.60460730255531,40.534142627192075,0
4749,Retailer 4749,555-7417115,"181 St, City 48",59,89.7416824593181,8.77328154169663,0
4750,Retailer 4750,555-6587757,"725 St, City 49",46,104.13390153600092,70.86507129328223,0
4751,Retailer 4751,555-2111288,"469 St, City 50",68,109.25917175350655,11.649596943154577,0
4752,Retailer 4752,555-4298273,"786 St, City 51",46,123.36732487747236,19.628127309336662,0
4753,Retailer 4753,555-8316359,"21 St, City 52",46,135.00930920336123,28.191504785378115,0
4754,Retailer 4754,555-9992719,"275 St, City 53",50,110.26809778396854,6.368454651808743,0
4755,Retailer 4755,555-7323686,"260 St, City 54",44,130.32194611702525,28.347497831582565,0
4756,Retailer 4756,555-7594244,"333 St, City 55",46,106.88595981538202,36.75303074585957,0
4757,Retailer 4757,555-1831635,"466 St, City 56",53,112.3955042807645,3.212429388899412,0
4758,Retailer 4758,555-2467217,"116 St, City 57",44,151.6219470847581,14.309559410679153,0
4759,Retailer 4759,555-3744686,"413 St, City 58",56,98.2812607354004,28.40710667175563,0
4760,Retailer 4760,555-4230545,"537 St, City 59",56,77.73080011216649,78.19876272284894,0
4761,Retailer 4761,555-8578689,"952 St, City 60",54,144.34283153383805,66.48767440002649,0
4762,Retailer 4762,555-8557065,"845 St, City 61",55,113.60986969440278,5.5778650057795724,0
4763,Retailer 4763,555-1231414,"766 St, City 62",46,76.8762394340384,28.287350524608506,0
4764,Retailer 4764,555-3402110,"959 St, City 63",50,97.11356976816752,3.0948158734532747,0
4765,Retailer 4765,555-2643083,"923 St, City 64",59,109.30707622447629,10.43905543181995,0
4766,Retailer 4766,555-6050058,"956 St, City 65",51,85.27474149697451,27.284687028698247,0
4767,Retailer 4767,555-1021650,"723 St, City 66",57,75.4625078903493,2.5459840753809795,0
4768,Retailer 4768,555-2404962,"817 St, City 67",43,116.47193105639923,65.90949451908473,0
4769,Retailer 4769,555-4023846,"833 St, City 68",53,63.18272699495533,52.98076060621905,0
4770,Retailer 4770,555-3913293,"934 St, City 69",61,89.67389250459638,19.238849704077545,0
4771,Retailer 4771,555-9594859,"851 St, City 70",43,89.18120588186258,20.303705952714882,0
4772,Retailer 4772,555-7825687,"948 St, City 71",51,80.14830259431372,63.95057538735413,0
4773,Retailer 4773,555-4844328,"257 St, City 72",58,93.02668584133913,1.552613122004012,0
4774,Retailer 4774,555-8779008,"168 St, City 73",44,96.0369895975274,4.660374000046731,0
4775,Retailer 4775,555-7020010,"849 St, City 74",38,39.37522514034391,11.045270261660049,0
4776,Retailer 4776,555-8121782,"533 St, City 75",57,105.53786447712766,13.59483291833438,0
4777,Retailer 4777,555-6172886,"598 St, City 76",41,116.47145562142987,131.33333643085192,0
4778,Retailer 4778,555-5513207,"15 St, City 77",50,129.38275166356175,4.786120841171281,0
4779,Retailer 4779,555-9050763,"50 St, City 78",62,98.98347767069903,10.83356757213279,0
4780,Retailer 4780,555-2724854,"999 St, City 79",48,56.92147078558121,52.79909190997498,0
4781,Retailer 4781,555-9771419,"304 St, City 80",48,116.74175107304771,46.02360801607833,0
4782,Retailer 4782,555-5695995,"487 St, City 81",51,101.44676449165001,31.910391849735134,0
4783,Retailer 4783,555-2008314,"416 St, City 82",57,115.06451336253735,11.94954965250909,0
4784,Retailer 4784,555-5408608,"305 St, City 83",42,102.18537701868877,3.759309839373812,0
4785,Retailer 4785,555-3493330,"196 St, City 84",55,111.06832983809164,123.21659343314334,0
4786,Retailer 4786,555-7730419,"876 St, City 85",38,81.86857158083129,8.687573006590316,0
4787,Retailer 4787,555-7605949,"813 St, City 86",48,76.96873820551863,55.85962991928685,0
4788,Retailer 4788,555-5396208,"800 St, City 87",45,97.43708483429243,67.61619592511849,0
4789,Retailer 4789,555-1711716,"388 St, City 88",46,99.27088815998925,17.442789976807557,0
4790,Retailer 4790,555-3767257,"757 St, City 89",48,83.91749884120081,57.080191664388906,0
4791,Retailer 4791,555-8542242,"961 St, City 90",49,84.2320783368808,9.815023401290102,0
4792,Retailer 4792,555-8359055,"865 St, City 91",60,83.50294030130264,66.19401918504958,0
4793,Retailer 4793,555-2699660,"455 St, City 92",39,123.30779269389971,30.315266305209324,0
4794,Retailer 4794,555-7110845,"713 St, City 93",45,80.81028320202496,6.4840029416892175,0
4795,Retailer 4795,555-1345430,"705 St, City 94",45,110.25961627127245,46.33016776020219,0
4796,Retailer 4796,555-2857845,"848 St, City 95",58,84.15895860888305,73.49510475147503,0
4797,Retailer 4797,555-3505365,"658 St, City 96",58,109.11837711679155,25.34910108111947,0
4798,Retailer 4798,555-7312379,"310 St, City 97",43,127.28464331701034,42.860144386201966,0
4799,Retailer 4799,555-9135340,"127 St, City 98",47,122.21454069547009,47.512723667678564,0
4800,Retailer 4800,555-1847405,"175 St, City 99",38,94.11430366119711,46.450902970793,0
4801,Retailer 4801,555-1233462,"134 St, City 0",51,105.44191927810563,18.177252680777023,0
4802,Retailer 4802,555-7342869,"66 St, City 1",49,91.15066354724675,40.405588665906535,0
4803,Retailer 4803,555-3986068,"393 St, City 2",50,118.82124481673469,23.857426636029082,0
4804,Retailer 4804,555-2968921,"964 St, City 3",58,98.48469491728025,16.06685606127873,0
4805,Retailer 4805,555-4401447,"365 St, City 4",209,18.193076569704438,5.438916822458654,1
4806,Retailer 4806,555-6515328,"279 St, City 5",48,80.87095809314131,71.91945025234838,0
4807,Retailer 4807,555-9798834,"758 St, City 6",70,84.028134778703,16.07975677123554,0
4808,Retailer 4808,555-6369919,"363 St, City 7",64,112.73045251511779,8.215959297614909,0
4809,Retailer 4809,555-2764694,"749 St, City 8",58,108.72097055656049,8.323864467884313,0
4810,Retailer 4810,555-7471530,"171 St, City 9",59,136.5104274208788,8.315650256863183,0
4811,Retailer 4811,555-2807254,"51 St, City 10",57,94.86578749549187,0.07429823400163581,0
4812,Retailer 4812,555-6002828,"328 St, City 11",49,88.92930766825693,17.299303525231874,0
4813,Retailer 4813,555-1131562,"871 St, City 12",48,88.5123564049513,66.40635968353106,0
4814,Retailer 4814,555-6904214,"665 St, City 13",51,94.27391056100628,0.7640397585391796,0
4815,Retailer 4815,555-7933966,"592 St, City 14",45,107.24244627107173,94.11713112988127,0
4816,Retailer 4816,555-6590240,"931 St, City 15",61,67.05486608901396,5.921460886500544,0
4817,Retailer 4817,555-9358827,"145 St, City 16",53,75.33787752120128,38.06860354279713,0
4818,Retailer 4818,555-1360306,"274 St, City 17",34,104.5242090831167,46.159374489347755,0
4819,Retailer 4819,555-8565991,"155 St, City 18",54,107.42536411230861,39.85384101061786,0
4820,Retailer 4820,555-3724274,"911 St, City 19",48,93.53656086200837,12.428014257331998,0
4821,Retailer 4821,555-2594502,"508 St, City 20",62,109.10685041008773,36.502858788922005,0
4822,Retailer 4822,555-2488303,"849 St, City 21",52,69.59325195599929,19.215174411402963,0
4823,Retailer 4823,555-6982547,"363 St, City 22",39,85.11137513900039,4.953214489689167,0
4824,Retailer 4824,555-1518490,"325 St, City 23",54,84.67202511498358,6.729193360060123,0
4825,Retailer 4825,555-5229228,"848 St, City 24",208,9.24029418258825,0.7912285858286544,1
4826,Retailer 4826,555-2903124,"655 St, City 25",33,116.63377728692744,12.10268240312165,0
4827,Retailer 4827,555-3792537,"298 St, City 26",52,119.01449374766922,39.057437775596775,0
4828,Retailer 4828,555-7254887,"494 St, City 27",59,55.03898050106222,104.25980576379996,0
4829,Retailer 4829,555-4147887,"546 St, City 28",49,60.46384174740186,4.300810008546206,0
4830,Retailer 4830,555-7864684,"304 St, City 29",44,102.54671202047099,13.075295743149173,0
4831,Retailer 4831,555-2587542,"467 St, City 30",52,88.06470757873461,6.0084022464298155,0
4832,Retailer 4832,555-4862163,"904 St, City 31",51,97.30719839595191,42.92459257598571,0
4833,Retailer 4833,555-8745269,"239 St, City 32",49,106.43565301283904,75.61618788500161,0
4834,Retailer 4834,555-5856436,"650 St, City 33",50,135.51125399716062,3.631197215545787,0
4835,Retailer 4835,555-8056784,"766 St, City 34",56,98.5170747866683,70.17328554945993,0
4836,Retailer 4836,555-9543144,"517 St, City 35",54,117.1422556746831,9.502739085370989,0
4837,Retailer 4837,555-7234408,"884 St, City 36",55,91.32485022175806,7.571898193808763,0
4838,Retailer 4838,555-1624773,"176 St, City 37",54,109.14081935560243,1.7490411146894014,0
4839,Retailer 4839,555-8581002,"885 St, City 38",176,17.491864057803674,2.516722088431532,1
4840,Retailer 4840,555-3017528,"410 St, City 39",62,89.68404864751015,2.152123543784586,0
4841,Retailer 4841,555-2678332,"726 St, City 40",54,86.45328351844995,17.740047881354737,0
4842,Retailer 4842,555-2002021,"364 St, City 41",46,90.44820001063776,32.24487091549474,0
4843,Retailer 4843,555-7292357,"23 St, City 42",47,117.39168798404229,6.115700078264938,0
4844,Retailer 4844,555-3185132,"318 St, City 43",59,114.52591853910161,7.363164567225179,0
4845,Retailer 4845,555-1292007,"525 St, City 44",48,50.15011199578172,5.694776242935875,0
4846,Retailer 4846,555-7778519,"905 St, City 45",56,91.57264099418202,49.28338332242145,0
4847,Retailer 4847,555-3928785,"753 St, City 46",45,108.60979911924335,4.426471730010936,0
4848,Retailer 4848,555-5791164,"276 St, City 47",44,131.141479185312,2.28716477047552,0
4849,Retailer 4849,555-2612119,"604 St, City 48",43,98.00111677492326,1.1222336040455203,0
4850,Retailer 4850,555-8927532,"620 St, City 49",46,107.49048647779085,1.2293586676080022,0
4851,Retailer 4851,555-9776381,"953 St, City 50",42,102.04250816676641,23.73423498821568,0
4852,Retailer 4852,555-7277120,"229 St, City 51",57,89.54498708231202,2.960990222499035,0
4853,Retailer 4853,555-5216803,"664 St, City 52",54,73.1092183018378,7.547317256016745,0
4854,Retailer 4854,555-3583677,"108 St, City 53",41,74.95449671082062,53.63485132542249,0
4855,Retailer 4855,555-1143704,"801 St, City 54",35,115.74451424746924,103.36190096031257,0
4856,Retailer 4856,555-9454364,"916 St, City 55",47,102.40840826224446,59.167789396310404,0
4857,Retailer 4857,555-7731666,"956 St, City 56",55,85.25296961047277,96.26969882559712,0
4858,Retailer 4858,555-8891784,"176 St, City 57",46,71.45777231679489,33.30093853064267,0
4859,Retailer 4859,555-8775872,"320 St, City 58",48,115.46796990990798,130.78781507364985,0
4860,Retailer 4860,555-5714386,"286 St, City 59",48,80.10295837605432,20.575843249939084,0
4861,Retailer 4861,555-3396640,"876 St, City 60",46,113.52144050038879,47.49677539453183,0
4862,Retailer 4862,555-7375247,"329 St, City 61",51,97.38133891446432,106.90738068995074,0
4863,Retailer 4863,555-7994791,"877 St, City 62",59,99.14877843757274,37.06299866892705,0
4864,Retailer 4864,555-4278262,"753 St, City 63",48,135.01006845778582,94.20192866595791,0
4865,Retailer 4865,555-9246673,"657 St, City 64",55,58.03313761957361,8.776601427956004,0
4866,Retailer 4866,555-8421473,"356 St, City 65",50,82.42968937725553,10.712057006299954,0
4867,Retailer 4867,555-2916796,"14 St, City 66",42,131.97982310673393,15.187091765700703,0
4868,Retailer 4868,555-2286188,"275 St, City 67",53,118.69646779467931,18.7414924067039,0
4869,Retailer 4869,555-9822405,"71 St, City 68",46,95.17512877691578,68.3088995329327,0
4870,Retailer 4870,555-4085945,"827 St, City 69",48,137.34088098819814,65.64087241130366,0
4871,Retailer 4871,555-5168773,"195 St, City 70",40,120.07495873856033,32.18484201292125,0
4872,Retailer 4872,555-7637034,"865 St, City 71",48,89.54191775175141,7.930757016611048,0
4873,Retailer 4873,555-8948838,"812 St, City 72",46,78.53783022527597,8.24800177316399,0
4874,Retailer 4874,555-2784094,"928 St, City 73",52,127.98513154580348,29.969248236570085,0
4875,Retailer 4875,555-1239608,"879 St, City 74",56,83.73280789795425,20.998386031476947,0
4876,Retailer 4876,555-4662097,"523 St, City 75",51,104.995629459482,8.973730968119591,0
4877,Retailer 4877,555-9737723,"106 St, City 76",47,129.93636143130968,5.526239926992577,0
4878,Retailer 4878,555-9054515,"770 St, City 77",42,103.61013127641185,38.47159622265067,0
4879,Retailer 4879,555-5297084,"986 St, City 78",45,100.20586848850944,50.336594815862945,0
4880,Retailer 4880,555-4146243,"893 St, City 79",44,66.59707110286794,9.086100129860746,0
4881,Retailer 4881,555-5042942,"196 St, City 80",62,119.94512891509147,16.597514958186483,0
4882,Retailer 4882,555-1853159,"145 St, City 81",62,63.66354323375211,37.49989207803413,0
4883,Retailer 4883,555-4898888,"977 St, City 82",52,127.05349564679454,19.00232739628318,0
4884,Retailer 4884,555-1895596,"732 St, City 83",46,66.33150779984385,97.52420994259725,0
4885,Retailer 4885,555-8648392,"350 St, City 84",46,83.42800814831767,4.164044897229519,0
4886,Retailer 4886,555-3431129,"424 St, City 85",42,123.3671352534297,57.7959972222576,0
4887,Retailer 4887,555-2600720,"471 St, City 86",50,128.946703932417,10.961673722905454,0
4888,Retailer 4888,555-3605327,"686 St, City 87",55,101.89081536153452,34.85105794547639,0
4889,Retailer 4889,555-4219598,"216 St, City 88",54,92.77442736761994,8.778628715755609,0
4890,Retailer 4890,555-7184546,"93 St, City 89",44,103.06446392189802,101.85911502897274,0
4891,Retailer 4891,555-7387958,"260 St, City 90",39,60.721526583062264,1.5430390569813621,0
4892,Retailer 4892,555-9979219,"934 St, City 91",48,121.83894259814178,21.619951246016218,0
4893,Retailer 4893,555-9817164,"575 St, City 92",42,87.59281547597209,72.40995024142177,0
4894,Retailer 4894,555-4675049,"541 St, City 93",52,94.9170943385578,19.03731881851838,0
4895,Retailer 4895,555-7626924,"787 St, City 94",49,101.70093647804994,55.04243777146865,0
4896,Retailer 4896,555-7045001,"859 St, City 95",56,105.54958230262326,89.76932603196434,0
4897,Retailer 4897,555-6876924,"285 St, City 96",60,108.92964712022932,2.1073673807820357,0
4898,Retailer 4898,555-9868958,"484 St, City 97",48,124.50941797524348,20.13026024820578,0
4899,Retailer 4899,555-1496232,"931 St, City 98",62,125.40839764843014,34.79126707728843,0
4900,Retailer 4900,555-4634183,"372 St, City 99",52,99.39442251328416,53.54545040037661,0
4901,Retailer 4901,555-8602242,"70 St, City 0",54,114.69983192862665,5.343515494708121,0
4902,Retailer 4902,555-3628973,"379 St, City 1",46,117.4024884596897,25.095638830136725,0
4903,Retailer 4903,555-4912669,"279 St, City 2",48,65.239291370002,5.3351328239064655,0
4904,Retailer 4904,555-4991818,"743 St, City 3",49,91.2429154866338,42.243539562924695,0
4905,Retailer 4905,555-9164962,"302 St, City 4",65,81.8730653927204,10.048958842167325,0
4906,Retailer 4906,555-4779044,"255 St, City 5",59,100.52498927880686,9.392787165693079,0
4907,Retailer 4907,555-7041084,"684 St, City 6",54,125.11261145582988,44.064442298252295,0
4908,Retailer 4908,555-6070121,"944 St, City 7",55,115.5784507411357,55.3562348413958,0
4909,Retailer 4909,555-1250231,"692 St, City 8",48,116.39846375309756,12.617499105966624,0
4910,Retailer 4910,555-5735524,"264 St, City 9",41,92.10547553528521,20.860638931006772,0
4911,Retailer 4911,555-4372105,"695 St, City 10",61,92.17016792672115,35.47226486899318,0
4912,Retailer 4912,555-7741499,"834 St, City 11",55,87.93322997966608,41.01477812619222,0
4913,Retailer 4913,555-1978935,"717 St, City 12",47,82.08061492760366,44.10567526008781,0
4914,Retailer 4914,555-6267528,"424 St, City 13",37,111.52657645762308,14.847965658284364,0
4915,Retailer 4915,555-3130118,"761 St, City 14",63,89.02271477473002,23.05823304290468,0
4916,Retailer 4916,555-1420993,"213 St, City 15",45,73.98973101940891,3.4807526060588705,0
4917,Retailer 4917,555-4401461,"671 St, City 16",48,105.75035794980838,89.01531301208718,0
4918,Retailer 4918,555-3260791,"944 St, City 17",55,101.34775644183918,36.26110765153734,0
4919,Retailer 4919,555-9634939,"100 St, City 18",53,105.94242823101058,14.126645661799003,0
4920,Retailer 4920,555-5601318,"829 St, City 19",42,128.93519873814193,14.80983094730372,0
4921,Retailer 4921,555-8274324,"112 St, City 20",54,100.48011116061103,2.845283366601437,0
4922,Retailer 4922,555-5080790,"308 St, City 21",40,87.15286141217221,18.315134158452587,0
4923,Retailer 4923,555-3752690,"678 St, City 22",46,87.0094378240697,33.53605029003623,0
4924,Retailer 4924,555-2003510,"475 St, City 23",56,80.77286305330394,91.44523342673548,0
4925,Retailer 4925,555-2071192,"548 St, City 24",56,84.68766308685336,31.288492477908346,0
4926,Retailer 4926,555-4415473,"112 St, City 25",60,74.99273541003559,31.55570885622162,0
4927,Retailer 4927,555-2860371,"87 St, City 26",50,102.37365890269665,46.31145955895664,0
4928,Retailer 4928,555-8778512,"183 St, City 27",46,86.47741214976664,21.388563645345386,0
4929,Retailer 4929,555-2571480,"597 St, City 28",41,102.56750151712245,0.9800003189040789,0
4930,Retailer 4930,555-4615590,"781 St, City 29",46,92.73723988276352,66.17940205802208,0
4931,Retailer 4931,555-3360901,"165 St, City 30",49,97.8828214579525,15.448592374304479,0
4932,Retailer 4932,555-8238225,"815 St, City 31",44,135.06394947915922,125.3280307330028,0
4933,Retailer 4933,555-3952053,"90 St, City 32",41,122.88721016635485,15.64536921163699,0
4934,Retailer 4934,555-4291987,"455 St, City 33",49,69.21331925484887,33.108850468703615,0
4935,Retailer 4935,555-8541714,"238 St, City 34",54,87.80784351322748,18.478558465298327,0
4936,Retailer 4936,555-5263272,"999 St, City 35",47,62.039876709898195,7.9353562679940195,0
4937,Retailer 4937,555-9973326,"534 St, City 36",47,91.95615034657337,80.11028732782209,0
4938,Retailer 4938,555-6492952,"679 St, City 37",50,106.64628737490519,29.600613731649872,0
4939,Retailer 4939,555-7297042,"727 St, City 38",58,121.46148447524162,17.963580216695007,0
4940,Retailer 4940,555-5052579,"58 St, City 39",41,120.46318761013117,4.670417323764825,0
4941,Retailer 4941,555-8200262,"542 St, City 40",53,106.35841452764835,210.63012685371646,0
4942,Retailer 4942,555-4884175,"914 St, City 41",50,81.34536140578362,67.65547834155372,0
4943,Retailer 4943,555-8725166,"618 St, City 42",50,116.89111346347664,16.486218096571935,0
4944,Retailer 4944,555-8689205,"402 St, City 43",58,100.97701999958181,5.642607459726044,0
4945,Retailer 4945,555-2609425,"842 St, City 44",199,9.652630601393778,0.9040851580424901,1
4946,Retailer 4946,555-3303707,"679 St, City 45",56,139.0506131422277,4.9404082850711735,0
4947,Retailer 4947,555-1998899,"862 St, City 46",56,81.11698609039232,22.934729166681695,0
4948,Retailer 4948,555-6462610,"666 St, City 47",52,141.48444801798985,50.75074805843984,0
4949,Retailer 4949,555-3098729,"839 St, City 48",42,135.96682283137562,13.554148890848811,0
4950,Retailer 4950,555-8237310,"519 St, City 49",48,101.3599745306535,17.07384300699225,0
4951,Retailer 4951,555-2820844,"197 St, City 50",46,103.86824576388496,19.232125677773464,0
4952,Retailer 4952,555-1951302,"833 St, City 51",46,85.85813405266825,0.5319812160112569,0
4953,Retailer 4953,555-8568538,"46 St, City 52",50,103.80376907143672,5.84546660469106,0
4954,Retailer 4954,555-2120803,"530 St, City 53",44,101.86895166043814,20.848992412812603,0
4955,Retailer 4955,555-8139845,"397 St, City 54",46,86.22694525950939,9.829859252489419,0
4956,Retailer 4956,555-8587973,"665 St, City 55",55,85.70355481863677,22.227481566029414,0
4957,Retailer 4957,555-1150653,"776 St, City 56",50,95.22086990227683,3.432040662799207,0
4958,Retailer 4958,555-3488144,"74 St, City 57",43,99.81579040350766,48.70843026642859,0
4959,Retailer 4959,555-6962413,"416 St, City 58",50,65.74851490486986,45.93883372498871,0
4960,Retailer 4960,555-6127319,"657 St, City 59",47,122.54376296571994,33.247067303598584,0
4961,Retailer 4961,555-4483978,"614 St, City 60",43,90.04938646125578,22.74272458328966,0
4962,Retailer 4962,555-6942654,"335 St, City 61",55,93.98935856778684,14.823165878728727,0
4963,Retailer 4963,555-6839741,"847 St, City 62",55,103.55135917129037,34.432817864084726,0
4964,Retailer 4964,555-6088539,"633 St, City 63",54,94.65524912086745,45.67292057607471,0
4965,Retailer 4965,555-7935426,"688 St, City 64",56,122.78725319119107,49.600504744098174,0
4966,Retailer 4966,555-6780554,"575 St, City 65",57,94.3143656160207,12.812036184155703,0
4967,Retailer 4967,555-9774821,"296 St, City 66",54,88.33441118947746,6.468240015932146,0
4968,Retailer 4968,555-6297340,"84 St, City 67",56,112.39935129033726,12.54880444036232,0
4969,Retailer 4969,555-3496589,"15 St, City 68",48,115.2020477009092,0.23265506268909636,0
4970,Retailer 4970,555-1416690,"867 St, City 69",44,150.06432688056282,16.5092123820822,0
4971,Retailer 4971,555-3996244,"134 St, City 70",42,62.09098520687964,9.584763996137239,0
4972,Retailer 4972,555-6359462,"478 St, City 71",57,101.52791416825664,46.825136543877804,0
4973,Retailer 4973,555-8838941,"633 St, City 72",57,113.61767169755448,33.700585427454556,0
4974,Retailer 4974,555-1678066,"319 St, City 73",58,81.8012946386775,0.7898430133994796,0
4975,Retailer 4975,555-2877779,"392 St, City 74",39,128.12090127920115,4.674603268898564,0
4976,Retailer 4976,555-2625199,"479 St, City 75",54,86.30919500638555,23.439118590512447,0
4977,Retailer 4977,555-2801951,"640 St, City 76",57,102.36826406360485,28.87768143877058,0
4978,Retailer 4978,555-9441557,"368 St, City 77",49,121.75056885950364,43.944486150316976,0
4979,Retailer 4979,555-9228736,"367 St, City 78",54,78.14500081544438,103.52964775410896,0
4980,Retailer 4980,555-1789148,"288 St, City 79",51,97.33941758995329,36.311773279314814,0
4981,Retailer 4981,555-9340791,"813 St, City 80",51,115.35572487979275,23.616934281872226,0
4982,Retailer 4982,555-9372602,"378 St, City 81",39,103.01715662570707,16.054845743287444,0
4983,Retailer 4983,555-8008642,"692 St, City 82",58,113.3714670753523,40.20442653517537,0
4984,Retailer 4984,555-4821301,"463 St, City 83",48,115.98954626004937,81.88651918402523,0
4985,Retailer 4985,555-2308166,"594 St, City 84",52,89.42186073227734,16.49267198060315,0
4986,Retailer 4986,555-7192357,"13 St, City 85",60,132.37467046090785,26.357767155795642,0
4987,Retailer 4987,555-3511019,"536 St, City 86",53,83.19050877887497,6.959263295356032,0
4988,Retailer 4988,555-2330728,"168 St, City 87",51,127.1396716766327,58.44543160555618,0
4989,Retailer 4989,555-2029242,"270 St, City 88",42,107.03091339327112,37.50330183594328,0
4990,Retailer 4990,555-3167626,"988 St, City 89",41,87.67467501673053,13.141535192238857,0
4991,Retailer 4991,555-4708201,"971 St, City 90",50,82.74993241518231,62.1555574878413,0
4992,Retailer 4992,555-9738676,"70 St, City 91",40,105.61850470434355,106.05594781865106,0
4993,Retailer 4993,555-8283377,"318 St, City 92",47,95.60209924502328,10.21223953269977,0
4994,Retailer 4994,555-8017955,"376 St, City 93",56,109.76722066291175,6.197057028210929,0
4995,Retailer 4995,555-3738384,"89 St, City 94",55,95.46891792422515,53.49448973289583,0
4996,Retailer 4996,555-1404911,"701 St, City 95",43,101.49800427323532,26.1991182430825,0
4997,Retailer 4997,555-3508164,"257 St, City 96",52,110.23619790507585,64.72034379798035,0
4998,Retailer 4998,555-4319343,"217 St, City 97",36,98.74445761909918,12.809146820490401,0
4999,Retailer 4999,555-7174943,"450 St, City 98",51,94.86560310260914,26.11472950235723,0
5000,Retailer 5000,555-2169070,"894 St, City 99",51,107.12172593709687,25.826527144779156,0
5001,Retailer 5001,555-1171277,"544 St, City 0",51,92.66876168520479,6.2562148226112955,0
5002,Retailer 5002,555-8351548,"141 St, City 1",64,113.43206446484871,144.59436163885235,0
5003,Retailer 5003,555-2361212,"161 St, City 2",46,109.09434776592366,32.724618063411036,0
5004,Retailer 5004,555-6880926,"32 St, City 3",41,113.97454667780596,32.732304367868004,0
5005,Retailer 5005,555-2603344,"824 St, City 4",46,113.85529111777556,10.566389098212298,0
5006,Retailer 5006,555-7562865,"152 St, City 5",48,95.00998124951322,31.5274458901353,0
5007,Retailer 5007,555-7929909,"859 St, City 6",51,60.016847792485905,53.68854318783133,0
5008,Retailer 5008,555-9113649,"260 St, City 7",50,96.77146975285032,50.380125142437414,0
5009,Retailer 5009,555-2381710,"728 St, City 8",51,104.75270145414426,75.66892099718966,0
5010,Retailer 5010,555-3591822,"279 St, City 9",44,97.61519979352735,4.828949357122521,0
5011,Retailer 5011,555-3057797,"285 St, City 10",44,85.60025715362792,6.05714950514813,0
5012,Retailer 5012,555-5415239,"610 St, City 11",39,124.80664467298229,37.15368921998423,0
5013,Retailer 5013,555-4101373,"917 St, City 12",44,83.97236630263293,49.466989209312274,0
5014,Retailer 5014,555-3800174,"542 St, City 13",57,86.33727127123122,33.654284375596404,0
5015,Retailer 5015,555-1873420,"602 St, City 14",67,91.05031697453788,4.624556461988021,0
5016,Retailer 5016,555-7002024,"148 St, City 15",58,94.12187963157419,27.112223994066518,0
5017,Retailer 5017,555-9881111,"656 St, City 16",63,88.3334248884606,41.3952299882683,0
5018,Retailer 5018,555-5412903,"67 St, City 17",55,99.61194171047057,4.419540738879761,0
5019,Retailer 5019,555-3565820,"945 St, City 18",53,102.08826397383801,1.7236057239525135,0
5020,Retailer 5020,555-6834611,"869 St, City 19",54,80.75290902273349,8.822999224716888,0
5021,Retailer 5021,555-6534448,"570 St, City 20",62,77.78949423827783,2.8541155088811347,0
5022,Retailer 5022,555-7332961,"940 St, City 21",48,114.39211339357873,4.824060799459941,0
5023,Retailer 5023,555-9369597,"793 St, City 22",53,99.03892190334713,6.821098625848765,0
5024,Retailer 5024,555-8442510,"279 St, City 23",58,120.04782732143272,22.694868060333697,0
5025,Retailer 5025,555-8402731,"748 St, City 24",50,112.80495619908096,5.083057219656207,0
5026,Retailer 5026,555-1944461,"443 St, City 25",47,94.1045568672664,27.841956190970148,0
5027,Retailer 5027,555-2467256,"897 St, City 26",44,108.70991104927553,10.30262212701638,0
5028,Retailer 5028,555-5349025,"865 St, City 27",68,114.88885337642925,11.156048358456406,0
5029,Retailer 5029,555-8112646,"399 St, City 28",55,83.93728704737964,102.70194378465207,0
5030,Retailer 5030,555-5330972,"128 St, City 29",54,69.34777252123612,49.06615016589657,0
5031,Retailer 5031,555-9667126,"337 St, City 30",50,80.99080004352325,16.556848059275683,0
5032,Retailer 5032,555-7934430,"482 St, City 31",49,111.46012006095538,17.796575737322048,0
5033,Retailer 5033,555-4411647,"721 St, City 32",41,134.47850806365918,3.658000952311585,0
5034,Retailer 5034,555-8725976,"948 St, City 33",46,99.291127913271,55.8413120065056,0
5035,Retailer 5035,555-8098917,"186 St, City 34",45,125.46770306056487,0.11990931860679711,0
5036,Retailer 5036,555-3705421,"169 St, City 35",47,118.26276396527953,4.681395568249663,0
5037,Retailer 5037,555-6798273,"684 St, City 36",53,86.01452810075584,22.91122419771165,0
5038,Retailer 5038,555-9795492,"260 St, City 37",46,98.6772677258999,6.263477386754307,0
5039,Retailer 5039,555-9535640,"717 St, City 38",55,112.82066495876974,30.05383586014827,0
5040,Retailer 5040,555-7942263,"964 St, City 39",64,76.51648875801705,0.10941279768907983,0
5041,Retailer 5041,555-5652124,"647 St, City 40",47,116.96996230905148,3.1079315449612657,0
5042,Retailer 5042,555-2362516,"558 St, City 41",45,121.42397521064508,43.404713169095814,0
5043,Retailer 5043,555-3375100,"507 St, City 42",49,116.23300609311666,25.77757479894547,0
5044,Retailer 5044,555-6227541,"521 St, City 43",33,97.61173102449133,0.5894988059858867,0
5045,Retailer 5045,555-2718562,"471 St, City 44",49,109.68679578461675,6.9131354612225815,0
5046,Retailer 5046,555-3256356,"161 St, City 45",61,119.65949717817888,8.19221220852759,0
5047,Retailer 5047,555-8215409,"289 St, City 46",60,70.56417574996009,56.726299839102424,0
5048,Retailer 5048,555-2329785,"340 St, City 47",43,52.051676522975384,26.20681725269436,0
5049,Retailer 5049,555-8179391,"900 St, City 48",50,110.30191900293696,23.38892682035858,0
5050,Retailer 5050,555-5299376,"833 St, City 49",42,88.06540663059566,2.720727227890753,0
5051,Retailer 5051,555-3761642,"502 St, City 50",47,103.60158148433956,32.09591122842012,0
5052,Retailer 5052,555-5283664,"106 St, City 51",54,104.02725572397352,5.084140137739219,0
5053,Retailer 5053,555-5881539,"802 St, City 52",54,124.48958265278398,22.12810803951598,0
5054,Retailer 5054,555-5964948,"475 St, City 53",52,103.41304726769404,26.941401112452,0
5055,Retailer 5055,555-3758566,"853 St, City 54",58,110.63855808140646,55.33129630740797,0
5056,Retailer 5056,555-3328033,"600 St, City 55",54,109.2957564918308,49.26612692551818,0
5057,Retailer 5057,555-2155933,"463 St, City 56",41,115.85276495705459,6.325542774502475,0
5058,Retailer 5058,555-9175576,"483 St, City 57",53,88.67055714068894,74.37671136189569,0
5059,Retailer 5059,555-8166276,"704 St, City 58",45,106.07332874929763,0.08275000944319282,0
5060,Retailer 5060,555-8691332,"153 St, City 59",47,53.353586212830486,12.01995234879242,0
5061,Retailer 5061,555-8059903,"823 St, City 60",51,87.36012239298678,2.060138409066993,0
5062,Retailer 5062,555-6441039,"649 St, City 61",46,120.44101857436405,38.292535210778595,0
5063,Retailer 5063,555-7077234,"785 St, City 62",50,73.4695545413519,20.80791316590146,0
5064,Retailer 5064,555-1194152,"149 St, City 63",62,75.66282778855332,5.7690876440003445,0
5065,Retailer 5065,555-2928356,"188 St, City 64",46,113.01182835204136,2.669225991024735,0
5066,Retailer 5066,555-5797927,"653 St, City 65",56,87.73504155608117,7.688766631143387,0
5067,Retailer 5067,555-4119812,"131 St, City 66",56,125.09025763329673,76.05498375061381,0
5068,Retailer 5068,555-4800760,"452 St, City 67",59,101.49888585175327,33.96396201732717,0
5069,Retailer 5069,555-1975112,"516 St, City 68",44,130.42451636388645,8.321684011804482,0
5070,Retailer 5070,555-5033123,"491 St, City 69",55,134.0307405887536,67.2572946938083,0
5071,Retailer 5071,555-6414229,"476 St, City 70",44,125.51168303329597,4.402656335779287,0
5072,Retailer 5072,555-1555839,"263 St, City 71",43,89.79441253785713,34.98508618656245,0
5073,Retailer 5073,555-1614101,"538 St, City 72",53,77.60583411860858,16.593495115314607,0
5074,Retailer 5074,555-1449813,"459 St, City 73",52,125.42779578048936,9.372202420035348,0
5075,Retailer 5075,555-9227489,"536 St, City 74",45,99.69774807057114,9.126843570533785,0
5076,Retailer 5076,555-6147501,"778 St, City 75",58,104.00914462637935,20.84265495915142,0
5077,Retailer 5077,555-6121632,"741 St, City 76",59,122.97091610084502,80.4247508528394,0
5078,Retailer 5078,555-6896721,"781 St, City 77",47,77.56524478685368,40.68159442532903,0
5079,Retailer 5079,555-1551238,"637 St, City 78",51,111.7695562302525,32.5518244190954,0
5080,Retailer 5080,555-6895038,"684 St, City 79",63,90.13309534301092,62.508518012593754,0
5081,Retailer 5081,555-4643488,"746 St, City 80",51,115.85217259550254,25.342545718775156,0
5082,Retailer 5082,555-9388823,"295 St, City 81",47,107.72608012092279,6.393412517642259,0
5083,Retailer 5083,555-3895107,"915 St, City 82",49,117.63288328448017,113.38619052617851,0
5084,Retailer 5084,555-6049425,"435 St, City 83",56,91.49520327957447,22.955025046523264,0
5085,Retailer 5085,555-8907386,"275 St, City 84",46,85.80620630349104,11.362926456067507,0
5086,Retailer 5086,555-2017375,"588 St, City 85",53,100.02997989465631,45.175404196383454,0
5087,Retailer 5087,555-1272544,"308 St, City 86",52,88.38157725101485,18.708389544560482,0
5088,Retailer 5088,555-1534633,"726 St, City 87",46,87.41540557243856,0.37619988616592615,0
5089,Retailer 5089,555-6276776,"943 St, City 88",54,85.9696377070232,11.567506511204707,0
5090,Retailer 5090,555-2863907,"997 St, City 89",49,112.66531614199377,18.330094639635654,0
5091,Retailer 5091,555-2120113,"376 St, City 90",55,139.0644799099936,13.986106406277955,0
5092,Retailer 5092,555-5592087,"158 St, City 91",42,115.85638603692072,24.071798514257278,0
5093,Retailer 5093,555-6093388,"814 St, City 92",45,114.0186070338455,6.076695808895543,0
5094,Retailer 5094,555-7960145,"204 St, City 93",46,113.52365764068315,25.489531416077636,0
5095,Retailer 5095,555-7015948,"989 St, City 94",54,81.73716157130943,129.20377032848018,0
5096,Retailer 5096,555-4479664,"661 St, City 95",38,113.85578639958639,42.04979727132775,0
5097,Retailer 5097,555-5645289,"75 St, City 96",37,63.94602642383289,34.61258439683932,0
5098,Retailer 5098,555-9893518,"380 St, City 97",43,107.46908608056765,6.717192407784097,0
5099,Retailer 5099,555-3029341,"741 St, City 98",58,114.67047750985408,26.15199545865515,0
5100,Retailer 5100,555-4017465,"304 St, City 99",48,116.26734978865943,51.38986091769135,0
5101,Retailer 5101,555-3402114,"62 St, City 0",44,113.02640130114493,8.25831760803779,0
5102,Retailer 5102,555-2769617,"570 St, City 1",58,75.08382995201747,2.7235140238917346,0
5103,Retailer 5103,555-3848039,"786 St, City 2",39,87.1606906818352,32.52040447662365,0
5104,Retailer 5104,555-6369337,"108 St, City 3",45,123.51556251397132,33.58786064136743,0
5105,Retailer 5105,555-1880432,"187 St, City 4",50,107.38615565193757,48.94883190880341,0
5106,Retailer 5106,555-9855603,"987 St, City 5",42,106.31335190688807,29.792298756876875,0
5107,Retailer 5107,555-7227740,"229 St, City 6",42,89.39332039503476,56.52989505082188,0
5108,Retailer 5108,555-8857997,"48 St, City 7",46,77.95204827452493,9.281349405185091,0
5109,Retailer 5109,555-8140782,"831 St, City 8",53,85.38303831788814,1.0776142080900433,0
5110,Retailer 5110,555-5884299,"268 St, City 9",56,72.20448764197891,39.59167969400969,0
5111,Retailer 5111,555-4939625,"727 St, City 10",50,111.01034014540795,14.629856987897224,0
5112,Retailer 5112,555-2629618,"802 St, City 11",58,41.35638835704092,7.057615499517181,0
5113,Retailer 5113,555-4374775,"254 St, City 12",49,85.4430882801281,1.590573731945609,0
5114,Retailer 5114,555-6983359,"957 St, City 13",52,139.46545007533868,42.24100557698953,0
5115,Retailer 5115,555-8694867,"870 St, City 14",55,95.71414604598363,52.516773484994076,0
5116,Retailer 5116,555-3568101,"87 St, City 15",48,84.54492920725728,14.780872323785653,0
5117,Retailer 5117,555-2297776,"181 St, City 16",46,144.68795522699943,64.908980317628,0
5118,Retailer 5118,555-8646638,"25 St, City 17",51,91.92357682308918,16.112860045595717,0
5119,Retailer 5119,555-6697478,"958 St, City 18",53,139.76393094091407,90.81546763540908,0
5120,Retailer 5120,555-4702590,"388 St, City 19",49,94.4366162883191,122.60708657693624,0
5121,Retailer 5121,555-6447483,"222 St, City 20",33,118.25622400174505,51.05093868349972,0
5122,Retailer 5122,555-9018205,"990 St, City 21",53,145.85300982140433,8.880817479250252,0
5123,Retailer 5123,555-5928476,"397 St, City 22",60,102.98697231232232,13.686553466491906,0
5124,Retailer 5124,555-4886613,"938 St, City 23",49,93.15117300218706,22.82062980832019,0
5125,Retailer 5125,555-5010442,"511 St, City 24",53,114.30125671813533,11.955303051413825,0
5126,Retailer 5126,555-4304860,"561 St, City 25",53,80.22027208622572,51.26611380188517,0
5127,Retailer 5127,555-9722856,"846 St, City 26",49,125.22943566159242,78.74499658325047,0
5128,Retailer 5128,555-9096297,"440 St, City 27",42,87.16974370728286,127.60944993608186,0
5129,Retailer 5129,555-6720673,"175 St, City 28",38,69.16027578891712,12.29765229326312,0
5130,Retailer 5130,555-1661440,"904 St, City 29",44,98.04378133813057,9.45135431574618,0
5131,Retailer 5131,555-2193502,"311 St, City 30",52,91.281131690764,5.2687644980026604,0
5132,Retailer 5132,555-8014511,"984 St, City 31",55,50.900473416593854,1.4587750556741281,0
5133,Retailer 5133,555-9022417,"274 St, City 32",62,100.30947879339124,5.844511173370923,0
5134,Retailer 5134,555-4329782,"35 St, City 33",61,78.24861127398995,10.043557814983762,0
5135,Retailer 5135,555-7856825,"217 St, City 34",51,91.04457184402683,14.881186641659713,0
5136,Retailer 5136,555-6116176,"721 St, City 35",197,6.244588714271954,3.48626976407562,1
5137,Retailer 5137,555-1381325,"672 St, City 36",52,113.26999747987661,51.483106152279014,0
5138,Retailer 5138,555-1963544,"408 St, City 37",47,99.75602330445292,28.951682408600423,0
5139,Retailer 5139,555-3426062,"519 St, City 38",52,70.93076166718214,24.809580254069775,0
5140,Retailer 5140,555-9209517,"269 St, City 39",44,128.293951918645,23.64191317058279,0
5141,Retailer 5141,555-8495095,"638 St, City 40",53,106.28855087947763,10.27296892660236,0
5142,Retailer 5142,555-7030613,"475 St, City 41",43,90.15687707601487,83.19826562910606,0
5143,Retailer 5143,555-9994359,"880 St, City 42",43,84.88637973060646,7.908588663097349,0
5144,Retailer 5144,555-9862264,"325 St, City 43",54,98.8399241989343,33.13989502992071,0
5145,Retailer 5145,555-1958379,"356 St, City 44",62,74.75152796759139,8.755013903053365,0
5146,Retailer 5146,555-6268961,"90 St, City 45",45,126.42419393199273,137.03530139169183,0
5147,Retailer 5147,555-5027187,"42 St, City 46",43,122.77777459384791,72.79802552957543,0
5148,Retailer 5148,555-6888852,"365 St, City 47",55,93.53956607444321,9.218449241606073,0
5149,Retailer 5149,555-8138780,"671 St, City 48",63,92.23015648687411,131.38990784752278,0
5150,Retailer 5150,555-7326981,"202 St, City 49",42,82.34577328632886,29.501728139966716,0
5151,Retailer 5151,555-1006464,"366 St, City 50",54,105.43458700080518,39.119759575426556,0
5152,Retailer 5152,555-4725530,"794 St, City 51",51,105.59692721941832,9.97686689524743,0
5153,Retailer 5153,555-2161140,"982 St, City 52",55,114.33755660991342,7.299197595968343,0
5154,Retailer 5154,555-4613163,"844 St, City 53",51,105.81624270040874,58.572438580959634,0
5155,Retailer 5155,555-7485671,"288 St, City 54",58,82.21355467490018,9.655437591442595,0
5156,Retailer 5156,555-6790233,"603 St, City 55",37,85.54052338771984,74.85939757659396,0
5157,Retailer 5157,555-1265039,"481 St, City 56",56,102.95129085072872,13.701754158278542,0
5158,Retailer 5158,555-3076259,"637 St, City 57",72,86.16039899500399,0.2756839521089323,0
5159,Retailer 5159,555-6161545,"501 St, City 58",45,127.61517097357329,26.906631761961044,0
5160,Retailer 5160,555-7324758,"638 St, City 59",52,99.6757541036631,13.09132894286219,0
5161,Retailer 5161,555-2396102,"52 St, City 60",58,71.2214157667209,111.85805164314482,0
5162,Retailer 5162,555-1004011,"916 St, City 61",48,98.1853157206859,14.667854652097448,0
5163,Retailer 5163,555-2964724,"103 St, City 62",45,96.09837227512679,11.32682114905936,0
5164,Retailer 5164,555-9821549,"361 St, City 63",56,127.11685518598918,25.06861563365942,0
5165,Retailer 5165,555-3708685,"424 St, City 64",50,100.90306678178572,39.26752268755022,0
5166,Retailer 5166,555-7814285,"699 St, City 65",53,111.94163632636082,101.90115631783685,0
5167,Retailer 5167,555-1603151,"205 St, City 66",58,97.0425973888536,2.1646979826673536,0
5168,Retailer 5168,555-8372801,"14 St, City 67",58,120.5084018453569,16.316409795758982,0
5169,Retailer 5169,555-8364732,"940 St, City 68",52,126.44703898095185,32.69055118210245,0
5170,Retailer 5170,555-9111184,"616 St, City 69",211,13.699316468870165,0.14943848565341175,1
5171,Retailer 5171,555-8285387,"629 St, City 70",49,88.27105831503276,20.143499714402754,0
5172,Retailer 5172,555-6102367,"470 St, City 71",53,95.779299568525,49.27924808816058,0
5173,Retailer 5173,555-5500328,"466 St, City 72",45,118.43812684621719,1.566337239953439,0
5174,Retailer 5174,555-5308307,"304 St, City 73",43,87.13744851599198,12.490331772580104,0
5175,Retailer 5175,555-5444910,"605 St, City 74",48,55.55190420787071,15.37071988113449,0
5176,Retailer 5176,555-1731636,"427 St, City 75",52,116.19036318510204,37.79352880087308,0
5177,Retailer 5177,555-7481093,"656 St, City 76",52,84.53753911402173,10.517334360532601,0
5178,Retailer 5178,555-1686290,"110 St, City 77",42,93.33534523683426,8.48154288962675,0
5179,Retailer 5179,555-8553925,"675 St, City 78",45,92.2509579180017,3.6821146309686776,0
5180,Retailer 5180,555-4216662,"565 St, City 79",49,58.39579840075739,164.75363660262693,0
5181,Retailer 5181,555-7871574,"930 St, City 80",43,76.45052229299694,19.140809312160904,0
5182,Retailer 5182,555-3364825,"515 St, City 81",51,117.13749778467212,1.482381136638104,0
5183,Retailer 5183,555-3180139,"68 St, City 82",52,99.26836529657425,2.3886046510340844,0
5184,Retailer 5184,555-4719194,"246 St, City 83",44,119.12704094370619,4.1073976197760365,0
5185,Retailer 5185,555-4283737,"389 St, City 84",47,132.34986483477007,7.137987601291388,0
5186,Retailer 5186,555-2432672,"650 St, City 85",48,67.34541584490901,40.46131715500424,0
5187,Retailer 5187,555-1564174,"308 St, City 86",50,93.37446477101325,24.540109350799362,0
5188,Retailer 5188,555-2622563,"925 St, City 87",57,97.78998918727765,44.97172201576535,0
5189,Retailer 5189,555-6857846,"352 St, City 88",53,130.26450183724208,0.6005171750818016,0
5190,Retailer 5190,555-7841023,"799 St, City 89",60,78.39532390077983,9.241277551486194,0
5191,Retailer 5191,555-3465596,"66 St, City 90",41,106.5662876129561,15.60233007585436,0
5192,Retailer 5192,555-8718454,"460 St, City 91",39,125.69464568144846,16.811703595344486,0
5193,Retailer 5193,555-5405113,"347 St, City 92",54,117.806456305571,1.6514347700339105,0
5194,Retailer 5194,555-2413967,"325 St, City 93",55,110.22692779107032,21.493722289622426,0
5195,Retailer 5195,555-4387990,"933 St, City 94",53,85.66162420914448,10.132380165401084,0
5196,Retailer 5196,555-6066447,"667 St, City 95",46,121.75471422659804,6.376239394110616,0
5197,Retailer 5197,555-8718221,"599 St, City 96",50,67.87527665514978,33.36565950497664,0
5198,Retailer 5198,555-7856604,"33 St, City 97",51,110.03068213115496,2.62723979994751,0
5199,Retailer 5199,555-3619222,"68 St, City 98",46,65.35752825120252,60.52390074704756,0
5200,Retailer 5200,555-2935772,"187 St, City 99",56,135.73567719321875,69.02520167183485,0
5201,Retailer 5201,555-7398497,"192 St, City 0",52,77.04366365924156,11.815130317210556,0
5202,Retailer 5202,555-5568672,"213 St, City 1",41,90.77202261029302,130.0534584837028,0
5203,Retailer 5203,555-3422952,"600 St, City 2",54,133.32657531505282,15.388168037651393,0
5204,Retailer 5204,555-4222018,"428 St, City 3",39,108.97459261490457,98.35503912599427,0
5205,Retailer 5205,555-8396665,"351 St, City 4",49,85.47231928628483,130.0049556916395,0
5206,Retailer 5206,555-2861663,"108 St, City 5",46,102.4038832238496,52.618345460254886,0
5207,Retailer 5207,555-6363998,"240 St, City 6",48,105.84389082611986,4.000138838727604,0
5208,Retailer 5208,555-1049768,"216 St, City 7",60,108.45720403253783,26.342352214315632,0
5209,Retailer 5209,555-6167373,"177 St, City 8",49,95.7929008934869,39.49410908362203,0
5210,Retailer 5210,555-3263557,"565 St, City 9",48,93.55697038419359,2.4188832001289766,0
5211,Retailer 5211,555-3100326,"330 St, City 10",49,113.75029389437375,67.22830065076425,0
5212,Retailer 5212,555-9506377,"561 St, City 11",41,94.93848177013582,57.27671265486539,0
5213,Retailer 5213,555-1297542,"881 St, City 12",54,78.52227191119158,81.47782267584122,0
5214,Retailer 5214,555-3526297,"626 St, City 13",49,93.68819771003618,21.664682433219305,0
5215,Retailer 5215,555-6628573,"450 St, City 14",44,99.6022314582915,11.760388090170952,0
5216,Retailer 5216,555-9091363,"607 St, City 15",51,106.91583715150621,21.177541518382995,0
5217,Retailer 5217,555-5961172,"447 St, City 16",56,103.91773300196571,39.20844435117111,0
5218,Retailer 5218,555-1928864,"537 St, City 17",42,73.59815015448879,16.146170870197498,0
5219,Retailer 5219,555-6908553,"644 St, City 18",60,109.96919247416736,13.004956719413567,0
5220,Retailer 5220,555-7508526,"179 St, City 19",58,95.83140130817513,2.4055924740914634,0
5221,Retailer 5221,555-9140594,"395 St, City 20",56,88.75900429070987,17.784750687467234,0
5222,Retailer 5222,555-3466511,"145 St, City 21",57,118.71237770338338,14.971347661986702,0
5223,Retailer 5223,555-4295784,"876 St, City 22",51,85.53802328797727,32.65618828539963,0
5224,Retailer 5224,555-7435389,"962 St, City 23",62,135.69985190668748,17.32739722081952,0
5225,Retailer 5225,555-8422235,"198 St, City 24",59,133.75254949317693,0.1214078922009108,0
5226,Retailer 5226,555-5134608,"969 St, City 25",37,120.16442598907739,19.87003295372032,0
5227,Retailer 5227,555-8532351,"837 St, City 26",50,86.54561213370806,44.57877013363717,0
5228,Retailer 5228,555-2248749,"84 St, City 27",48,111.46827920148208,87.17930427274092,0
5229,Retailer 5229,555-1676337,"669 St, City 28",47,105.37365178117315,6.431305023060488,0
5230,Retailer 5230,555-3023553,"85 St, City 29",42,85.57008643034867,16.47327009856027,0
5231,Retailer 5231,555-3096419,"457 St, City 30",52,121.38614930735251,56.41000667582146,0
5232,Retailer 5232,555-8166065,"476 St, City 31",56,99.9939726619677,1.3137379460594247,0
5233,Retailer 5233,555-4742918,"253 St, City 32",54,50.9644112551799,12.918656793184468,0
5234,Retailer 5234,555-1544344,"887 St, City 33",40,129.56243407707257,26.827133407351987,0
5235,Retailer 5235,555-2187030,"72 St, City 34",54,130.18974988353375,12.580047994433924,0
5236,Retailer 5236,555-9208149,"223 St, City 35",49,98.71976700964969,20.164257670952797,0
5237,Retailer 5237,555-9437247,"276 St, City 36",46,112.40813117140775,83.95945715073456,0
5238,Retailer 5238,555-7730713,"795 St, City 37",64,106.89788866979718,0.7265216547331927,0
5239,Retailer 5239,555-9985290,"776 St, City 38",46,90.48913316356051,2.4335247845151406,0
5240,Retailer 5240,555-5524105,"246 St, City 39",56,153.38737653584218,6.580634812593365,0
5241,Retailer 5241,555-2880164,"341 St, City 40",29,87.65456768549215,14.579068577529318,0
5242,Retailer 5242,555-5376751,"573 St, City 41",47,101.02587371567557,19.091091408519418,0
5243,Retailer 5243,555-5869236,"924 St, City 42",57,77.63367232399693,1.1208235742200263,0
5244,Retailer 5244,555-1380069,"471 St, City 43",58,117.12936697993206,64.25627947074614,0
5245,Retailer 5245,555-1110957,"454 St, City 44",53,113.84447534469591,42.637739324221776,0
5246,Retailer 5246,555-5734071,"771 St, City 45",204,1.87657173085295,9.359665370856785,1
5247,Retailer 5247,555-5313696,"965 St, City 46",52,75.59519770995514,8.902420515246153,0
5248,Retailer 5248,555-5854487,"969 St, City 47",55,105.52025314078446,0.7775535267458963,0
5249,Retailer 5249,555-3877668,"7 St, City 48",50,107.87619940804343,15.281403204687694,0
5250,Retailer 5250,555-6444408,"188 St, City 49",52,73.67511582233271,8.81021228558703,0
5251,Retailer 5251,555-2195344,"4 St, City 50",64,107.80646285986751,28.903040493918162,0
5252,Retailer 5252,555-7606964,"743 St, City 51",57,87.06037584218646,23.814432609886584,0
5253,Retailer 5253,555-1416561,"645 St, City 52",53,94.03473866894875,94.48972894894118,0
5254,Retailer 5254,555-5245871,"907 St, City 53",38,111.55285614817971,47.578084413290526,0
5255,Retailer 5255,555-9324436,"125 St, City 54",61,103.97441976690229,2.529658391923532,0
5256,Retailer 5256,555-8156406,"15 St, City 55",44,85.13859352300551,36.55097618630262,0
5257,Retailer 5257,555-5801436,"960 St, City 56",53,77.31106124831479,3.398928532499799,0
5258,Retailer 5258,555-7931344,"994 St, City 57",67,96.71498716719753,11.706409798598573,0
5259,Retailer 5259,555-1624913,"525 St, City 58",47,104.48466341565972,24.291630704489375,0
5260,Retailer 5260,555-3928339,"630 St, City 59",56,100.28653717429508,20.538565053863238,0
5261,Retailer 5261,555-8373356,"240 St, City 60",46,97.47589914935602,35.45995577642753,0
5262,Retailer 5262,555-9783376,"775 St, City 61",56,95.39216717945531,49.826412904331804,0
5263,Retailer 5263,555-5245576,"360 St, City 62",45,128.7243461837903,53.05044931031209,0
5264,Retailer 5264,555-9637872,"518 St, City 63",65,103.78090142394016,1.8031313665400024,0
5265,Retailer 5265,555-7979740,"952 St, City 64",56,104.05185807169738,30.787826896147315,0
5266,Retailer 5266,555-9625146,"320 St, City 65",53,95.58744683407731,97.61795489283203,0
5267,Retailer 5267,555-5709751,"231 St, City 66",48,91.4803977041488,42.19747795774743,0
5268,Retailer 5268,555-4609134,"946 St, City 67",45,137.64806883165915,22.013014671349104,0
5269,Retailer 5269,555-9542314,"30 St, City 68",54,111.26409221599897,195.87270803669247,0
5270,Retailer 5270,555-7630604,"534 St, City 69",48,115.54329160962004,1.3493578409526759,0
5271,Retailer 5271,555-1827150,"921 St, City 70",63,83.98087181213111,2.768487961402092,0
5272,Retailer 5272,555-8453659,"156 St, City 71",57,119.7779053231104,43.84891555902425,0
5273,Retailer 5273,555-2786852,"630 St, City 72",43,79.94967495352171,23.93842399046867,0
5274,Retailer 5274,555-7580470,"852 St, City 73",43,106.67157197408038,3.9862149229443316,0
5275,Retailer 5275,555-8377426,"935 St, City 74",44,102.20410004479307,14.115115270666676,0
5276,Retailer 5276,555-6032793,"963 St, City 75",38,126.44551722423822,1.9934465124826517,0
5277,Retailer 5277,555-6322675,"901 St, City 76",190,11.928674268766567,22.423050523301995,1
5278,Retailer 5278,555-9139480,"705 St, City 77",49,111.18163979284046,3.2967697652358234,0
5279,Retailer 5279,555-1042137,"399 St, City 78",46,107.85111731251507,0.2076750242124862,0
5280,Retailer 5280,555-1138925,"346 St, City 79",45,84.64173654556633,11.677012283001226,0
5281,Retailer 5281,555-3633819,"195 St, City 80",58,110.73695178390935,7.992010311957144,0
5282,Retailer 5282,555-6412319,"168 St, City 81",57,97.00134267707166,13.487107872593299,0
5283,Retailer 5283,555-4294900,"377 St, City 82",46,99.1604510769971,12.9445702096665,0
5284,Retailer 5284,555-1375233,"489 St, City 83",45,92.63085637456581,29.828613004025758,0
5285,Retailer 5285,555-2957792,"751 St, City 84",50,101.20561492144475,34.18441563625268,0
5286,Retailer 5286,555-6028427,"362 St, City 85",41,100.84444024063708,4.086931488899896,0
5287,Retailer 5287,555-9612670,"482 St, City 86",55,110.594265292822,20.121708368193865,0
5288,Retailer 5288,555-1431978,"244 St, City 87",55,106.42589463744535,65.98768880081775,0
5289,Retailer 5289,555-4502646,"581 St, City 88",45,117.600810076969,4.819521627366803,0
5290,Retailer 5290,555-4891865,"607 St, City 89",52,116.51683278269888,102.22357609483801,0
5291,Retailer 5291,555-6983943,"589 St, City 90",45,130.00836916961725,0.5860421091474972,0
5292,Retailer 5292,555-5150579,"171 St, City 91",59,113.71839651377957,3.15136198190193,0
5293,Retailer 5293,555-7986595,"513 St, City 92",46,102.87765465758532,5.865032290202596,0
5294,Retailer 5294,555-2760143,"406 St, City 93",188,7.527758587144293,19.034646491665423,1
5295,Retailer 5295,555-9614295,"574 St, City 94",51,102.51690658996792,10.66395063557075,0
5296,Retailer 5296,555-6539004,"207 St, City 95",55,105.79637176552475,16.247311403602172,0
5297,Retailer 5297,555-3242365,"154 St, City 96",45,49.57430318030393,84.81096846487208,0
5298,Retailer 5298,555-3761856,"786 St, City 97",52,81.99810017141715,12.528312572590059,0
5299,Retailer 5299,555-3071088,"48 St, City 98",44,113.99153895469446,56.53914834624957,0
5300,Retailer 5300,555-3113048,"649 St, City 99",51,126.82792561230079,2.2678145931705447,0
5301,Retailer 5301,555-1029813,"1 St, City 0",208,9.300553056326045,50.13067736335948,1
5302,Retailer 5302,555-9079823,"747 St, City 1",50,112.16725616463418,69.54897668116014,0
5303,Retailer 5303,555-4211407,"905 St, City 2",53,113.45523752974545,10.064150858185505,0
5304,Retailer 5304,555-5860345,"768 St, City 3",64,100.73065225974419,23.76244694893962,0
5305,Retailer 5305,555-6971143,"407 St, City 4",55,81.24582698949325,6.216666506022759,0
5306,Retailer 5306,555-7501211,"107 St, City 5",48,112.80475614545989,2.857564327582443,0
5307,Retailer 5307,555-9662149,"173 St, City 6",43,75.24205675491547,44.142682375976236,0
5308,Retailer 5308,555-9296335,"506 St, City 7",50,109.8377839036256,29.813780561914236,0
5309,Retailer 5309,555-7646854,"130 St, City 8",61,128.39725922686074,41.85924064044252,0
5310,Retailer 5310,555-2615181,"398 St, City 9",45,105.7639189750687,17.377734636307714,0
5311,Retailer 5311,555-5034649,"294 St, City 10",45,110.5080965744396,8.61471405467743,0
5312,Retailer 5312,555-2350816,"552 St, City 11",58,121.77249077310647,16.69823241155106,0
5313,Retailer 5313,555-7767315,"447 St, City 12",39,97.07189876791723,2.0095330034486625,0
5314,Retailer 5314,555-6101118,"850 St, City 13",202,14.577718729122328,10.002440528648577,1
5315,Retailer 5315,555-3821058,"16 St, City 14",44,120.4736469374838,10.594268215463424,0
5316,Retailer 5316,555-1458819,"639 St, City 15",45,102.73206222091932,37.60798788550309,0
5317,Retailer 5317,555-2208060,"885 St, City 16",50,56.063491493848574,1.6379659169495475,0
5318,Retailer 5318,555-6353369,"349 St, City 17",54,97.96062113508705,8.44192830184561,0
5319,Retailer 5319,555-1444874,"203 St, City 18",42,97.7360783242553,9.714218646224106,0
5320,Retailer 5320,555-6685645,"134 St, City 19",50,106.48817098872004,24.046073071418597,0
5321,Retailer 5321,555-4928683,"771 St, City 20",47,129.1947050304661,8.418988128977405,0
5322,Retailer 5322,555-6001945,"526 St, City 21",42,120.4044129926438,4.261740436294174,0
5323,Retailer 5323,555-7922795,"508 St, City 22",57,104.52116874898078,8.951403345039916,0
5324,Retailer 5324,555-3054048,"66 St, City 23",38,94.91782942031844,16.43936899030145,0
5325,Retailer 5325,555-2063692,"480 St, City 24",54,63.371669536851925,22.363338523699493,0
5326,Retailer 5326,555-5738637,"863 St, City 25",40,115.3504739943262,1.1176383029909855,0
5327,Retailer 5327,555-5230013,"459 St, City 26",47,107.29662183615524,11.123687722723433,0
5328,Retailer 5328,555-7072929,"342 St, City 27",54,120.45742288985835,43.33909827778966,0
5329,Retailer 5329,555-5051939,"707 St, City 28",54,107.55976952980699,27.310542824189966,0
5330,Retailer 5330,555-1869953,"626 St, City 29",50,88.80182485843763,18.266352662548975,0
5331,Retailer 5331,555-4098056,"159 St, City 30",72,110.1524945420274,18.097636047917895,0
5332,Retailer 5332,555-1713806,"161 St, City 31",48,106.98178723498987,13.80869915918974,0
5333,Retailer 5333,555-7999244,"254 St, City 32",41,120.24619021602302,12.558515412833632,0
5334,Retailer 5334,555-5193616,"984 St, City 33",50,94.96464840046548,15.356585257196993,0
5335,Retailer 5335,555-8084335,"897 St, City 34",38,88.09222237468677,61.02421761306763,0
5336,Retailer 5336,555-4439187,"940 St, City 35",53,103.86268784508371,18.98026899694814,0
5337,Retailer 5337,555-7423827,"527 St, City 36",40,99.59937397407721,33.193715226247434,0
5338,Retailer 5338,555-7674106,"549 St, City 37",46,89.86277194704783,49.48416026391852,0
5339,Retailer 5339,555-6216813,"155 St, City 38",51,89.56139639048443,16.967252202461218,0
5340,Retailer 5340,555-1750774,"486 St, City 39",46,125.77288605559698,54.82130398693213,0
5341,Retailer 5341,555-4357963,"432 St, City 40",62,99.46934781092801,147.52681676967592,0
5342,Retailer 5342,555-8073575,"27 St, City 41",44,123.69902141974107,21.045133010838324,0
5343,Retailer 5343,555-1924993,"12 St, City 42",52,143.72564841572867,15.462409349135104,0
5344,Retailer 5344,555-1353791,"67 St, City 43",42,96.97452710725807,49.16541668141157,0
5345,Retailer 5345,555-2384525,"542 St, City 44",43,87.32980050370048,31.423597843548336,0
5346,Retailer 5346,555-4517778,"96 St, City 45",36,81.20058154718092,28.495065693865065,0
5347,Retailer 5347,555-8719585,"215 St, City 46",45,123.23847180856754,65.17960605140208,0
5348,Retailer 5348,555-1116220,"194 St, City 47",46,98.97469020985119,31.447919222873878,0
5349,Retailer 5349,555-1221421,"647 St, City 48",50,103.75899912628502,30.78127777821,0
5350,Retailer 5350,555-9737925,"290 St, City 49",56,94.66271187434653,6.9542818746599675,0
5351,Retailer 5351,555-5982732,"544 St, City 50",48,99.7710777109169,34.96449742002905,0
5352,Retailer 5352,555-4658997,"885 St, City 51",52,154.26878428995298,73.25467843636206,0
5353,Retailer 5353,555-7897012,"39 St, City 52",208,9.475377055714473,25.764867564289396,1
5354,Retailer 5354,555-2417191,"864 St, City 53",41,61.13687295807834,70.1068710624035,0
5355,Retailer 5355,555-4347526,"939 St, City 54",46,100.51692631119238,12.445954997654868,0
5356,Retailer 5356,555-4477983,"939 St, City 55",52,91.10529559455408,1.305431767236908,0
5357,Retailer 5357,555-9109074,"206 St, City 56",63,115.52875470342401,17.67055869535484,0
5358,Retailer 5358,555-1689925,"899 St, City 57",41,101.73714879429039,0.11894338732532864,0
5359,Retailer 5359,555-3681478,"942 St, City 58",55,124.57596622489159,5.046064751595458,0
5360,Retailer 5360,555-3993220,"928 St, City 59",50,60.99667751241288,6.343564810411553,0
5361,Retailer 5361,555-3932878,"555 St, City 60",54,113.14366653844144,22.896489269144066,0
5362,Retailer 5362,555-3830527,"484 St, City 61",48,129.1439176752017,89.82981643957001,0
5363,Retailer 5363,555-7173049,"337 St, City 62",50,93.78514764184473,0.6005177009318637,0
5364,Retailer 5364,555-7814276,"496 St, City 63",55,93.48894594463266,8.102713889846845,0
5365,Retailer 5365,555-1822564,"771 St, City 64",54,92.78074846910825,104.65560447645255,0
5366,Retailer 5366,555-9242184,"249 St, City 65",48,90.7503153012666,64.0239642891031,0
5367,Retailer 5367,555-6044316,"74 St, City 66",49,123.63558690450019,54.02702642148359,0
5368,Retailer 5368,555-6658565,"373 St, City 67",45,83.07017736663522,2.8887250562190436,0
5369,Retailer 5369,555-4471888,"831 St, City 68",39,113.80572773179051,30.99301973270424,0
5370,Retailer 5370,555-9256327,"879 St, City 69",40,71.0873519337295,6.812111284931709,0
5371,Retailer 5371,555-8537812,"808 St, City 70",41,76.38217929018622,31.582606935530325,0
5372,Retailer 5372,555-3548600,"786 St, City 71",60,103.60217818944346,16.733907024852897,0
5373,Retailer 5373,555-5943114,"835 St, City 72",62,79.8694819058988,30.290821975148067,0
5374,Retailer 5374,555-6198245,"871 St, City 73",208,12.523996741378282,16.803672786488722,1
5375,Retailer 5375,555-2985404,"702 St, City 74",49,125.07486847114313,71.48269541354193,0
5376,Retailer 5376,555-8741986,"138 St, City 75",46,110.76264935241825,0.7690238730380522,0
5377,Retailer 5377,555-7787702,"948 St, City 76",61,101.93364008989863,6.379689207358373,0
5378,Retailer 5378,555-3126861,"457 St, City 77",49,113.78640621253682,53.692306301597284,0
5379,Retailer 5379,555-4779337,"814 St, City 78",59,72.96070892867019,40.03941299648088,0
5380,Retailer 5380,555-3051723,"823 St, City 79",36,82.02208303582468,6.184628300231918,0
5381,Retailer 5381,555-7289189,"942 St, City 80",56,105.56588103153192,3.884011828492763,0
5382,Retailer 5382,555-2048939,"843 St, City 81",46,71.62582344986392,11.186793125630185,0
5383,Retailer 5383,555-5689133,"444 St, City 82",36,72.32223619988028,19.72578689617902,0
5384,Retailer 5384,555-5178465,"353 St, City 83",44,94.03429954333326,1.4422814389290906,0
5385,Retailer 5385,555-9785064,"996 St, City 84",49,104.3424000898993,56.044105742610114,0
5386,Retailer 5386,555-6708297,"794 St, City 85",63,96.15930754978724,22.07867408188972,0
5387,Retailer 5387,555-1898704,"411 St, City 86",55,82.4016128379548,75.578693995612,0
5388,Retailer 5388,555-9563645,"678 St, City 87",43,83.37854301756616,11.822643337005967,0
5389,Retailer 5389,555-6243762,"790 St, City 88",53,95.6903293679421,1.5018766087812743,0
5390,Retailer 5390,555-8753472,"538 St, City 89",45,115.49731673468204,61.522187683172945,0
5391,Retailer 5391,555-9231691,"982 St, City 90",45,130.90062430897925,4.8620766737867775,0
5392,Retailer 5392,555-2696609,"453 St, City 91",47,101.91762640893218,12.26802394669274,0
5393,Retailer 5393,555-4569769,"419 St, City 92",43,61.8701732892782,18.7276815236651,0
5394,Retailer 5394,555-4609684,"450 St, City 93",44,118.02103937308006,20.31505106423654,0
5395,Retailer 5395,555-1028885,"995 St, City 94",48,113.70463812616123,0.7128360870622588,0
5396,Retailer 5396,555-5590723,"585 St, City 95",52,89.34906217283465,22.443440123800286,0
5397,Retailer 5397,555-3812753,"115 St, City 96",44,96.23613760740652,2.4048246108313815,0
5398,Retailer 5398,555-5589764,"51 St, City 97",47,129.17382248598892,11.873208859073554,0
5399,Retailer 5399,555-4129985,"369 St, City 98",46,132.1086484138235,111.23816504351005,0
5400,Retailer 5400,555-2379339,"914 St, City 99",37,84.47229771569864,9.870575327753668,0
5401,Retailer 5401,555-3118736,"683 St, City 0",45,144.73370535577777,50.27886812968642,0
5402,Retailer 5402,555-9045409,"780 St, City 1",48,109.67927767693845,21.42001362934196,0
5403,Retailer 5403,555-1819973,"515 St, City 2",66,150.77286746382612,6.784988732819764,0
5404,Retailer 5404,555-3650503,"210 St, City 3",51,73.54113507536564,38.397160849952776,0
5405,Retailer 5405,555-2118844,"888 St, City 4",55,89.82622944510665,24.299829855365072,0
5406,Retailer 5406,555-6701048,"998 St, City 5",59,57.0626020693372,22.844928838681795,0
5407,Retailer 5407,555-4894142,"903 St, City 6",59,96.42098043595422,0.9107576156204555,0
5408,Retailer 5408,555-7462280,"993 St, City 7",41,116.88565766011021,12.186999176664743,0
5409,Retailer 5409,555-8042049,"902 St, City 8",47,137.11629102999586,39.80755478957666,0
5410,Retailer 5410,555-6638663,"850 St, City 9",55,85.97110904784086,47.70179345295678,0
5411,Retailer 5411,555-7226659,"813 St, City 10",50,107.34492266644224,50.590679355885854,0
5412,Retailer 5412,555-3781652,"895 St, City 11",60,94.20505053248719,1.1433096515242929,0
5413,Retailer 5413,555-3091219,"854 St, City 12",55,114.49834331711456,5.327587903553579,0
5414,Retailer 5414,555-5217635,"627 St, City 13",40,97.56472240174695,127.16728320954257,0
5415,Retailer 5415,555-9836621,"679 St, City 14",38,94.77579612067518,5.068408025309175,0
5416,Retailer 5416,555-3286319,"435 St, City 15",66,65.27103956507494,7.18639438155915,0
5417,Retailer 5417,555-1931253,"777 St, City 16",58,105.93490295010166,48.679394516867625,0
5418,Retailer 5418,555-2844053,"227 St, City 17",48,129.51822287272952,14.998433264090778,0
5419,Retailer 5419,555-1542955,"663 St, City 18",67,74.87028311698276,3.709684151071168,0
5420,Retailer 5420,555-4307735,"268 St, City 19",52,118.47690531390715,4.009178977758383,0
5421,Retailer 5421,555-5791126,"116 St, City 20",45,101.83357109291906,2.6248708088197197,0
5422,Retailer 5422,555-9761753,"600 St, City 21",51,58.687498841234145,5.977988457724673,0
5423,Retailer 5423,555-3053413,"830 St, City 22",53,93.31060979365961,20.613911666739277,0
5424,Retailer 5424,555-7685941,"754 St, City 23",61,94.67417369685455,0.4556586200029479,0
5425,Retailer 5425,555-2657387,"360 St, City 24",59,108.91728488714351,3.737359917846743,0
5426,Retailer 5426,555-3791241,"329 St, City 25",59,111.15421304177038,71.29446107204512,0
5427,Retailer 5427,555-9037821,"845 St, City 26",41,102.79310127965692,62.76519647540811,0
5428,Retailer 5428,555-2220985,"40 St, City 27",44,113.94284944845342,53.70728644079666,0
5429,Retailer 5429,555-9734352,"182 St, City 28",58,81.98801667497983,36.75401615449075,0
5430,Retailer 5430,555-3604325,"490 St, City 29",67,96.38222581565907,32.49885503053938,0
5431,Retailer 5431,555-3761623,"209 St, City 30",55,97.07927980332369,9.668860230298815,0
5432,Retailer 5432,555-2676850,"903 St, City 31",54,123.40188809911798,12.238800497686375,0
5433,Retailer 5433,555-4783799,"273 St, City 32",58,63.24140936484258,8.067857883041809,0
5434,Retailer 5434,555-6709716,"119 St, City 33",53,112.05080212974165,117.83486595815573,0
5435,Retailer 5435,555-4886932,"382 St, City 34",55,130.09159245774,30.178651177476933,0
5436,Retailer 5436,555-1432184,"946 St, City 35",52,102.54966769131026,101.23727928303074,0
5437,Retailer 5437,555-3336806,"536 St, City 36",46,166.37770874210173,9.51482802154575,0
5438,Retailer 5438,555-8517201,"258 St, City 37",54,90.2756211334398,29.123129160885338,0
5439,Retailer 5439,555-3908087,"483 St, City 38",58,97.25418908724191,42.68262077259432,0
5440,Retailer 5440,555-1658139,"509 St, City 39",53,88.8974785386334,2.9859622606119878,0
5441,Retailer 5441,555-3970424,"92 St, City 40",47,95.56523640596403,32.98486619030994,0
5442,Retailer 5442,555-7592863,"979 St, City 41",37,112.51929756218645,5.556384406298114,0
5443,Retailer 5443,555-9234955,"161 St, City 42",57,92.68658715350958,11.92858898710599,0
5444,Retailer 5444,555-7608687,"149 St, City 43",46,83.560867412912,37.779597958062446,0
5445,Retailer 5445,555-5105513,"117 St, City 44",55,68.17258984190804,17.39802302129058,0
5446,Retailer 5446,555-7215241,"458 St, City 45",52,96.89441956510284,76.21074912750858,0
5447,Retailer 5447,555-5317293,"565 St, City 46",39,99.60917653128473,8.280598300899932,0
5448,Retailer 5448,555-4061481,"814 St, City 47",43,93.9306861371409,5.009320041447463,0
5449,Retailer 5449,555-7053912,"45 St, City 48",68,144.48034564930813,12.337191146973,0
5450,Retailer 5450,555-9688458,"777 St, City 49",38,112.98447241252288,57.3007314089058,0
5451,Retailer 5451,555-6604065,"998 St, City 50",57,89.26215501897592,56.40288258553898,0
5452,Retailer 5452,555-9429747,"774 St, City 51",54,114.22749126375184,13.828014378269584,0
5453,Retailer 5453,555-1303446,"819 St, City 52",42,116.44468947843407,49.79704937664623,0
5454,Retailer 5454,555-4371484,"234 St, City 53",52,99.89910855018765,2.4294126300719268,0
5455,Retailer 5455,555-2398558,"375 St, City 54",48,91.77641517184342,0.2289191766121702,0
5456,Retailer 5456,555-3761158,"547 St, City 55",62,80.46740568782316,60.031057676303696,0
5457,Retailer 5457,555-2717479,"850 St, City 56",74,127.45183029723339,62.16127416133354,0
5458,Retailer 5458,555-2045716,"949 St, City 57",50,96.78219271539686,4.643487306117898,0
5459,Retailer 5459,555-4823873,"915 St, City 58",57,96.19134860277767,10.60245080665832,0
5460,Retailer 5460,555-3961937,"197 St, City 59",36,122.2828956297308,57.03308574040417,0
5461,Retailer 5461,555-4693793,"25 St, City 60",53,100.66814237510931,2.624535739824195,0
5462,Retailer 5462,555-7115762,"395 St, City 61",44,149.20588277253208,59.653555651977,0
5463,Retailer 5463,555-3553589,"714 St, City 62",41,89.48161597088615,25.64758501045058,0
5464,Retailer 5464,555-7197649,"785 St, City 63",54,92.58119233745478,32.12499957171676,0
5465,Retailer 5465,555-2698413,"36 St, City 64",40,85.94994386356609,27.102637915644422,0
5466,Retailer 5466,555-1137799,"474 St, City 65",51,83.39246175208206,26.206445258346825,0
5467,Retailer 5467,555-5960124,"223 St, City 66",46,108.1143912032333,6.139263683252534,0
5468,Retailer 5468,555-9570397,"864 St, City 67",41,114.17441555452513,8.077904866170591,0
5469,Retailer 5469,555-4817780,"789 St, City 68",52,92.36655729877175,26.02885006914813,0
5470,Retailer 5470,555-8895945,"530 St, City 69",53,100.83387816214916,15.39512184935609,0
5471,Retailer 5471,555-9151382,"188 St, City 70",47,104.2252905103806,23.380056021679295,0
5472,Retailer 5472,555-5170163,"402 St, City 71",49,125.86835678120185,8.76540542862186,0
5473,Retailer 5473,555-5628656,"257 St, City 72",55,87.89081359912517,18.698709027759055,0
5474,Retailer 5474,555-7144138,"654 St, City 73",45,103.55008010057726,4.643689854990968,0
5475,Retailer 5475,555-6882049,"136 St, City 74",51,108.64302401164919,1.1745573085377201,0
5476,Retailer 5476,555-6688505,"962 St, City 75",44,108.1958618639406,90.54938403898515,0
5477,Retailer 5477,555-8687331,"819 St, City 76",47,101.49911549963267,38.518106231774645,0
5478,Retailer 5478,555-5306080,"591 St, City 77",45,120.45867994075934,20.678471116078242,0
5479,Retailer 5479,555-8073575,"444 St, City 78",61,86.1077471938331,24.02275901594459,0
5480,Retailer 5480,555-7805080,"418 St, City 79",50,96.55241108558138,21.472446049338934,0
5481,Retailer 5481,555-1212803,"292 St, City 80",36,88.1872893572301,68.7225038082094,0
5482,Retailer 5482,555-3255913,"574 St, City 81",48,86.8234793888458,44.56866875992124,0
5483,Retailer 5483,555-9006546,"129 St, City 82",54,102.33086802486754,11.79762088082017,0
5484,Retailer 5484,555-7789329,"341 St, City 83",55,119.85764379026728,7.38418359244622,0
5485,Retailer 5485,555-5215645,"810 St, City 84",42,84.3507104637436,2.0653707776090346,0
5486,Retailer 5486,555-7651154,"257 St, City 85",57,118.39795165849208,4.797638234369421,0
5487,Retailer 5487,555-3870581,"992 St, City 86",51,93.35714553618243,20.203932948293275,0
5488,Retailer 5488,555-8689935,"724 St, City 87",62,80.8490350783263,6.790847769673633,0
5489,Retailer 5489,555-8015232,"566 St, City 88",52,86.75133193139764,11.236174806791231,0
5490,Retailer 5490,555-9120459,"687 St, City 89",47,119.15275363892732,4.292879211897162,0
5491,Retailer 5491,555-6014049,"100 St, City 90",49,79.23597807486769,76.8461739764501,0
5492,Retailer 5492,555-7600500,"39 St, City 91",50,140.12218985574307,1.0292053816505298,0
5493,Retailer 5493,555-1078840,"926 St, City 92",53,102.78047671352914,13.007175788383819,0
5494,Retailer 5494,555-6408647,"263 St, City 93",48,66.04404689119697,8.95843530473379,0
5495,Retailer 5495,555-1161297,"150 St, City 94",45,79.26227329878225,0.25012044561946584,0
5496,Retailer 5496,555-2931375,"633 St, City 95",64,116.4750056112519,79.18289447711255,0
5497,Retailer 5497,555-5243460,"690 St, City 96",51,70.83195368355993,11.289168142115807,0
5498,Retailer 5498,555-3305433,"813 St, City 97",52,113.22770185005842,20.931232015497848,0
5499,Retailer 5499,555-6926069,"330 St, City 98",60,76.60090157680128,26.21177552676859,0
5500,Retailer 5500,555-5220242,"120 St, City 99",53,107.33089291086594,28.28518331001044,0
5501,Retailer 5501,555-7739202,"584 St, City 0",37,126.34314288896842,18.500072574739203,0
5502,Retailer 5502,555-3087001,"219 St, City 1",69,107.57477297622779,27.029459861419195,0
5503,Retailer 5503,555-3681722,"906 St, City 2",48,117.0439843619447,41.80089912133227,0
5504,Retailer 5504,555-4455673,"910 St, City 3",53,114.53556908559895,91.15232244996238,0
5505,Retailer 5505,555-8605502,"814 St, City 4",54,77.18304339623143,32.10400492743647,0
5506,Retailer 5506,555-9261195,"123 St, City 5",61,75.79279646609776,18.60970296871604,0
5507,Retailer 5507,555-2731530,"244 St, City 6",48,64.7690817286449,17.64224451068358,0
5508,Retailer 5508,555-6358699,"886 St, City 7",57,106.18914576095364,37.121478856153004,0
5509,Retailer 5509,555-7773329,"587 St, City 8",49,97.99601346350951,29.58813808403519,0
5510,Retailer 5510,555-9530508,"518 St, City 9",46,80.05262183961001,16.36181797512159,0
5511,Retailer 5511,555-6552612,"21 St, City 10",55,106.68125928757335,12.279080426999604,0
5512,Retailer 5512,555-8089109,"190 St, City 11",46,132.13319303544296,149.49925792018314,0
5513,Retailer 5513,555-7829313,"225 St, City 12",57,113.80394419163093,43.675377213349876,0
5514,Retailer 5514,555-7212695,"915 St, City 13",50,127.4485388903431,6.949477352098326,0
5515,Retailer 5515,555-5790287,"615 St, City 14",46,92.2781260073235,10.366610674070463,0
5516,Retailer 5516,555-1253078,"856 St, City 15",54,103.50234403692896,67.24150237240838,0
5517,Retailer 5517,555-1368893,"466 St, City 16",50,106.38852342245654,32.437542916040144,0
5518,Retailer 5518,555-4101883,"99 St, City 17",49,116.92282345044438,11.164660364822051,0
5519,Retailer 5519,555-6398856,"830 St, City 18",40,69.35141016433968,13.586623081577414,0
5520,Retailer 5520,555-1715295,"363 St, City 19",46,130.0701264064905,14.288265597727625,0
5521,Retailer 5521,555-2878798,"997 St, City 20",50,104.69725615501531,6.184728845771609,0
5522,Retailer 5522,555-5000740,"83 St, City 21",52,126.12237087205325,21.47213690932682,0
5523,Retailer 5523,555-2054212,"693 St, City 22",42,121.10588422842218,43.51802967649693,0
5524,Retailer 5524,555-3358730,"664 St, City 23",49,57.244849731545585,24.907516249788866,0
5525,Retailer 5525,555-4485001,"56 St, City 24",65,106.6728603236206,32.00834654509576,0
5526,Retailer 5526,555-3080563,"702 St, City 25",53,109.82891056443562,27.14468135505674,0
5527,Retailer 5527,555-9672424,"930 St, City 26",44,95.65923875483358,1.8210305542166754,0
5528,Retailer 5528,555-5715697,"22 St, City 27",49,100.1873447255284,6.2498672386537075,0
5529,Retailer 5529,555-6243534,"580 St, City 28",50,82.40963890545133,12.9395734950109,0
5530,Retailer 5530,555-8669510,"185 St, City 29",37,96.90567552060223,66.01033396909057,0
5531,Retailer 5531,555-1125851,"522 St, City 30",45,93.39859286540718,12.863194307827436,0
5532,Retailer 5532,555-3650527,"578 St, City 31",58,89.66970971343795,11.885513123991782,0
5533,Retailer 5533,555-5861282,"264 St, City 32",54,92.6770612078929,2.520584129275981,0
5534,Retailer 5534,555-1794878,"225 St, City 33",46,52.786900284898124,107.35158401470842,0
5535,Retailer 5535,555-3053262,"635 St, City 34",52,89.62442139515073,45.22670873760304,0
5536,Retailer 5536,555-2937135,"38 St, City 35",43,81.80468046114797,43.56369639455637,0
5537,Retailer 5537,555-9186565,"123 St, City 36",48,83.34283639285138,14.520911067035872,0
5538,Retailer 5538,555-7449728,"830 St, City 37",52,72.37737291221661,2.448325349335169,0
5539,Retailer 5539,555-9614787,"156 St, City 38",46,95.35454253669747,9.176206901419102,0
5540,Retailer 5540,555-3072171,"906 St, City 39",47,82.26105424492697,57.49920704980687,0
5541,Retailer 5541,555-6460388,"301 St, City 40",53,81.98471291679317,5.964429305915077,0
5542,Retailer 5542,555-9381660,"833 St, City 41",53,102.42931415850312,67.40020731695577,0
5543,Retailer 5543,555-5544340,"994 St, City 42",46,132.5484696001143,23.020254148935997,0
5544,Retailer 5544,555-7112240,"67 St, City 43",47,102.64167712294474,37.60923617794555,0
5545,Retailer 5545,555-2200346,"905 St, City 44",44,121.43920849118231,18.134391994367693,0
5546,Retailer 5546,555-9873895,"645 St, City 45",61,98.07186707062708,80.7842260913943,0
5547,Retailer 5547,555-7214294,"874 St, City 46",28,149.52194446015022,8.219621499107635,0
5548,Retailer 5548,555-2760399,"394 St, City 47",41,77.56227519901203,25.489358520905185,0
5549,Retailer 5549,555-9684509,"652 St, City 48",55,60.137062623200954,2.148618619100608,0
5550,Retailer 5550,555-7136062,"594 St, City 49",53,117.90082639232112,19.642452741404618,0
5551,Retailer 5551,555-7347572,"570 St, City 50",46,114.69744621639096,108.04183283487608,0
5552,Retailer 5552,555-7435689,"661 St, City 51",45,63.83493503268552,2.7677854466473804,0
5553,Retailer 5553,555-5143403,"405 St, City 52",52,97.02574900611715,21.20053370238618,0
5554,Retailer 5554,555-3203531,"449 St, City 53",41,135.9088342446414,27.662195905912668,0
5555,Retailer 5555,555-2069412,"131 St, City 54",44,117.85101653506084,80.53551434464269,0
5556,Retailer 5556,555-5415743,"69 St, City 55",58,69.14532254751356,10.589632579429185,0
5557,Retailer 5557,555-4303131,"345 St, City 56",50,59.43507140097391,20.97137446935682,0
5558,Retailer 5558,555-7266376,"762 St, City 57",57,132.36071450039432,130.7395834637697,0
5559,Retailer 5559,555-3953028,"320 St, City 58",58,83.0198777840042,43.96259486304998,0
5560,Retailer 5560,555-8490291,"177 St, City 59",54,119.36419180779525,49.88746737396766,0
5561,Retailer 5561,555-6385909,"584 St, City 60",57,114.21707629378889,45.49363250316793,0
5562,Retailer 5562,555-1397595,"529 St, City 61",56,99.5132792077736,21.72217573987002,0
5563,Retailer 5563,555-7188343,"841 St, City 62",52,85.01559948571173,17.0936087228636,0
5564,Retailer 5564,555-4793092,"160 St, City 63",40,129.80461224192868,8.823609708674283,0
5565,Retailer 5565,555-2731041,"582 St, City 64",51,55.12832417146406,18.818920371895572,0
5566,Retailer 5566,555-8734125,"625 St, City 65",46,121.9224909279375,0.6214637036967665,0
5567,Retailer 5567,555-7113100,"744 St, City 66",44,93.50517637783679,3.0646693537258907,0
5568,Retailer 5568,555-4590511,"533 St, City 67",62,84.75469754254158,10.159056539129162,0
5569,Retailer 5569,555-3417209,"135 St, City 68",51,97.57265717424487,12.177287093572101,0
5570,Retailer 5570,555-1526925,"775 St, City 69",49,122.55062020379376,36.88049669304577,0
5571,Retailer 5571,555-7757450,"111 St, City 70",54,75.04452368227744,5.6478620190956805,0
5572,Retailer 5572,555-3925609,"999 St, City 71",59,106.63050589153457,47.655669276518424,0
5573,Retailer 5573,555-1606752,"758 St, City 72",47,111.96425756092775,48.4036130453228,0
5574,Retailer 5574,555-2339462,"283 St, City 73",50,95.9923917243358,26.531949035221672,0
5575,Retailer 5575,555-7827575,"520 St, City 74",48,77.89401200807762,20.28849653494625,0
5576,Retailer 5576,555-8687268,"969 St, City 75",43,83.53790738888638,18.899474890586006,0
5577,Retailer 5577,555-7117682,"796 St, City 76",56,135.61870948241824,16.369715048333667,0
5578,Retailer 5578,555-8204425,"719 St, City 77",49,118.87167395348669,2.782376994049438,0
5579,Retailer 5579,555-6158570,"194 St, City 78",52,111.98258263650656,31.964919978628096,0
5580,Retailer 5580,555-5823416,"967 St, City 79",50,142.5942415255295,25.832540726806286,0
5581,Retailer 5581,555-6210766,"47 St, City 80",71,84.22547108082492,0.4767940222605861,0
5582,Retailer 5582,555-2137317,"978 St, City 81",50,99.6671251528644,6.795568452315506,0
5583,Retailer 5583,555-8358862,"342 St, City 82",54,100.94959824191,17.198285307097184,0
5584,Retailer 5584,555-6560068,"242 St, City 83",63,124.73279193943092,69.47246628272768,0
5585,Retailer 5585,555-3957532,"522 St, City 84",51,67.29085584151409,139.00329650858902,0
5586,Retailer 5586,555-3166354,"370 St, City 85",54,101.65919307643155,41.748411093717195,0
5587,Retailer 5587,555-1299189,"801 St, City 86",49,99.95895765234859,41.50994649504227,0
5588,Retailer 5588,555-7508850,"903 St, City 87",45,116.47697148889361,16.098388928911792,0
5589,Retailer 5589,555-2559049,"131 St, City 88",36,91.31605668353154,25.385471211150133,0
5590,Retailer 5590,555-7136821,"270 St, City 89",35,124.28061096343616,7.9509017179448245,0
5591,Retailer 5591,555-3374494,"940 St, City 90",52,108.08770049611006,40.19973171835444,0
5592,Retailer 5592,555-1504655,"814 St, City 91",52,84.39648089507978,1.8493901229551353,0
5593,Retailer 5593,555-1236824,"61 St, City 92",56,111.54439989859584,16.199718056218927,0
5594,Retailer 5594,555-4149409,"164 St, City 93",45,97.61004544425644,53.399945536222134,0
5595,Retailer 5595,555-5548003,"525 St, City 94",48,109.78839832877452,117.15081695070157,0
5596,Retailer 5596,555-5025282,"272 St, City 95",65,76.29432488362207,35.77700433203732,0
5597,Retailer 5597,555-5166289,"720 St, City 96",56,94.59129954534984,6.591942895294789,0
5598,Retailer 5598,555-1093246,"758 St, City 97",42,120.37558826409818,25.394093978814084,0
5599,Retailer 5599,555-6338744,"133 St, City 98",44,128.11004748059383,24.66440904481501,0
5600,Retailer 5600,555-9597494,"244 St, City 99",42,108.80895425277917,101.23516697452693,0
5601,Retailer 5601,555-3367713,"985 St, City 0",56,95.27875765515506,55.012472488587214,0
5602,Retailer 5602,555-5063068,"806 St, City 1",58,89.02806415881216,1.5075983079419766,0
5603,Retailer 5603,555-3284798,"998 St, City 2",42,85.99155664181814,7.457425395781489,0
5604,Retailer 5604,555-2532337,"434 St, City 3",45,85.95510594550566,55.340365254667375,0
5605,Retailer 5605,555-1783566,"38 St, City 4",59,83.05728596439576,107.77657553904525,0
5606,Retailer 5606,555-8596713,"871 St, City 5",56,98.30685487960083,10.4727787963913,0
5607,Retailer 5607,555-1779105,"568 St, City 6",52,88.28885575543316,35.206103162357174,0
5608,Retailer 5608,555-8097065,"319 St, City 7",41,111.05181096488505,11.036490421967379,0
5609,Retailer 5609,555-1220326,"510 St, City 8",50,107.20967049244584,1.258954560673589,0
5610,Retailer 5610,555-5513552,"376 St, City 9",47,121.95037243781296,53.067154006793515,0
5611,Retailer 5611,555-7637935,"560 St, City 10",48,111.32115084342026,40.27976205020958,0
5612,Retailer 5612,555-4522810,"617 St, City 11",45,116.763093480525,1.643293834734335,0
5613,Retailer 5613,555-6480354,"474 St, City 12",39,83.6378785832428,4.7158347809453405,0
5614,Retailer 5614,555-7575273,"59 St, City 13",52,109.79684121880521,230.06394238741706,0
5615,Retailer 5615,555-5447321,"589 St, City 14",56,104.98463893571723,31.559988433844634,0
5616,Retailer 5616,555-1651824,"940 St, City 15",37,60.50032555357617,48.34782819357035,0
5617,Retailer 5617,555-3906405,"499 St, City 16",45,98.88386085245165,14.761355147802577,0
5618,Retailer 5618,555-6866645,"218 St, City 17",48,79.89246114410341,21.90969195365368,0
5619,Retailer 5619,555-9069552,"895 St, City 18",44,69.56657941258356,29.0181783814422,0
5620,Retailer 5620,555-5569146,"567 St, City 19",40,93.79246762084932,49.200097018476704,0
5621,Retailer 5621,555-3470856,"567 St, City 20",41,87.32466076233698,12.415795666996678,0
5622,Retailer 5622,555-4139782,"129 St, City 21",43,84.93353358206798,33.4662957350961,0
5623,Retailer 5623,555-2650224,"904 St, City 22",40,71.22598359128412,44.83748314615855,0
5624,Retailer 5624,555-2348055,"383 St, City 23",35,135.56058831744411,49.063073152852716,0
5625,Retailer 5625,555-6095670,"388 St, City 24",49,75.08137628804684,20.748919086275713,0
5626,Retailer 5626,555-3230653,"85 St, City 25",54,93.26344737341384,19.23735956284931,0
5627,Retailer 5627,555-1584942,"510 St, City 26",42,113.64574472439207,3.312291602257953,0
5628,Retailer 5628,555-5563870,"726 St, City 27",48,119.56949936333218,20.658228647950654,0
5629,Retailer 5629,555-2420654,"627 St, City 28",47,77.965655723482,36.31315314587291,0
5630,Retailer 5630,555-9355425,"437 St, City 29",57,95.63221668652339,75.9931688023779,0
5631,Retailer 5631,555-6869494,"826 St, City 30",45,111.07103355596942,4.012785480340286,0
5632,Retailer 5632,555-9737456,"293 St, City 31",47,105.9596195595949,104.10224865374265,0
5633,Retailer 5633,555-2481177,"49 St, City 32",53,107.6166998537443,8.000028376813713,0
5634,Retailer 5634,555-1166991,"67 St, City 33",39,76.12924081732031,5.802661467581159,0
5635,Retailer 5635,555-5291256,"787 St, City 34",61,83.48700213815722,3.648683605148271,0
5636,Retailer 5636,555-4992942,"129 St, City 35",40,96.96886218325173,138.56724385185683,0
5637,Retailer 5637,555-5660110,"29 St, City 36",56,93.75602058394955,24.69894110653269,0
5638,Retailer 5638,555-6914063,"343 St, City 37",48,103.28797959106464,9.465989127091303,0
5639,Retailer 5639,555-9491485,"545 St, City 38",50,78.86485109926753,11.461285387943283,0
5640,Retailer 5640,555-8998883,"119 St, City 39",40,119.53049654090792,90.03511721789408,0
5641,Retailer 5641,555-8961813,"692 St, City 40",57,76.15536074998457,69.06809360588035,0
5642,Retailer 5642,555-7962544,"937 St, City 41",55,104.61095811955434,12.922729736791974,0
5643,Retailer 5643,555-6118805,"663 St, City 42",60,83.73645406915328,1.9709102905433866,0
5644,Retailer 5644,555-2545329,"133 St, City 43",44,94.69659272672847,53.78683667239013,0
5645,Retailer 5645,555-4072753,"327 St, City 44",51,70.53485443040847,73.74985485395824,0
5646,Retailer 5646,555-1391670,"185 St, City 45",52,96.63978960334303,54.51847007696842,0
5647,Retailer 5647,555-5626043,"506 St, City 46",57,113.3072518092991,73.24827022232377,0
5648,Retailer 5648,555-8627339,"646 St, City 47",43,125.31680262755087,25.733723743113767,0
5649,Retailer 5649,555-2350339,"689 St, City 48",59,98.04220077504301,54.913547523933865,0
5650,Retailer 5650,555-4734942,"534 St, City 49",54,75.63662571999421,86.4249483844609,0
5651,Retailer 5651,555-9429241,"241 St, City 50",53,116.30779583207489,66.19186872713767,0
5652,Retailer 5652,555-4850404,"589 St, City 51",51,106.93967409525229,26.542028884766225,0
5653,Retailer 5653,555-8792590,"716 St, City 52",40,96.61955416127479,41.175414908417935,0
5654,Retailer 5654,555-3821105,"516 St, City 53",40,89.18346621458181,38.3288982847871,0
5655,Retailer 5655,555-1926109,"840 St, City 54",46,97.57946400552092,48.73116145173242,0
5656,Retailer 5656,555-8659564,"960 St, City 55",61,100.57943664077611,7.796161131349805,0
5657,Retailer 5657,555-6455249,"165 St, City 56",203,12.18166443026312,0.06541450252897224,1
5658,Retailer 5658,555-1708669,"927 St, City 57",50,83.04323036685906,21.39435004228379,0
5659,Retailer 5659,555-7318499,"933 St, City 58",51,86.47007114995617,43.51549759647296,0
5660,Retailer 5660,555-5227939,"640 St, City 59",51,95.30240843216389,4.010139407391886,0
5661,Retailer 5661,555-3307539,"557 St, City 60",48,72.84306516805295,22.829115769185286,0
5662,Retailer 5662,555-3596882,"218 St, City 61",44,113.7546685283895,11.324220473600668,0
5663,Retailer 5663,555-4947526,"747 St, City 62",46,111.82386140111143,54.64928978049928,0
5664,Retailer 5664,555-8433976,"648 St, City 63",65,105.95822031089678,3.169283981841145,0
5665,Retailer 5665,555-5650100,"680 St, City 64",56,148.40511545753702,56.4953373185543,0
5666,Retailer 5666,555-3998851,"993 St, City 65",66,113.60166630746717,28.30732997497142,0
5667,Retailer 5667,555-4661306,"749 St, City 66",46,126.9028597300164,75.56433474258263,0
5668,Retailer 5668,555-1997057,"605 St, City 67",52,101.22088718269741,82.29168028008374,0
5669,Retailer 5669,555-4674153,"5 St, City 68",56,89.03112437080154,49.64520227466475,0
5670,Retailer 5670,555-5748584,"668 St, City 69",52,71.22475773986031,22.657709506373124,0
5671,Retailer 5671,555-8303398,"757 St, City 70",59,106.12590123890205,4.614087023357388,0
5672,Retailer 5672,555-3212292,"872 St, City 71",52,110.82032899084206,7.663180123936496,0
5673,Retailer 5673,555-5370297,"81 St, City 72",44,118.59266646906008,16.225757381529004,0
5674,Retailer 5674,555-4618313,"247 St, City 73",46,89.94359835792685,39.171464594312624,0
5675,Retailer 5675,555-2384410,"855 St, City 74",41,113.33603343440392,23.614126551774053,0
5676,Retailer 5676,555-9674708,"493 St, City 75",49,74.04184034514181,17.30373348760154,0
5677,Retailer 5677,555-8330395,"649 St, City 76",62,101.80326203937226,19.475881821327505,0
5678,Retailer 5678,555-3048880,"386 St, City 77",44,111.01727623826018,40.58422879690166,0
5679,Retailer 5679,555-3469606,"575 St, City 78",41,112.89301433442867,1.048814785540321,0
5680,Retailer 5680,555-4039316,"992 St, City 79",48,116.39986525047843,17.535830035474635,0
5681,Retailer 5681,555-2045533,"307 St, City 80",43,110.71232471648219,25.508289651923135,0
5682,Retailer 5682,555-2285844,"628 St, City 81",57,102.22673127054364,26.653946706050142,0
5683,Retailer 5683,555-5673584,"625 St, City 82",45,124.81099814436081,28.924049804083808,0
5684,Retailer 5684,555-1787600,"543 St, City 83",55,98.95456556044068,1.6479253424798093,0
5685,Retailer 5685,555-5501572,"7 St, City 84",42,99.79388402109736,24.489826542858502,0
5686,Retailer 5686,555-7961848,"926 St, City 85",55,131.5953807072272,23.991880082939343,0
5687,Retailer 5687,555-6557821,"954 St, City 86",47,44.104694354313516,57.90042384558062,0
5688,Retailer 5688,555-2485619,"515 St, City 87",59,111.51024794664688,42.823128286435484,0
5689,Retailer 5689,555-2838524,"819 St, City 88",49,112.18178903185964,0.9517383804754109,0
5690,Retailer 5690,555-1122026,"755 St, City 89",45,91.5847236935389,24.352203393905597,0
5691,Retailer 5691,555-6122194,"568 St, City 90",49,100.3745433642196,35.22699355503059,0
5692,Retailer 5692,555-1735053,"73 St, City 91",38,99.73267858387206,26.035249383409695,0
5693,Retailer 5693,555-1562167,"10 St, City 92",50,95.73097863727475,33.84455920372557,0
5694,Retailer 5694,555-9700349,"573 St, City 93",44,98.73532750841308,3.721216682558947,0
5695,Retailer 5695,555-2658800,"562 St, City 94",55,107.61679554282665,5.5624976122884,0
5696,Retailer 5696,555-2807737,"122 St, City 95",42,88.14751246675993,26.22117368690587,0
5697,Retailer 5697,555-4751531,"687 St, City 96",50,99.90921597691249,48.386151138775226,0
5698,Retailer 5698,555-8919710,"986 St, City 97",48,73.01532234031495,0.7899785490752038,0
5699,Retailer 5699,555-4031301,"513 St, City 98",50,87.70584286463897,17.193812272435206,0
5700,Retailer 5700,555-1144454,"990 St, City 99",46,78.27649568442023,145.05163751071757,0
5701,Retailer 5701,555-8681556,"441 St, City 0",50,103.10346786560811,43.540448177995216,0
5702,Retailer 5702,555-1254043,"38 St, City 1",50,79.20884201352939,17.945284675194372,0
5703,Retailer 5703,555-5837502,"702 St, City 2",54,72.14212495061176,3.095567389128766,0
5704,Retailer 5704,555-5814647,"591 St, City 3",46,72.2127470714037,13.350320459481273,0
5705,Retailer 5705,555-6631213,"345 St, City 4",53,79.35481810454445,5.032285916745972,0
5706,Retailer 5706,555-5924374,"966 St, City 5",51,120.63034665753602,76.0653917438648,0
5707,Retailer 5707,555-2845733,"338 St, City 6",40,130.72228930223784,34.716911926893175,0
5708,Retailer 5708,555-6800629,"961 St, City 7",212,18.671833742049515,58.07530834746488,1
5709,Retailer 5709,555-8905435,"702 St, City 8",48,70.13130129670074,68.32639283221654,0
5710,Retailer 5710,555-5304388,"184 St, City 9",40,93.98659719092703,28.00996164757705,0
5711,Retailer 5711,555-8321105,"67 St, City 10",49,127.71793598785459,0.19860726137607337,0
5712,Retailer 5712,555-1473006,"17 St, City 11",41,104.58498553833759,24.3627913782781,0
5713,Retailer 5713,555-6584581,"383 St, City 12",60,70.78072874992749,48.65974155461732,0
5714,Retailer 5714,555-8149148,"368 St, City 13",50,136.47593058447256,11.327753499946375,0
5715,Retailer 5715,555-9462176,"904 St, City 14",52,92.83220643123423,78.82932135767811,0
5716,Retailer 5716,555-8256300,"316 St, City 15",51,89.32118237975727,172.51862531361257,0
5717,Retailer 5717,555-2197442,"497 St, City 16",46,123.43544083701633,23.906131111278885,0
5718,Retailer 5718,555-2199529,"808 St, City 17",47,105.53873702805657,22.730002221009016,0
5719,Retailer 5719,555-2790228,"721 St, City 18",60,125.78114775133108,31.942792538898786,0
5720,Retailer 5720,555-8052514,"345 St, City 19",64,97.25523622978612,25.06475069648758,0
5721,Retailer 5721,555-3323176,"958 St, City 20",54,98.50491623195727,5.246889935290391,0
5722,Retailer 5722,555-9860286,"553 St, City 21",38,90.47788012081804,9.486927288067534,0
5723,Retailer 5723,555-7017004,"908 St, City 22",45,103.07690441515783,6.761460933837579,0
5724,Retailer 5724,555-5208694,"989 St, City 23",47,99.21787377271015,2.2457615904817887,0
5725,Retailer 5725,555-1497619,"473 St, City 24",43,85.91800220257578,4.538264569430492,0
5726,Retailer 5726,555-1218547,"115 St, City 25",35,66.18206885442345,107.61918427963418,0
5727,Retailer 5727,555-9940203,"100 St, City 26",42,109.50884609824847,24.289100174906107,0
5728,Retailer 5728,555-5421740,"885 St, City 27",60,106.46391585396245,4.036932726005308,0
5729,Retailer 5729,555-8364534,"438 St, City 28",46,94.72378723210909,37.45815004201287,0
5730,Retailer 5730,555-9353135,"345 St, City 29",47,118.92570854189961,19.4330512386192,0
5731,Retailer 5731,555-4858804,"349 St, City 30",50,102.98731427589263,7.634042400724096,0
5732,Retailer 5732,555-3325452,"139 St, City 31",32,108.72897155806083,86.24282781428248,0
5733,Retailer 5733,555-6212360,"828 St, City 32",55,99.90450767287383,7.629088501369247,0
5734,Retailer 5734,555-1928252,"324 St, City 33",66,68.26111796056318,3.0805820440834113,0
5735,Retailer 5735,555-9975681,"846 St, City 34",55,126.11813133563922,6.91157057126618,0
5736,Retailer 5736,555-1600338,"302 St, City 35",53,107.58206187518032,72.88813152966219,0
5737,Retailer 5737,555-1074231,"294 St, City 36",59,73.46947659786719,58.514738008826676,0
5738,Retailer 5738,555-7365062,"957 St, City 37",62,90.94416061987101,67.42150101168123,0
5739,Retailer 5739,555-6546686,"529 St, City 38",54,111.47393797509099,74.37212533213312,0
5740,Retailer 5740,555-4526185,"834 St, City 39",59,130.2255211945534,2.419993919946096,0
5741,Retailer 5741,555-5145466,"968 St, City 40",60,105.7465592647414,37.274350122527565,0
5742,Retailer 5742,555-3593050,"292 St, City 41",44,114.76390883671172,32.765897710803195,0
5743,Retailer 5743,555-4113534,"74 St, City 42",46,132.96072554951274,148.46523990130083,0
5744,Retailer 5744,555-4600957,"775 St, City 43",68,132.00963245176015,37.62371001336,0
5745,Retailer 5745,555-7453859,"484 St, City 44",44,105.27520173997974,47.11104686069647,0
5746,Retailer 5746,555-9905808,"16 St, City 45",59,113.17960920996967,37.65655971588551,0
5747,Retailer 5747,555-6124524,"526 St, City 46",47,80.42546996763264,29.073486606623234,0
5748,Retailer 5748,555-5377987,"336 St, City 47",54,98.9692818829214,24.157472399540946,0
5749,Retailer 5749,555-4839973,"793 St, City 48",53,108.12859018910422,104.4661335455447,0
5750,Retailer 5750,555-2363864,"873 St, City 49",57,91.61286772861075,82.6269343621399,0
5751,Retailer 5751,555-8536324,"516 St, City 50",60,73.4653476684455,17.27960556961703,0
5752,Retailer 5752,555-6421251,"925 St, City 51",43,99.20868406645454,10.028701329721327,0
5753,Retailer 5753,555-8228119,"127 St, City 52",45,64.63354392157134,21.343572698129694,0
5754,Retailer 5754,555-2960220,"824 St, City 53",65,130.20223822156436,41.126167532197734,0
5755,Retailer 5755,555-4000264,"518 St, City 54",51,98.85333611625327,15.37219215649589,0
5756,Retailer 5756,555-4514674,"129 St, City 55",60,121.24767947610913,23.115814848531947,0
5757,Retailer 5757,555-4073961,"511 St, City 56",40,82.41072342897488,10.644838528374224,0
5758,Retailer 5758,555-9606776,"423 St, City 57",49,89.9389472464937,16.74298747936799,0
5759,Retailer 5759,555-1148178,"385 St, City 58",55,111.75206510556802,94.60345831760911,0
5760,Retailer 5760,555-9446731,"883 St, City 59",43,129.85788587936787,7.256734681157004,0
5761,Retailer 5761,555-3208977,"232 St, City 60",48,103.71756938061364,134.5801286811129,0
5762,Retailer 5762,555-2217309,"959 St, City 61",53,83.46296869158317,7.282786418954908,0
5763,Retailer 5763,555-4370698,"825 St, City 62",59,117.4756596393816,11.536186664879557,0
5764,Retailer 5764,555-9344854,"195 St, City 63",62,78.57706470979409,2.736003546918575,0
5765,Retailer 5765,555-8315664,"65 St, City 64",39,126.03886543928016,41.84134928773556,0
5766,Retailer 5766,555-6132928,"833 St, City 65",55,121.23441663360889,0.5337547748487753,0
5767,Retailer 5767,555-7874399,"615 St, City 66",58,84.83598709073965,46.51256486888553,0
5768,Retailer 5768,555-6860616,"277 St, City 67",49,97.50613733256648,25.820946984328593,0
5769,Retailer 5769,555-3275598,"670 St, City 68",46,89.78074549040271,41.44124970318185,0
5770,Retailer 5770,555-5892571,"224 St, City 69",47,107.60523938728542,45.85239640793557,0
5771,Retailer 5771,555-5491260,"801 St, City 70",60,109.38751919942507,3.98476916476954,0
5772,Retailer 5772,555-9779116,"944 St, City 71",63,65.70158337250749,0.6487039357823556,0
5773,Retailer 5773,555-6948491,"278 St, City 72",48,110.37252935445734,5.545335450354104,0
5774,Retailer 5774,555-1036160,"990 St, City 73",61,98.04144189565181,14.538539240176387,0
5775,Retailer 5775,555-1019156,"694 St, City 74",207,8.877918839111915,2.284293990294732,1
5776,Retailer 5776,555-8416240,"366 St, City 75",49,112.19807169795918,18.304993866080366,0
5777,Retailer 5777,555-3570348,"516 St, City 76",46,131.68346484266792,10.067932246917572,0
5778,Retailer 5778,555-3562688,"215 St, City 77",62,102.2073531547657,13.568918319007349,0
5779,Retailer 5779,555-7964745,"439 St, City 78",58,127.94649166458437,84.58659416045252,0
5780,Retailer 5780,555-6474106,"428 St, City 79",72,116.41889878417068,38.65007315909863,0
5781,Retailer 5781,555-8795807,"729 St, City 80",52,116.6466320237222,32.20237352440894,0
5782,Retailer 5782,555-5914005,"396 St, City 81",57,109.30050184377501,31.801819574518273,0
5783,Retailer 5783,555-1881809,"209 St, City 82",48,95.57653725551737,24.316125702520328,0
5784,Retailer 5784,555-5499311,"501 St, City 83",46,85.16066749329678,21.58352949586842,0
5785,Retailer 5785,555-7356895,"463 St, City 84",47,161.50172593363112,64.15092937152517,0
5786,Retailer 5786,555-4808282,"586 St, City 85",40,103.45353710079686,2.338908761680496,0
5787,Retailer 5787,555-1645649,"227 St, City 86",58,103.0777546555185,10.212239591148778,0
5788,Retailer 5788,555-9601594,"375 St, City 87",51,121.72727631641118,3.298703122942036,0
5789,Retailer 5789,555-7125488,"500 St, City 88",41,62.12842377103654,0.33343169079241614,0
5790,Retailer 5790,555-9418385,"948 St, City 89",44,111.51476916002626,0.41892352463312954,0
5791,Retailer 5791,555-4402155,"93 St, City 90",51,126.95627210840232,0.7290814302831453,0
5792,Retailer 5792,555-4827271,"460 St, City 91",65,126.44206161405988,34.346365378077564,0
5793,Retailer 5793,555-5614965,"577 St, City 92",53,111.46392855394126,3.5434094596982146,0
5794,Retailer 5794,555-1198110,"321 St, City 93",54,79.87688119583737,6.784783438080253,0
5795,Retailer 5795,555-5079430,"10 St, City 94",54,117.97751632833781,16.289312962779437,0
5796,Retailer 5796,555-9803235,"914 St, City 95",57,77.78423124232393,9.41052669310325,0
5797,Retailer 5797,555-4732517,"303 St, City 96",55,130.14478348399481,50.898546752809025,0
5798,Retailer 5798,555-4291066,"322 St, City 97",59,115.62614695753163,29.30145875247583,0
5799,Retailer 5799,555-8764461,"817 St, City 98",48,92.43083373971986,12.16284046381177,0
5800,Retailer 5800,555-9119550,"456 St, City 99",53,121.5887469391477,11.472222422947873,0
5801,Retailer 5801,555-9336562,"278 St, City 0",38,96.91320159716695,34.53132901955417,0
5802,Retailer 5802,555-5753954,"598 St, City 1",54,101.99766749735609,5.614112858939703,0
5803,Retailer 5803,555-7605188,"538 St, City 2",55,114.42601577475403,9.877867773611634,0
5804,Retailer 5804,555-2699547,"730 St, City 3",56,98.95578639335172,13.082388560444537,0
5805,Retailer 5805,555-5400131,"393 St, City 4",49,95.5785867276184,18.18958771660078,0
5806,Retailer 5806,555-7494374,"917 St, City 5",51,87.49640809051348,6.341334532750272,0
5807,Retailer 5807,555-8638483,"95 St, City 6",52,118.88817148977242,5.13194258264888,0
5808,Retailer 5808,555-9731032,"756 St, City 7",48,100.86760579722626,138.0355915055426,0
5809,Retailer 5809,555-3940107,"959 St, City 8",52,120.99901067362538,73.32377701718214,0
5810,Retailer 5810,555-3050241,"107 St, City 9",51,88.5517689142873,22.246071037447837,0
5811,Retailer 5811,555-5934349,"390 St, City 10",51,80.52004021029506,43.51542811951488,0
5812,Retailer 5812,555-2156245,"760 St, City 11",56,122.02842480925611,33.62608437724253,0
5813,Retailer 5813,555-5926622,"526 St, City 12",40,78.55837398358517,2.3425543701210403,0
5814,Retailer 5814,555-1158998,"673 St, City 13",45,88.95353558363732,21.887952252394555,0
5815,Retailer 5815,555-4762853,"71 St, City 14",49,111.80343824402402,6.097265166524718,0
5816,Retailer 5816,555-5050230,"664 St, City 15",43,136.09402779781584,26.316306228036588,0
5817,Retailer 5817,555-7184398,"969 St, City 16",52,107.36383266109534,1.9134914570143169,0
5818,Retailer 5818,555-9206336,"587 St, City 17",44,78.83843512447768,5.334665942229963,0
5819,Retailer 5819,555-6170310,"376 St, City 18",48,81.89894189213078,45.65900366894753,0
5820,Retailer 5820,555-5461918,"727 St, City 19",50,99.94000429217817,55.59259485147313,0
5821,Retailer 5821,555-2808516,"368 St, City 20",45,112.8295527521915,71.40362582027059,0
5822,Retailer 5822,555-1956011,"51 St, City 21",54,81.0783946548591,68.11124783239397,0
5823,Retailer 5823,555-4657905,"898 St, City 22",202,16.29037720527359,71.2640131694181,1
5824,Retailer 5824,555-4761509,"143 St, City 23",49,98.81089692729606,2.984964848362502,0
5825,Retailer 5825,555-5110993,"419 St, City 24",46,114.19699559036161,32.31920419387253,0
5826,Retailer 5826,555-9681921,"548 St, City 25",42,74.18912023551951,36.22474489042715,0
5827,Retailer 5827,555-2717355,"500 St, City 26",64,52.721292257684674,9.367237267707697,0
5828,Retailer 5828,555-6048336,"886 St, City 27",42,98.08974497740128,148.56004887140134,0
5829,Retailer 5829,555-7848829,"988 St, City 28",41,154.39701913069587,10.098966190892078,0
5830,Retailer 5830,555-5900318,"167 St, City 29",49,90.73209633399478,25.662072017822982,0
5831,Retailer 5831,555-8970043,"748 St, City 30",43,123.59510059031797,61.75516842982753,0
5832,Retailer 5832,555-9521722,"260 St, City 31",55,79.53556765869335,10.240339413770926,0
5833,Retailer 5833,555-5685942,"192 St, City 32",55,102.46746620831742,27.980631894210404,0
5834,Retailer 5834,555-7849221,"202 St, City 33",39,121.84838792769276,38.19054252841745,0
5835,Retailer 5835,555-6583161,"774 St, City 34",52,97.3776105309289,29.562040901248324,0
5836,Retailer 5836,555-4968178,"185 St, City 35",47,76.09138631040386,15.624506699626298,0
5837,Retailer 5837,555-1139133,"158 St, City 36",39,101.23085369861421,86.87925989116412,0
5838,Retailer 5838,555-4809697,"758 St, City 37",63,116.40360718671683,28.426473712004885,0
5839,Retailer 5839,555-8637547,"622 St, City 38",55,139.48545885426822,7.622013085592718,0
5840,Retailer 5840,555-1270001,"99 St, City 39",45,73.29790399647172,49.216906731272644,0
5841,Retailer 5841,555-5617631,"241 St, City 40",44,106.92328248692915,32.0028030421261,0
5842,Retailer 5842,555-2399298,"491 St, City 41",53,83.08225742737469,3.4796774222438307,0
5843,Retailer 5843,555-5147413,"202 St, City 42",39,103.2467986068209,9.777809789705783,0
5844,Retailer 5844,555-6857109,"634 St, City 43",50,82.8353345784453,5.164174651389451,0
5845,Retailer 5845,555-1782409,"509 St, City 44",50,86.62411695156769,2.2634719939262866,0
5846,Retailer 5846,555-8876146,"629 St, City 45",222,10.855429114417788,7.848726496349286,1
5847,Retailer 5847,555-1713391,"96 St, City 46",37,101.3262199933971,9.777651562811895,0
5848,Retailer 5848,555-6755536,"746 St, City 47",198,2.3886711007463983,18.85030143006029,1
5849,Retailer 5849,555-1337164,"490 St, City 48",53,96.65720493364661,104.46864515021888,0
5850,Retailer 5850,555-8869815,"579 St, City 49",47,113.20143651642516,86.08291991529502,0
5851,Retailer 5851,555-3763779,"888 St, City 50",54,104.23400959126651,42.03410165804822,0
5852,Retailer 5852,555-3858214,"218 St, City 51",50,109.33134606944694,31.19712442104299,0
5853,Retailer 5853,555-3234967,"527 St, City 52",44,138.12659321082342,88.27864042784572,0
5854,Retailer 5854,555-3020880,"273 St, City 53",46,119.46753295663066,4.610175918987244,0
5855,Retailer 5855,555-7919219,"219 St, City 54",52,127.94415186710786,12.029130426813923,0
5856,Retailer 5856,555-5243780,"786 St, City 55",52,107.74883069559108,24.177868235428306,0
5857,Retailer 5857,555-4893193,"883 St, City 56",46,117.52198515168539,50.44964210942575,0
5858,Retailer 5858,555-6681868,"659 St, City 57",52,86.21627715482288,29.327965104646122,0
5859,Retailer 5859,555-2255959,"332 St, City 58",44,114.91729284695366,49.6439161671618,0
5860,Retailer 5860,555-3113687,"856 St, City 59",62,131.21036573751437,4.984295960064304,0
5861,Retailer 5861,555-7620090,"453 St, City 60",38,104.39481068494209,6.423092966258582,0
5862,Retailer 5862,555-2619426,"152 St, City 61",49,91.65019294319876,40.47749900362023,0
5863,Retailer 5863,555-8005351,"347 St, City 62",50,126.69934203849141,12.84584430127194,0
5864,Retailer 5864,555-8570095,"816 St, City 63",43,84.18882340492213,17.186052101894724,0
5865,Retailer 5865,555-3138421,"414 St, City 64",42,145.8202999645897,47.058170825698745,0
5866,Retailer 5866,555-6023198,"527 St, City 65",43,106.70566660349353,2.1782892059043903,0
5867,Retailer 5867,555-9673899,"431 St, City 66",57,68.0598005145854,5.5169457758726494,0
5868,Retailer 5868,555-2649959,"379 St, City 67",60,109.01802045444832,10.521246819238666,0
5869,Retailer 5869,555-8059916,"998 St, City 68",52,128.26610728062929,64.4942385996996,0
5870,Retailer 5870,555-3188077,"895 St, City 69",58,122.51643964535845,15.569810423189054,0
5871,Retailer 5871,555-5784973,"428 St, City 70",61,100.73953385923164,8.714934962950636,0
5872,Retailer 5872,555-4769484,"866 St, City 71",46,103.02794545165743,34.03595538395579,0
5873,Retailer 5873,555-2290906,"923 St, City 72",57,122.4650169972434,0.9227508303606775,0
5874,Retailer 5874,555-2435367,"84 St, City 73",52,61.05963956763003,44.76388494860599,0
5875,Retailer 5875,555-9312048,"192 St, City 74",51,88.9221408335467,35.90919187857036,0
5876,Retailer 5876,555-4246849,"41 St, City 75",47,85.90452601129084,1.6997545300663748,0
5877,Retailer 5877,555-9654584,"864 St, City 76",56,116.90668915167994,20.67637877804778,0
5878,Retailer 5878,555-2605196,"836 St, City 77",54,82.48044968682733,15.53301056306892,0
5879,Retailer 5879,555-6387059,"773 St, City 78",45,85.9080798534603,5.164218405480152,0
5880,Retailer 5880,555-2045851,"309 St, City 79",48,91.0116607102995,5.01866500167917,0
5881,Retailer 5881,555-9466602,"378 St, City 80",58,83.50981260786168,5.237681464682359,0
5882,Retailer 5882,555-3664921,"136 St, City 81",48,121.38850316802396,27.46341147111021,0
5883,Retailer 5883,555-2434730,"790 St, City 82",221,9.386431507682852,5.629913480367258,1
5884,Retailer 5884,555-5071650,"106 St, City 83",46,110.96249703124307,1.843369348975698,0
5885,Retailer 5885,555-5354489,"519 St, City 84",48,89.56887364868598,94.80193042737075,0
5886,Retailer 5886,555-2958615,"918 St, City 85",61,99.82598783474955,1.19878833428575,0
5887,Retailer 5887,555-7502483,"814 St, City 86",42,96.2966565801592,32.710043602614185,0
5888,Retailer 5888,555-1978534,"542 St, City 87",34,62.546796764675335,82.4816028177191,0
5889,Retailer 5889,555-8701516,"126 St, City 88",57,76.44879371937171,1.1602082778427558,0
5890,Retailer 5890,555-2318155,"357 St, City 89",47,75.18379552530274,101.20619586004078,0
5891,Retailer 5891,555-1984588,"400 St, City 90",34,121.84267403672013,20.93509119680013,0
5892,Retailer 5892,555-5449399,"79 St, City 91",39,125.76123806488086,46.12541066181255,0
5893,Retailer 5893,555-5002761,"389 St, City 92",48,90.14746639807126,29.434632935622716,0
5894,Retailer 5894,555-1481632,"579 St, City 93",43,108.9587357159449,28.77962529104402,0
5895,Retailer 5895,555-8723047,"535 St, City 94",48,86.05910040072484,46.642600945951365,0
5896,Retailer 5896,555-7541173,"701 St, City 95",53,105.70251809393194,2.0303841923779222,0
5897,Retailer 5897,555-8998799,"74 St, City 96",51,92.91157942712347,14.946655539258877,0
5898,Retailer 5898,555-6275820,"5 St, City 97",44,89.70846408341659,104.76791161441984,0
5899,Retailer 5899,555-9918562,"919 St, City 98",58,112.03167171949829,1.6840112017505349,0
5900,Retailer 5900,555-8639298,"463 St, City 99",55,106.43057230991954,9.146710877864738,0
5901,Retailer 5901,555-8496196,"82 St, City 0",52,85.00750671693609,33.45203308880979,0
5902,Retailer 5902,555-6104138,"537 St, City 1",47,134.30638012458058,3.1753397058252695,0
5903,Retailer 5903,555-1026505,"776 St, City 2",46,136.89765558513855,23.07970320030668,0
5904,Retailer 5904,555-2650375,"991 St, City 3",57,102.37402589087179,37.486936692026546,0
5905,Retailer 5905,555-1212204,"405 St, City 4",198,3.2140163731453164,42.492758759956,1
5906,Retailer 5906,555-8050305,"514 St, City 5",44,146.64707936855788,24.710635025627184,0
5907,Retailer 5907,555-9916776,"278 St, City 6",49,112.06338015392772,20.832257820418327,0
5908,Retailer 5908,555-1973215,"840 St, City 7",49,72.85270765604326,37.54123459079863,0
5909,Retailer 5909,555-1567827,"855 St, City 8",43,100.86242989822732,4.701706153933763,0
5910,Retailer 5910,555-9325857,"224 St, City 9",48,93.08763621903688,34.2316228263097,0
5911,Retailer 5911,555-2267633,"584 St, City 10",44,91.14523089543756,75.4901838980712,0
5912,Retailer 5912,555-4684815,"68 St, City 11",53,108.8684730244262,34.44224547053999,0
5913,Retailer 5913,555-3026182,"320 St, City 12",48,90.37631602717539,1.4285900047730888,0
5914,Retailer 5914,555-5638246,"606 St, City 13",58,116.69394941207368,21.155753724221793,0
5915,Retailer 5915,555-9437392,"19 St, City 14",61,87.49073567524238,38.868971349457304,0
5916,Retailer 5916,555-9377900,"640 St, City 15",53,78.03370465477376,1.326213270554191,0
5917,Retailer 5917,555-3210186,"343 St, City 16",53,125.3624525536298,43.089540631882976,0
5918,Retailer 5918,555-3531196,"594 St, City 17",43,94.56743614379985,9.921980050742144,0
5919,Retailer 5919,555-4200090,"766 St, City 18",56,115.94622531430294,26.65831108022249,0
5920,Retailer 5920,555-1053997,"949 St, City 19",39,81.1690784439723,101.74650741703458,0
5921,Retailer 5921,555-5375717,"733 St, City 20",41,96.34149547248205,158.52938630410858,0
5922,Retailer 5922,555-6607423,"343 St, City 21",48,113.03503861207685,30.187094802170986,0
5923,Retailer 5923,555-3940504,"97 St, City 22",57,84.50570594774265,20.28774177955559,0
5924,Retailer 5924,555-5934990,"52 St, City 23",47,109.20190266323668,5.8692188813343975,0
5925,Retailer 5925,555-9057907,"175 St, City 24",40,123.89793554186815,7.008461111300642,0
5926,Retailer 5926,555-6721877,"338 St, City 25",47,107.12969636927845,16.821492457790026,0
5927,Retailer 5927,555-9959601,"694 St, City 26",60,89.23594547611002,36.348693498789444,0
5928,Retailer 5928,555-6856494,"940 St, City 27",49,87.6094760719669,43.999518690899336,0
5929,Retailer 5929,555-8760004,"353 St, City 28",54,84.84773460847015,7.527329891873372,0
5930,Retailer 5930,555-7102493,"391 St, City 29",52,82.4166296050355,22.998436946548182,0
5931,Retailer 5931,555-3593449,"115 St, City 30",63,116.57666835867434,26.865617803241882,0
5932,Retailer 5932,555-2018543,"348 St, City 31",53,81.3616599996709,67.06967607170733,0
5933,Retailer 5933,555-9773713,"1 St, City 32",58,94.12796360773842,62.72637591315854,0
5934,Retailer 5934,555-7774870,"63 St, City 33",58,103.53878540247871,51.01128809889866,0
5935,Retailer 5935,555-8104527,"760 St, City 34",46,92.55563429202503,21.811140662321087,0
5936,Retailer 5936,555-5227234,"743 St, City 35",37,86.28786171690787,2.0189306430648686,0
5937,Retailer 5937,555-2121889,"226 St, City 36",45,123.89754153516444,12.215303878266566,0
5938,Retailer 5938,555-4258881,"423 St, City 37",35,87.74926782559075,29.163656662145442,0
5939,Retailer 5939,555-4631453,"19 St, City 38",45,103.5511032684082,30.450797090913436,0
5940,Retailer 5940,555-7524367,"31 St, City 39",40,89.62814288380977,56.72876745951485,0
5941,Retailer 5941,555-6338938,"845 St, City 40",65,88.4862977119634,14.311764128058924,0
5942,Retailer 5942,555-3185028,"633 St, City 41",51,73.40628601692639,82.75921879743605,0
5943,Retailer 5943,555-5803958,"24 St, City 42",47,100.31309345358227,5.346369984490047,0
5944,Retailer 5944,555-9926299,"837 St, City 43",50,74.09420748772462,1.5345622396558745,0
5945,Retailer 5945,555-4487924,"983 St, City 44",47,105.78245578389426,5.832714877629696,0
5946,Retailer 5946,555-1772838,"211 St, City 45",43,94.11440140660899,18.614926547018744,0
5947,Retailer 5947,555-1261420,"961 St, City 46",53,80.85466661998055,51.93265932078515,0
5948,Retailer 5948,555-1477843,"161 St, City 47",54,77.27682941278294,5.011274631229777,0
5949,Retailer 5949,555-5529943,"255 St, City 48",53,53.97639952208293,23.834571195445076,0
5950,Retailer 5950,555-5552538,"571 St, City 49",57,113.06567535614352,44.962588045080224,0
5951,Retailer 5951,555-2825260,"114 St, City 50",52,98.9251239462001,1.0645135399036723,0
5952,Retailer 5952,555-5775833,"504 St, City 51",42,103.14762650050888,1.2721986023522043,0
5953,Retailer 5953,555-5187694,"929 St, City 52",47,109.92676820844271,20.235132516733028,0
5954,Retailer 5954,555-4099834,"672 St, City 53",45,131.6240487809922,6.050499820598063,0
5955,Retailer 5955,555-7771158,"955 St, City 54",47,80.84333469406086,17.966162211844825,0
5956,Retailer 5956,555-4564507,"220 St, City 55",51,87.58303722463687,1.3478966686575473,0
5957,Retailer 5957,555-5299489,"357 St, City 56",36,110.54749400520468,112.99958751172298,0
5958,Retailer 5958,555-4182132,"169 St, City 57",49,114.70718575337256,31.855874237074843,0
5959,Retailer 5959,555-4440863,"524 St, City 58",59,101.22352107390458,34.81743928756389,0
5960,Retailer 5960,555-8986322,"969 St, City 59",54,59.406021528781764,21.38389085787344,0
5961,Retailer 5961,555-7637448,"242 St, City 60",52,55.47147988047533,52.27368552790973,0
5962,Retailer 5962,555-8135580,"375 St, City 61",49,98.43422120700593,53.766188370585404,0
5963,Retailer 5963,555-5802738,"139 St, City 62",66,121.69819760093648,5.19814316090779,0
5964,Retailer 5964,555-7779651,"97 St, City 63",56,128.725360259024,43.88170566345291,0
5965,Retailer 5965,555-8871490,"147 St, City 64",38,65.84129322990458,25.088006016637898,0
5966,Retailer 5966,555-1144375,"182 St, City 65",43,109.30865143054193,43.11311589555675,0
5967,Retailer 5967,555-8673919,"57 St, City 66",64,108.87310392732277,75.2881123270479,0
5968,Retailer 5968,555-6713948,"42 St, City 67",38,89.37587562517895,12.2433861116845,0
5969,Retailer 5969,555-5229491,"866 St, City 68",54,102.81497120886178,25.38276550906624,0
5970,Retailer 5970,555-9060426,"711 St, City 69",45,95.1404860944535,46.46198634874431,0
5971,Retailer 5971,555-6183584,"543 St, City 70",49,77.08056207831848,129.75485623242608,0
5972,Retailer 5972,555-6911993,"692 St, City 71",55,87.5303729281489,28.447088749490767,0
5973,Retailer 5973,555-4183818,"2 St, City 72",52,140.34841055130698,38.32083239983048,0
5974,Retailer 5974,555-2518560,"979 St, City 73",51,105.7859369635445,56.19137466842947,0
5975,Retailer 5975,555-2894420,"934 St, City 74",53,75.76771090723366,41.74298394084695,0
5976,Retailer 5976,555-8069222,"288 St, City 75",45,77.50559727734937,85.59159550838157,0
5977,Retailer 5977,555-8658206,"138 St, City 76",49,131.145452415716,7.829619277666619,0
5978,Retailer 5978,555-1541797,"617 St, City 77",35,90.21270984256846,71.51247989222371,0
5979,Retailer 5979,555-9305827,"512 St, City 78",52,92.52545921337791,6.961962476931116,0
5980,Retailer 5980,555-7557642,"904 St, City 79",51,115.85060696168901,24.981104130977215,0
5981,Retailer 5981,555-6436526,"730 St, City 80",56,93.19599081151704,22.200653642399427,0
5982,Retailer 5982,555-8639377,"222 St, City 81",39,89.3629601180962,53.39463756772256,0
5983,Retailer 5983,555-2796218,"331 St, City 82",52,104.44092053523406,15.252217672780995,0
5984,Retailer 5984,555-1552226,"617 St, City 83",48,85.8361396314368,4.6359226974121075,0
5985,Retailer 5985,555-8514782,"404 St, City 84",46,90.63419135200444,36.80656766865181,0
5986,Retailer 5986,555-6098907,"508 St, City 85",37,131.87055019450872,27.990291479532797,0
5987,Retailer 5987,555-9649318,"916 St, City 86",52,83.53658416876152,52.64574772687263,0
5988,Retailer 5988,555-8139608,"127 St, City 87",55,95.01936886253546,42.64282199940714,0
5989,Retailer 5989,555-8707690,"265 St, City 88",57,142.7350245293456,67.56395051887617,0
5990,Retailer 5990,555-8003621,"712 St, City 89",47,29.85201206130658,54.81244523814232,0
5991,Retailer 5991,555-4803074,"764 St, City 90",67,137.98478264185064,34.75433782533641,0
5992,Retailer 5992,555-8416510,"15 St, City 91",44,110.53187416965872,18.804346356265825,0
5993,Retailer 5993,555-8467133,"226 St, City 92",48,109.32857294411399,0.6172361519989065,0
5994,Retailer 5994,555-4507145,"984 St, City 93",55,109.0202905226626,11.027467051153087,0
5995,Retailer 5995,555-2778244,"865 St, City 94",53,91.38321624491114,39.00595933955368,0
5996,Retailer 5996,555-5782337,"105 St, City 95",46,79.90228166652541,1.8404054746568401,0
5997,Retailer 5997,555-2180859,"745 St, City 96",46,99.4774311721235,42.39081464087797,0
5998,Retailer 5998,555-7733214,"493 St, City 97",59,97.74428113222088,21.793894338112523,0
5999,Retailer 5999,555-2980425,"319 St, City 98",40,104.53231373366067,60.699962191032526,0
6000,Retailer 6000,555-8441521,"219 St, City 99",52,93.92544215245739,32.34806421111142,0
6001,Retailer 6001,555-9077813,"277 St, City 0",52,116.81515664303328,48.050321771664166,0
6002,Retailer 6002,555-8694420,"773 St, City 1",45,116.34090556485468,5.644327841712348,0
6003,Retailer 6003,555-3941616,"893 St, City 2",44,71.0440796045365,5.695403936875376,0
6004,Retailer 6004,555-3474370,"931 St, City 3",38,66.09856826611741,7.113133653933869,0
6005,Retailer 6005,555-6604297,"341 St, City 4",48,84.4374268138897,12.162982778714092,0
6006,Retailer 6006,555-8105924,"452 St, City 5",47,73.35854530013927,70.43614040671318,0
6007,Retailer 6007,555-3078937,"369 St, City 6",49,121.30265211324509,44.657450974818516,0
6008,Retailer 6008,555-9915948,"944 St, City 7",55,87.06861508807151,13.607047350193042,0
6009,Retailer 6009,555-2355097,"848 St, City 8",53,110.4079339851628,75.20756938856424,0
6010,Retailer 6010,555-3055397,"991 St, City 9",45,97.27871631288228,45.27772376103854,0
6011,Retailer 6011,555-2079037,"474 St, City 10",41,118.16494574072499,32.01841768892978,0
6012,Retailer 6012,555-5151951,"190 St, City 11",40,91.28228772443893,17.21119229768809,0
6013,Retailer 6013,555-4155200,"884 St, City 12",44,68.64640949795519,31.637279672659126,0
6014,Retailer 6014,555-1855695,"419 St, City 13",56,86.13419445142843,26.985151680228043,0
6015,Retailer 6015,555-1112036,"710 St, City 14",59,44.90491581130562,45.67936071138034,0
6016,Retailer 6016,555-4831854,"865 St, City 15",55,69.82270144396459,7.669209361919775,0
6017,Retailer 6017,555-1889694,"789 St, City 16",60,106.79828244932327,65.0357970598254,0
6018,Retailer 6018,555-1590348,"848 St, City 17",55,103.88268066619155,26.88508369663997,0
6019,Retailer 6019,555-8695082,"495 St, City 18",54,88.57888809959469,49.31444647629882,0
6020,Retailer 6020,555-5066981,"39 St, City 19",52,96.57255004681028,12.799257511631808,0
6021,Retailer 6021,555-5467801,"162 St, City 20",46,68.13548787890446,14.923180842245902,0
6022,Retailer 6022,555-3183525,"121 St, City 21",66,113.51557588457493,83.07614308270671,0
6023,Retailer 6023,555-1693464,"892 St, City 22",52,95.89831964614643,29.182268620462796,0
6024,Retailer 6024,555-2577415,"399 St, City 23",60,110.5485477943285,11.470211670517955,0
6025,Retailer 6025,555-5262663,"262 St, City 24",60,109.38729540864381,2.5718867996013954,0
6026,Retailer 6026,555-4593824,"962 St, City 25",38,105.66796509089058,17.093542826886498,0
6027,Retailer 6027,555-5668223,"728 St, City 26",76,81.04654265553724,56.73072259275713,0
6028,Retailer 6028,555-9036837,"824 St, City 27",48,105.55651448281411,8.687789161192498,0
6029,Retailer 6029,555-2358356,"561 St, City 28",53,108.75251595332587,59.04495658797766,0
6030,Retailer 6030,555-2515719,"604 St, City 29",48,86.54699751027712,5.289478783388068,0
6031,Retailer 6031,555-5141426,"129 St, City 30",51,106.36373727721967,4.175533876440672,0
6032,Retailer 6032,555-1837566,"833 St, City 31",55,70.9719912428865,27.91869478727104,0
6033,Retailer 6033,555-7642516,"540 St, City 32",49,110.98043936778596,48.98701831109442,0
6034,Retailer 6034,555-9483063,"356 St, City 33",56,106.14142812743933,45.431049716050296,0
6035,Retailer 6035,555-9123155,"660 St, City 34",60,129.8183214259676,23.532139437649537,0
6036,Retailer 6036,555-2223981,"432 St, City 35",54,138.46196983061054,30.54071278555047,0
6037,Retailer 6037,555-3336798,"840 St, City 36",49,94.92578624314727,8.960239732919696,0
6038,Retailer 6038,555-3158344,"65 St, City 37",46,110.21356525475443,24.036735548694796,0
6039,Retailer 6039,555-7483214,"218 St, City 38",47,106.91488708870607,6.9845121086209945,0
6040,Retailer 6040,555-1835165,"563 St, City 39",55,94.50404448437217,79.08242510998407,0
6041,Retailer 6041,555-2734428,"427 St, City 40",45,64.49104065234255,34.00139840310449,0
6042,Retailer 6042,555-4822069,"817 St, City 41",51,77.28774723154783,24.94773685015671,0
6043,Retailer 6043,555-4144787,"921 St, City 42",51,89.32755668292566,8.516370903577503,0
6044,Retailer 6044,555-9346988,"74 St, City 43",59,105.38839425481672,15.777070597607944,0
6045,Retailer 6045,555-3812789,"460 St, City 44",42,127.63648030025017,45.45340217667596,0
6046,Retailer 6046,555-8992726,"425 St, City 45",54,97.95408378253359,8.20975956252845,0
6047,Retailer 6047,555-9844712,"711 St, City 46",46,120.8064914587791,4.138480910618093,0
6048,Retailer 6048,555-3166503,"192 St, City 47",35,128.97655076703063,11.017071404535173,0
6049,Retailer 6049,555-9045391,"189 St, City 48",46,88.5448790970339,47.465153192487485,0
6050,Retailer 6050,555-9622693,"12 St, City 49",58,71.93061286428812,64.39722011958595,0
6051,Retailer 6051,555-1498095,"239 St, City 50",51,100.74825707091928,16.05167105865548,0
6052,Retailer 6052,555-9410184,"872 St, City 51",48,73.23255376653661,45.595828994822845,0
6053,Retailer 6053,555-4330263,"593 St, City 52",68,136.34754014868201,12.114076142238183,0
6054,Retailer 6054,555-8366604,"453 St, City 53",55,123.32126260569603,21.326541709187566,0
6055,Retailer 6055,555-4665842,"383 St, City 54",57,128.18032276424773,0.6117286825078277,0
6056,Retailer 6056,555-3791338,"782 St, City 55",54,65.40216729573058,37.34341431396728,0
6057,Retailer 6057,555-4337031,"802 St, City 56",41,92.72976945132851,38.051173567051706,0
6058,Retailer 6058,555-9234025,"48 St, City 57",63,101.06588671932764,3.1676071162409425,0
6059,Retailer 6059,555-4945123,"317 St, City 58",54,108.03493963432277,13.332656380857127,0
6060,Retailer 6060,555-5768026,"209 St, City 59",47,92.7796948268932,19.823110955691426,0
6061,Retailer 6061,555-5083501,"547 St, City 60",42,48.060346488773575,44.63074183557148,0
6062,Retailer 6062,555-5836161,"119 St, City 61",51,109.2484503662935,52.051144938114085,0
6063,Retailer 6063,555-2780248,"577 St, City 62",53,135.33764515028938,38.098967376259495,0
6064,Retailer 6064,555-7126664,"315 St, City 63",44,140.19922723302926,7.294531895882406,0
6065,Retailer 6065,555-8709824,"754 St, City 64",55,94.68759036363599,13.217573153128292,0
6066,Retailer 6066,555-5795817,"36 St, City 65",47,101.57063954700412,8.522770532318427,0
6067,Retailer 6067,555-3180019,"463 St, City 66",49,79.87706763329717,30.415892055881564,0
6068,Retailer 6068,555-1779957,"764 St, City 67",56,101.58942036026251,31.268340636445405,0
6069,Retailer 6069,555-2913980,"915 St, City 68",51,91.42289594445401,0.489039200767814,0
6070,Retailer 6070,555-2507394,"755 St, City 69",63,89.63374840333537,39.470746092349806,0
6071,Retailer 6071,555-3979845,"554 St, City 70",53,70.0701896667365,7.821876999644404,0
6072,Retailer 6072,555-3712188,"581 St, City 71",179,8.639197391664279,48.490233062065165,1
6073,Retailer 6073,555-9642873,"403 St, City 72",52,95.13175913161193,53.65955279708361,0
6074,Retailer 6074,555-5713797,"107 St, City 73",41,90.43220775346143,47.8329397889525,0
6075,Retailer 6075,555-1910913,"39 St, City 74",37,104.48754570273516,15.733187183281338,0
6076,Retailer 6076,555-3057017,"581 St, City 75",62,88.42405209517592,12.845232029706082,0
6077,Retailer 6077,555-1653817,"180 St, City 76",52,58.05581404339407,17.134316397529002,0
6078,Retailer 6078,555-1996433,"12 St, City 77",51,126.11019663460954,22.474811127104697,0
6079,Retailer 6079,555-3581505,"339 St, City 78",49,100.68946779084668,8.627259360844032,0
6080,Retailer 6080,555-7555851,"943 St, City 79",47,115.74728831123066,80.4874399292091,0
6081,Retailer 6081,555-5108949,"716 St, City 80",49,103.87223284031464,21.039309863354994,0
6082,Retailer 6082,555-7128420,"548 St, City 81",48,118.97486302196029,2.2804276662881735,0
6083,Retailer 6083,555-5876691,"126 St, City 82",50,114.0401368684406,176.36648552641248,0
6084,Retailer 6084,555-5674071,"63 St, City 83",51,55.64145506551773,19.855504874518115,0
6085,Retailer 6085,555-5203887,"844 St, City 84",48,108.96611679586047,88.11760133018782,0
6086,Retailer 6086,555-8138512,"82 St, City 85",53,82.13801916621955,14.84284623346678,0
6087,Retailer 6087,555-5036480,"819 St, City 86",72,82.04858944908253,7.637509663494343,0
6088,Retailer 6088,555-8567476,"299 St, City 87",42,66.2027221734429,40.054364868909914,0
6089,Retailer 6089,555-4486444,"34 St, City 88",51,136.16818889231607,16.995135283169745,0
6090,Retailer 6090,555-8163357,"752 St, City 89",59,97.27340700086526,63.97479482027713,0
6091,Retailer 6091,555-6509165,"609 St, City 90",47,91.67576044336046,18.736132723642456,0
6092,Retailer 6092,555-5873014,"49 St, City 91",70,84.68915311341686,12.390133456903133,0
6093,Retailer 6093,555-1468298,"658 St, City 92",37,146.94450088762156,102.04608684195982,0
6094,Retailer 6094,555-5330453,"637 St, City 93",60,120.26590931346227,53.22488676830081,0
6095,Retailer 6095,555-1570303,"701 St, City 94",35,51.95250656241028,6.90501883075669,0
6096,Retailer 6096,555-6170988,"57 St, City 95",46,127.28197469646332,20.133072287901854,0
6097,Retailer 6097,555-4317657,"861 St, City 96",49,81.62416594052029,3.608018556334942,0
6098,Retailer 6098,555-4336640,"109 St, City 97",46,113.14957083656685,3.420083882833309,0
6099,Retailer 6099,555-6000738,"517 St, City 98",57,91.13280248458486,57.60143878754122,0
6100,Retailer 6100,555-3660891,"985 St, City 99",49,65.2968742637089,80.57067575752211,0
6101,Retailer 6101,555-7995919,"24 St, City 0",59,89.69579158342809,40.27781898213859,0
6102,Retailer 6102,555-5616167,"221 St, City 1",33,104.82343423046525,135.94839608564658,0
6103,Retailer 6103,555-9947727,"960 St, City 2",53,105.1477674234509,1.3900788252459892,0
6104,Retailer 6104,555-6998544,"315 St, City 3",52,92.99441232340429,12.08198910902247,0
6105,Retailer 6105,555-3342094,"294 St, City 4",29,101.0662475817708,4.251203675133104,0
6106,Retailer 6106,555-3192271,"929 St, City 5",56,102.64579269725064,45.700352913250896,0
6107,Retailer 6107,555-3845376,"10 St, City 6",51,118.25140129856229,66.33110254454435,0
6108,Retailer 6108,555-4956558,"677 St, City 7",42,126.21347215132744,17.778349718028934,0
6109,Retailer 6109,555-6236441,"481 St, City 8",44,100.03738212645841,53.0187065979831,0
6110,Retailer 6110,555-4731570,"727 St, City 9",55,73.52800716316983,56.44165421584931,0
6111,Retailer 6111,555-7342211,"638 St, City 10",52,112.8043205375079,4.513890775528002,0
6112,Retailer 6112,555-6831052,"267 St, City 11",46,113.65916483610921,14.195570899216891,0
6113,Retailer 6113,555-8939174,"792 St, City 12",47,117.83318610932436,6.248691207723278,0
6114,Retailer 6114,555-4254449,"88 St, City 13",55,80.81605273475431,33.26451190352859,0
6115,Retailer 6115,555-9994006,"455 St, City 14",53,116.13115476556386,14.697918325588633,0
6116,Retailer 6116,555-5307910,"626 St, City 15",46,106.32736399584215,33.05826812723362,0
6117,Retailer 6117,555-4322918,"533 St, City 16",52,111.5945413962688,62.594293539122816,0
6118,Retailer 6118,555-6271810,"148 St, City 17",61,84.69523408404253,15.969259393550528,0
6119,Retailer 6119,555-5935371,"757 St, City 18",54,62.48803904219779,107.18494688817898,0
6120,Retailer 6120,555-1260102,"778 St, City 19",38,72.74343011214098,15.758594091540575,0
6121,Retailer 6121,555-6516825,"729 St, City 20",46,117.66456098945804,7.213828639651293,0
6122,Retailer 6122,555-6818528,"431 St, City 21",66,134.2314847925802,22.604298382797623,0
6123,Retailer 6123,555-9214372,"996 St, City 22",57,115.60598875663216,15.276733878687553,0
6124,Retailer 6124,555-9536239,"752 St, City 23",49,75.49122073308646,4.005993488296691,0
6125,Retailer 6125,555-2343054,"943 St, City 24",44,99.12404836735917,0.7039532535262999,0
6126,Retailer 6126,555-4159016,"911 St, City 25",51,105.83972852309876,40.87782401172447,0
6127,Retailer 6127,555-2726334,"940 St, City 26",55,100.88906551995142,81.02902927797165,0
6128,Retailer 6128,555-4353030,"744 St, City 27",51,103.17610202793705,17.41998631033506,0
6129,Retailer 6129,555-2847199,"744 St, City 28",34,78.7155164886865,2.0293266402806593,0
6130,Retailer 6130,555-2638004,"242 St, City 29",42,70.18226618479872,40.48650628483514,0
6131,Retailer 6131,555-2729187,"702 St, City 30",47,80.36406923944377,60.53842189547579,0
6132,Retailer 6132,555-5461595,"902 St, City 31",50,75.1084780188641,11.731474452498038,0
6133,Retailer 6133,555-6817676,"741 St, City 32",46,102.2830473884644,7.5314515796506845,0
6134,Retailer 6134,555-4460096,"66 St, City 33",56,104.62825665936276,12.331969823529489,0
6135,Retailer 6135,555-2330363,"972 St, City 34",46,72.47480292872082,71.68197688794069,0
6136,Retailer 6136,555-4446839,"378 St, City 35",45,98.3174396305072,16.236541310283922,0
6137,Retailer 6137,555-4113506,"388 St, City 36",52,136.90928201713683,31.85319160952249,0
6138,Retailer 6138,555-9167197,"791 St, City 37",42,102.8456743746115,2.317937766741032,0
6139,Retailer 6139,555-2561014,"781 St, City 38",51,91.38351538996966,9.919311819127776,0
6140,Retailer 6140,555-5589369,"209 St, City 39",40,117.35275314453186,7.764127481488097,0
6141,Retailer 6141,555-7621778,"415 St, City 40",48,147.5427406216727,1.9401316183525243,0
6142,Retailer 6142,555-8531844,"16 St, City 41",46,104.15304398529459,3.855886066683388,0
6143,Retailer 6143,555-4257983,"297 St, City 42",46,88.13481893584078,16.166689873510197,0
6144,Retailer 6144,555-7902066,"986 St, City 43",47,102.34831515549705,24.493691044142,0
6145,Retailer 6145,555-7073877,"220 St, City 44",54,127.66492502502807,11.215454653915808,0
6146,Retailer 6146,555-9033651,"769 St, City 45",46,98.51339211627726,16.316050893896776,0
6147,Retailer 6147,555-1751972,"367 St, City 46",46,100.66998668544142,42.75013048855129,0
6148,Retailer 6148,555-9648035,"780 St, City 47",47,128.35816447110835,8.518145869842291,0
6149,Retailer 6149,555-4631171,"229 St, City 48",34,102.26162913808417,1.0415443504450566,0
6150,Retailer 6150,555-8973155,"631 St, City 49",58,134.40504126347537,8.9113255287096,0
6151,Retailer 6151,555-5976820,"440 St, City 50",41,72.0552204995468,76.30201005632905,0
6152,Retailer 6152,555-4743185,"690 St, City 51",47,109.15553677187249,0.5456899987257149,0
6153,Retailer 6153,555-6768212,"532 St, City 52",65,139.49882851015673,4.141320474994521,0
6154,Retailer 6154,555-1024363,"450 St, City 53",54,149.19088543650753,2.0188490322857637,0
6155,Retailer 6155,555-9783406,"36 St, City 54",45,91.7754065056744,14.192745590545703,0
6156,Retailer 6156,555-3045990,"847 St, City 55",49,94.69573267375837,31.30224281543943,0
6157,Retailer 6157,555-6178652,"422 St, City 56",44,138.8502055777679,72.35330922996165,0
6158,Retailer 6158,555-2385049,"918 St, City 57",58,93.1118681353739,47.406086087272705,0
6159,Retailer 6159,555-6567248,"620 St, City 58",47,89.67851783094255,8.658711993872636,0
6160,Retailer 6160,555-2498447,"189 St, City 59",40,90.07757485142642,30.22258526525527,0
6161,Retailer 6161,555-2545288,"178 St, City 60",40,82.34664330851109,32.705453888799845,0
6162,Retailer 6162,555-9182320,"608 St, City 61",34,78.65574982938222,2.846219826848966,0
6163,Retailer 6163,555-2595123,"315 St, City 62",57,96.2408915283713,16.71311624993002,0
6164,Retailer 6164,555-9839008,"20 St, City 63",50,67.43966709602927,11.186304819419934,0
6165,Retailer 6165,555-6264482,"676 St, City 64",44,87.95783638229234,5.127704463118742,0
6166,Retailer 6166,555-7130158,"382 St, City 65",45,131.5085840926016,1.8138979193860867,0
6167,Retailer 6167,555-2391538,"609 St, City 66",41,117.80223888648659,0.8253224162473981,0
6168,Retailer 6168,555-8219155,"143 St, City 67",63,88.81592173789542,58.7121829519305,0
6169,Retailer 6169,555-7817281,"62 St, City 68",46,105.26553542342621,12.043107346658152,0
6170,Retailer 6170,555-7701810,"242 St, City 69",47,98.18726829946823,20.381717974509773,0
6171,Retailer 6171,555-5107560,"238 St, City 70",61,85.00378263284486,10.343759402518705,0
6172,Retailer 6172,555-7993018,"131 St, City 71",39,53.99640208872008,5.440471967190299,0
6173,Retailer 6173,555-1171236,"605 St, City 72",49,82.21615724396703,9.08591548031098,0
6174,Retailer 6174,555-4010129,"603 St, City 73",49,93.99179354360692,5.589384775212769,0
6175,Retailer 6175,555-1089743,"645 St, City 74",48,150.05495253315704,42.54934962133375,0
6176,Retailer 6176,555-8426187,"123 St, City 75",47,112.57760583013737,71.42084673202328,0
6177,Retailer 6177,555-5112924,"440 St, City 76",48,98.08895046639854,17.101436474043215,0
6178,Retailer 6178,555-2955206,"927 St, City 77",48,110.2006242099525,51.935342820333894,0
6179,Retailer 6179,555-2138422,"342 St, City 78",56,105.11709427991435,16.642641434286197,0
6180,Retailer 6180,555-1758795,"419 St, City 79",59,86.12736945862439,17.760083415246196,0
6181,Retailer 6181,555-8632738,"630 St, City 80",57,98.91345912211635,19.914390352788025,0
6182,Retailer 6182,555-2764688,"455 St, City 81",50,93.02334093150749,51.483365674554896,0
6183,Retailer 6183,555-3957817,"198 St, City 82",45,69.76494786345154,82.61876034304355,0
6184,Retailer 6184,555-1239647,"282 St, City 83",53,88.85786523881426,40.929307173476325,0
6185,Retailer 6185,555-5514153,"886 St, City 84",52,98.12667452510887,65.7966702299311,0
6186,Retailer 6186,555-7098915,"1 St, City 85",33,109.0049457172424,30.877540910316036,0
6187,Retailer 6187,555-4772515,"723 St, City 86",42,100.7429444569973,54.83852284822365,0
6188,Retailer 6188,555-3942609,"775 St, City 87",50,119.40667333112785,24.413626941934382,0
6189,Retailer 6189,555-9158781,"932 St, City 88",45,96.05276492055626,44.445303271769596,0
6190,Retailer 6190,555-9813240,"332 St, City 89",60,126.03101326529065,36.64898728140374,0
6191,Retailer 6191,555-2572732,"212 St, City 90",54,104.11999864308592,41.50040584209693,0
6192,Retailer 6192,555-9016792,"87 St, City 91",55,109.45964172913138,8.011948385692996,0
6193,Retailer 6193,555-3740855,"665 St, City 92",54,105.84039250956795,5.008249362417148,0
6194,Retailer 6194,555-4340444,"862 St, City 93",63,90.55630295721132,31.75546753010832,0
6195,Retailer 6195,555-4750222,"699 St, City 94",57,113.16373182784102,19.784830239452013,0
6196,Retailer 6196,555-2380188,"61 St, City 95",50,88.38489780359109,43.401727957348854,0
6197,Retailer 6197,555-8530577,"797 St, City 96",64,81.06578336049907,4.752444340456737,0
6198,Retailer 6198,555-4060465,"95 St, City 97",53,105.53037028791307,88.51853341673862,0
6199,Retailer 6199,555-7723000,"786 St, City 98",52,98.78071251034473,36.525636929179974,0
6200,Retailer 6200,555-8770032,"553 St, City 99",38,84.56005067439415,0.6977225798515571,0
6201,Retailer 6201,555-3818767,"147 St, City 0",48,102.06210691254995,25.778451046217015,0
6202,Retailer 6202,555-8864394,"246 St, City 1",49,113.93909077218025,11.246039376645182,0
6203,Retailer 6203,555-6864049,"644 St, City 2",52,96.22534848668292,9.634108786490035,0
6204,Retailer 6204,555-9958825,"961 St, City 3",50,132.03903710408184,69.73408724663975,0
6205,Retailer 6205,555-9511807,"297 St, City 4",36,123.15765004368703,54.22726689576318,0
6206,Retailer 6206,555-6531052,"123 St, City 5",38,91.66865753739111,0.2879859684302102,0
6207,Retailer 6207,555-7321001,"655 St, City 6",45,77.22364395236951,6.014739722032553,0
6208,Retailer 6208,555-1424190,"694 St, City 7",56,97.67358342513059,38.138851932499676,0
6209,Retailer 6209,555-7743571,"704 St, City 8",54,109.16360562407951,56.553890449661445,0
6210,Retailer 6210,555-4472696,"456 St, City 9",45,66.33935386826455,37.93332427507069,0
6211,Retailer 6211,555-3120677,"399 St, City 10",43,66.00203683603542,22.35242541293394,0
6212,Retailer 6212,555-3597979,"719 St, City 11",59,75.20955739717493,125.15718812194885,0
6213,Retailer 6213,555-8524132,"946 St, City 12",46,122.9672474680344,47.87783278193233,0
6214,Retailer 6214,555-9294919,"231 St, City 13",51,128.4333794424823,18.929311644449818,0
6215,Retailer 6215,555-3104417,"534 St, City 14",59,78.93086651321164,26.274370890654897,0
6216,Retailer 6216,555-6449604,"402 St, City 15",60,72.12624254778426,1.3756331599469576,0
6217,Retailer 6217,555-1898628,"592 St, City 16",67,104.64201507471178,100.34621865540795,0
6218,Retailer 6218,555-4761054,"130 St, City 17",36,102.77742872758745,13.517267444936822,0
6219,Retailer 6219,555-3396716,"292 St, City 18",62,76.18702253084015,32.498622010495204,0
6220,Retailer 6220,555-3057244,"276 St, City 19",52,79.88698196315694,32.98389982524051,0
6221,Retailer 6221,555-3707929,"912 St, City 20",47,86.85366271498361,1.7588258132917431,0
6222,Retailer 6222,555-5272513,"835 St, City 21",51,91.39255951392337,9.271374800635822,0
6223,Retailer 6223,555-4928125,"376 St, City 22",45,106.10593924440522,32.03016210282991,0
6224,Retailer 6224,555-5125186,"926 St, City 23",65,53.14499184218605,72.9663008165404,0
6225,Retailer 6225,555-4338669,"55 St, City 24",42,138.1251257367062,45.23800434692041,0
6226,Retailer 6226,555-9302258,"578 St, City 25",55,107.47079020463397,26.034906063280136,0
6227,Retailer 6227,555-8738667,"739 St, City 26",202,0.9971028474904369,7.937902523845307,1
6228,Retailer 6228,555-5360866,"26 St, City 27",50,87.3612134828414,89.18541136522678,0
6229,Retailer 6229,555-3304310,"441 St, City 28",47,83.13990987095039,15.508750806637316,0
6230,Retailer 6230,555-1976264,"765 St, City 29",47,84.16527310324699,4.872215485723058,0
6231,Retailer 6231,555-9323880,"197 St, City 30",58,90.21741766969626,0.6562925564670525,0
6232,Retailer 6232,555-8299243,"642 St, City 31",55,108.17916776007328,89.96267919196858,0
6233,Retailer 6233,555-4928094,"243 St, City 32",57,122.76898930954572,45.14090501196494,0
6234,Retailer 6234,555-6795886,"824 St, City 33",45,71.7286883152506,7.315097462700463,0
6235,Retailer 6235,555-7531423,"724 St, City 34",55,91.17943090974813,4.586739211625549,0
6236,Retailer 6236,555-3790353,"190 St, City 35",54,102.78864967894721,96.1772181563295,0
6237,Retailer 6237,555-6185356,"802 St, City 36",203,9.11624017998985,8.26436431921465,1
6238,Retailer 6238,555-3465849,"738 St, City 37",58,88.42816986940542,18.593386244103787,0
6239,Retailer 6239,555-3933865,"758 St, City 38",65,92.73659187966545,28.313984157463523,0
6240,Retailer 6240,555-7667051,"568 St, City 39",49,95.32743367329192,1.9323290494313694,0
6241,Retailer 6241,555-8587145,"567 St, City 40",47,76.21685912197185,12.667654302402664,0
6242,Retailer 6242,555-7030079,"276 St, City 41",58,81.43646557222922,86.2799601482982,0
6243,Retailer 6243,555-9970922,"818 St, City 42",51,62.33317938054215,36.15396979187896,0
6244,Retailer 6244,555-7147454,"409 St, City 43",36,122.04534598216212,13.755783677574101,0
6245,Retailer 6245,555-8907288,"340 St, City 44",60,111.37371308190903,47.06762769771031,0
6246,Retailer 6246,555-3505700,"153 St, City 45",42,72.8685954201926,54.454554831789316,0
6247,Retailer 6247,555-1145693,"565 St, City 46",61,77.50910501456612,4.938434345511996,0
6248,Retailer 6248,555-2649734,"398 St, City 47",70,72.81107619237898,26.49978471295902,0
6249,Retailer 6249,555-1885621,"444 St, City 48",61,81.12077553512017,13.706917651573757,0
6250,Retailer 6250,555-1561548,"623 St, City 49",60,104.86791838393705,21.209052072658206,0
6251,Retailer 6251,555-9063001,"427 St, City 50",55,157.44659452475432,18.993355774440175,0
6252,Retailer 6252,555-5379845,"958 St, City 51",51,91.19627211046766,21.02473893036497,0
6253,Retailer 6253,555-8150265,"487 St, City 52",54,109.46947504475888,22.141075317519466,0
6254,Retailer 6254,555-2703728,"204 St, City 53",53,97.60821709267458,2.153143862893495,0
6255,Retailer 6255,555-5762315,"112 St, City 54",47,104.8710918403725,5.8692933197674355,0
6256,Retailer 6256,555-4377136,"325 St, City 55",56,94.29717279021543,25.054982537653107,0
6257,Retailer 6257,555-1468451,"959 St, City 56",50,123.07835329672884,82.48251301785129,0
6258,Retailer 6258,555-5777830,"258 St, City 57",49,111.90951906454843,41.173617750510104,0
6259,Retailer 6259,555-1259425,"950 St, City 58",47,99.88965890302406,8.179593788450607,0
6260,Retailer 6260,555-9899217,"528 St, City 59",42,112.91793588446035,13.469256400249062,0
6261,Retailer 6261,555-8604323,"951 St, City 60",51,118.99741885239658,12.256199663652978,0
6262,Retailer 6262,555-7259635,"350 St, City 61",53,85.61356238109951,44.027302886389265,0
6263,Retailer 6263,555-5494893,"939 St, City 62",55,109.39827961005774,107.47816135194662,0
6264,Retailer 6264,555-2968093,"957 St, City 63",48,117.38673254121407,13.174028679817894,0
6265,Retailer 6265,555-3444913,"678 St, City 64",53,109.31541469033205,0.4461215699543812,0
6266,Retailer 6266,555-7504938,"813 St, City 65",46,114.11510715139728,82.88269349128228,0
6267,Retailer 6267,555-8131390,"894 St, City 66",42,101.6958493796703,41.97873184031129,0
6268,Retailer 6268,555-4787132,"435 St, City 67",51,110.97614597228359,53.93737534480618,0
6269,Retailer 6269,555-4809821,"426 St, City 68",54,130.51272974246,7.021613929646446,0
6270,Retailer 6270,555-9817518,"280 St, City 69",48,79.7968494441124,31.12471984379355,0
6271,Retailer 6271,555-5037746,"371 St, City 70",54,99.9423804393988,7.9466626617074905,0
6272,Retailer 6272,555-1081171,"670 St, City 71",42,84.57242440397658,0.35055930793179996,0
6273,Retailer 6273,555-3183448,"933 St, City 72",50,87.96161088632915,5.126014009235082,0
6274,Retailer 6274,555-2189138,"249 St, City 73",44,109.9424238613399,76.84341300600035,0
6275,Retailer 6275,555-3249476,"891 St, City 74",49,66.32013086432617,7.27436981255524,0
6276,Retailer 6276,555-3759374,"181 St, City 75",60,77.59533711995094,26.394580400809605,0
6277,Retailer 6277,555-4463894,"703 St, City 76",48,124.2012111003152,103.27298181215815,0
6278,Retailer 6278,555-1783258,"999 St, City 77",51,73.48443426844874,2.361113663587569,0
6279,Retailer 6279,555-2896999,"651 St, City 78",49,128.83726935764366,49.49797754936309,0
6280,Retailer 6280,555-3852889,"78 St, City 79",56,99.75713896655776,27.306048294642395,0
6281,Retailer 6281,555-8297050,"919 St, City 80",53,98.57808091334252,11.720242421533921,0
6282,Retailer 6282,555-8371858,"885 St, City 81",45,86.3594727038219,13.588711107316174,0
6283,Retailer 6283,555-2761201,"336 St, City 82",54,93.48738862720612,0.826771032470318,0
6284,Retailer 6284,555-3337180,"50 St, City 83",48,104.5524057845633,8.864784392772611,0
6285,Retailer 6285,555-4485862,"85 St, City 84",47,95.58898219737986,16.518223179373486,0
6286,Retailer 6286,555-2400507,"695 St, City 85",50,82.34812309385934,37.86009059779491,0
6287,Retailer 6287,555-5235040,"695 St, City 86",46,112.35984458118602,9.638342190371226,0
6288,Retailer 6288,555-6529554,"4 St, City 87",58,124.79991380642386,26.04717446146734,0
6289,Retailer 6289,555-8518162,"993 St, City 88",50,67.88063925203036,39.46812357889716,0
6290,Retailer 6290,555-8676431,"950 St, City 89",46,143.8224321035421,35.97263131706861,0
6291,Retailer 6291,555-3757398,"317 St, City 90",49,105.80509377792647,26.769281460818142,0
6292,Retailer 6292,555-1388742,"111 St, City 91",52,109.68630480498554,26.0386884980574,0
6293,Retailer 6293,555-1676935,"334 St, City 92",53,130.09435231079334,38.31899150483121,0
6294,Retailer 6294,555-8793604,"851 St, City 93",36,57.71691895295045,12.262143047894035,0
6295,Retailer 6295,555-1401072,"763 St, City 94",39,68.268504647686,17.946834266246338,0
6296,Retailer 6296,555-7722841,"133 St, City 95",44,59.47276428832797,101.58943439824706,0
6297,Retailer 6297,555-3095637,"612 St, City 96",42,75.30150717048943,33.13304301216042,0
6298,Retailer 6298,555-3788302,"991 St, City 97",45,111.68267609107872,22.012338314761895,0
6299,Retailer 6299,555-8843227,"914 St, City 98",48,75.45369244826533,25.904693134602006,0
6300,Retailer 6300,555-6581472,"684 St, City 99",39,81.45851934931126,3.3088060944853543,0
6301,Retailer 6301,555-9269841,"799 St, City 0",58,84.95127777508579,26.893816368514287,0
6302,Retailer 6302,555-5859633,"119 St, City 1",55,96.95041365601023,54.32807940162627,0
6303,Retailer 6303,555-5468852,"350 St, City 2",54,95.95790927958562,22.24591123916656,0
6304,Retailer 6304,555-8742237,"917 St, City 3",41,83.63821654996651,5.840245543120913,0
6305,Retailer 6305,555-7749977,"687 St, City 4",41,78.87285092724862,17.837627435476733,0
6306,Retailer 6306,555-1419503,"542 St, City 5",46,93.72977606132326,9.772891874844534,0
6307,Retailer 6307,555-7488000,"55 St, City 6",51,100.01225312113696,13.376467241730051,0
6308,Retailer 6308,555-8586544,"361 St, City 7",42,127.92441886343505,7.64711584990447,0
6309,Retailer 6309,555-9318849,"708 St, City 8",64,79.94799007613146,12.189973285107705,0
6310,Retailer 6310,555-8608965,"453 St, City 9",56,97.17217167016616,51.728349829455375,0
6311,Retailer 6311,555-1158253,"553 St, City 10",49,59.04717599785628,42.52812279830687,0
6312,Retailer 6312,555-9209061,"685 St, City 11",58,121.79560622693651,20.232066044240497,0
6313,Retailer 6313,555-4211369,"330 St, City 12",46,96.99509586435914,45.766946018074606,0
6314,Retailer 6314,555-2659537,"219 St, City 13",211,9.138408182691846,111.35238832672103,1
6315,Retailer 6315,555-2279898,"208 St, City 14",49,124.04991643727648,15.633577988317505,0
6316,Retailer 6316,555-3364840,"670 St, City 15",55,108.838924582986,117.34148279693495,0
6317,Retailer 6317,555-1771143,"845 St, City 16",50,102.32090873575102,8.467153459170587,0
6318,Retailer 6318,555-7697947,"740 St, City 17",56,61.51688537674348,92.72623400525647,0
6319,Retailer 6319,555-4906377,"85 St, City 18",61,96.42834952334427,59.94885335653933,0
6320,Retailer 6320,555-2461433,"685 St, City 19",57,79.86229731755847,6.661735207262202,0
6321,Retailer 6321,555-4348549,"245 St, City 20",57,77.6243085224227,12.916265414203673,0
6322,Retailer 6322,555-8753638,"872 St, City 21",52,61.30695070613848,36.92193773279637,0
6323,Retailer 6323,555-6580427,"685 St, City 22",56,95.41378699478287,6.381731218686718,0
6324,Retailer 6324,555-2576845,"335 St, City 23",50,82.27842200261642,26.799685744710864,0
6325,Retailer 6325,555-1988722,"212 St, City 24",47,84.02851573180075,22.959095491696267,0
6326,Retailer 6326,555-3037398,"596 St, City 25",45,79.32318640480086,10.35400052320718,0
6327,Retailer 6327,555-4527110,"685 St, City 26",46,126.18132321695526,10.72311873601613,0
6328,Retailer 6328,555-5289639,"183 St, City 27",51,78.09410575691055,21.789224937422674,0
6329,Retailer 6329,555-7398897,"955 St, City 28",64,91.490262958916,10.69379479667386,0
6330,Retailer 6330,555-2065560,"133 St, City 29",41,95.83543122972284,5.96284773960847,0
6331,Retailer 6331,555-8989900,"892 St, City 30",55,95.02313770699719,44.531600220007554,0
6332,Retailer 6332,555-8189204,"800 St, City 31",64,134.57228272834723,26.151110020374933,0
6333,Retailer 6333,555-7707432,"774 St, City 32",50,59.26634680748552,17.268180720470838,0
6334,Retailer 6334,555-9349065,"350 St, City 33",57,104.49474203168815,5.999206264474815,0
6335,Retailer 6335,555-3754036,"282 St, City 34",47,117.45180735968648,27.06908149017615,0
6336,Retailer 6336,555-7934198,"293 St, City 35",40,105.04843847650913,29.714801195380574,0
6337,Retailer 6337,555-8389434,"269 St, City 36",47,142.878795469012,19.603698554764108,0
6338,Retailer 6338,555-1091656,"861 St, City 37",62,126.33908894863103,13.991796448436412,0
6339,Retailer 6339,555-3162766,"197 St, City 38",53,85.8441787004407,60.57789006449324,0
6340,Retailer 6340,555-1353153,"537 St, City 39",52,95.71164712741444,36.60406227472805,0
6341,Retailer 6341,555-7724504,"653 St, City 40",49,115.24683128845041,13.209683660179945,0
6342,Retailer 6342,555-4453708,"984 St, City 41",53,97.43425391211875,26.974930552166423,0
6343,Retailer 6343,555-5101153,"735 St, City 42",46,97.8119209792869,7.986665171052575,0
6344,Retailer 6344,555-1987938,"20 St, City 43",50,140.31862089935711,0.3460876011400349,0
6345,Retailer 6345,555-8074533,"759 St, City 44",45,119.98717710401168,60.94179056661751,0
6346,Retailer 6346,555-4801065,"840 St, City 45",56,141.2751515125973,51.25935988170317,0
6347,Retailer 6347,555-1862839,"956 St, City 46",55,98.08787998930592,30.599844930237317,0
6348,Retailer 6348,555-2064367,"713 St, City 47",58,102.85554204151944,50.03007218271787,0
6349,Retailer 6349,555-1234898,"405 St, City 48",63,106.67421518777566,45.53621615541195,0
6350,Retailer 6350,555-1461122,"115 St, City 49",51,113.76433410233273,59.03834247208339,0
6351,Retailer 6351,555-1675025,"895 St, City 50",47,93.63608597587498,66.73097454115087,0
6352,Retailer 6352,555-5264550,"701 St, City 51",46,81.50603880454291,51.24515363662961,0
6353,Retailer 6353,555-8536968,"980 St, City 52",54,83.70467843900747,57.265396464630015,0
6354,Retailer 6354,555-6477835,"975 St, City 53",43,97.51111552795842,20.896336084689484,0
6355,Retailer 6355,555-2605752,"26 St, City 54",62,67.19839737077484,36.93080832679724,0
6356,Retailer 6356,555-1807040,"566 St, City 55",52,107.38800714985541,12.160052557666372,0
6357,Retailer 6357,555-7634586,"682 St, City 56",47,54.390522873273184,59.22691603292816,0
6358,Retailer 6358,555-5132443,"395 St, City 57",58,68.81088987798402,58.682889175252555,0
6359,Retailer 6359,555-6232190,"933 St, City 58",53,124.13917231039437,2.05294198534392,0
6360,Retailer 6360,555-8920337,"381 St, City 59",60,101.5112233890854,12.786256327867928,0
6361,Retailer 6361,555-3154828,"523 St, City 60",58,108.36930833234484,5.642154649646059,0
6362,Retailer 6362,555-6778728,"539 St, City 61",55,106.29964664401928,4.3785294338637915,0
6363,Retailer 6363,555-6293348,"862 St, City 62",35,138.64866766270194,16.078804677855167,0
6364,Retailer 6364,555-3784975,"83 St, City 63",48,124.14514933419939,29.477836079888206,0
6365,Retailer 6365,555-9371223,"802 St, City 64",39,133.75281530437883,12.63529733229738,0
6366,Retailer 6366,555-9840597,"550 St, City 65",49,89.19856574572246,11.097798072188835,0
6367,Retailer 6367,555-5859382,"445 St, City 66",61,97.57419815898872,2.976635072348005,0
6368,Retailer 6368,555-5912301,"87 St, City 67",61,71.15346310673334,14.482687866523497,0
6369,Retailer 6369,555-9126492,"949 St, City 68",183,12.533800213124682,19.10174117841497,1
6370,Retailer 6370,555-4077026,"833 St, City 69",57,114.53435893710078,15.260137956114516,0
6371,Retailer 6371,555-1148469,"387 St, City 70",41,85.69769157382179,34.190934766120776,0
6372,Retailer 6372,555-5170555,"963 St, City 71",64,88.6799012696382,10.196984565665312,0
6373,Retailer 6373,555-1516394,"668 St, City 72",39,108.8308908896089,37.76793689622186,0
6374,Retailer 6374,555-3090825,"398 St, City 73",57,95.55537799633963,64.30834613998843,0
6375,Retailer 6375,555-9908720,"820 St, City 74",62,86.06620651052049,26.838834709704976,0
6376,Retailer 6376,555-4290303,"286 St, City 75",36,92.13342996953645,14.76392679186296,0
6377,Retailer 6377,555-8415871,"698 St, City 76",53,91.88513840129269,5.942294324170652,0
6378,Retailer 6378,555-9090433,"694 St, City 77",51,107.96765192889103,80.83495053601713,0
6379,Retailer 6379,555-3418853,"965 St, City 78",42,95.46064816218525,41.81233510577909,0
6380,Retailer 6380,555-6244786,"369 St, City 79",52,42.450182281423324,8.488443451411504,0
6381,Retailer 6381,555-8249127,"655 St, City 80",45,98.18364803691118,4.897980454095794,0
6382,Retailer 6382,555-9920857,"422 St, City 81",57,85.96163042525738,1.5170239853626124,0
6383,Retailer 6383,555-8197177,"718 St, City 82",53,113.3718052753268,6.342118582091987,0
6384,Retailer 6384,555-5384077,"654 St, City 83",54,103.23010636537079,39.54508064293285,0
6385,Retailer 6385,555-2129775,"697 St, City 84",41,86.0533367665405,29.789775131981365,0
6386,Retailer 6386,555-9125248,"443 St, City 85",46,86.8422407198327,102.73703660283229,0
6387,Retailer 6387,555-3196916,"753 St, City 86",50,103.43565541985427,11.656954692662461,0
6388,Retailer 6388,555-7241602,"520 St, City 87",56,99.21452748718124,46.337635228811145,0
6389,Retailer 6389,555-2170933,"584 St, City 88",57,93.3507184294092,3.8506514035790795,0
6390,Retailer 6390,555-2391449,"915 St, City 89",43,97.61256131714839,24.806028433376238,0
6391,Retailer 6391,555-3518929,"288 St, City 90",52,108.236219052736,18.865241526586026,0
6392,Retailer 6392,555-7604168,"95 St, City 91",61,66.88859465923204,54.64172617203354,0
6393,Retailer 6393,555-1859734,"669 St, City 92",45,128.3196053354148,36.2799372309919,0
6394,Retailer 6394,555-6207188,"41 St, City 93",62,90.96820232886368,6.481887109392066,0
6395,Retailer 6395,555-9242580,"331 St, City 94",54,122.98743158453242,123.83914546979112,0
6396,Retailer 6396,555-2872154,"813 St, City 95",53,141.47349664469456,51.97247221984694,0
6397,Retailer 6397,555-8904617,"781 St, City 96",43,111.2284528141435,13.137962568733954,0
6398,Retailer 6398,555-1913605,"155 St, City 97",47,61.66526867948598,52.4662161887272,0
6399,Retailer 6399,555-4009526,"504 St, City 98",55,76.7179494936224,94.33437712500341,0
6400,Retailer 6400,555-9405547,"275 St, City 99",57,108.38911750572896,66.2952386918427,0
6401,Retailer 6401,555-3032656,"666 St, City 0",55,86.59197032173876,24.372113552571072,0
6402,Retailer 6402,555-7490750,"565 St, City 1",52,129.53780255331915,25.82197907995201,0
6403,Retailer 6403,555-8221626,"179 St, City 2",56,85.16827043728622,3.381585113944396,0
6404,Retailer 6404,555-7353575,"933 St, City 3",53,111.14950599697961,5.399164539077338,0
6405,Retailer 6405,555-7982137,"752 St, City 4",65,97.80703184522545,121.55344997387418,0
6406,Retailer 6406,555-4289986,"137 St, City 5",43,100.72549762757643,44.06292259739702,0
6407,Retailer 6407,555-6652555,"767 St, City 6",51,112.75437511964283,0.775138380199015,0
6408,Retailer 6408,555-6198054,"988 St, City 7",42,37.5033070084541,23.791863064586074,0
6409,Retailer 6409,555-8269623,"736 St, City 8",62,99.33310647743708,12.707201181831241,0
6410,Retailer 6410,555-2854165,"180 St, City 9",49,118.04064147600297,11.197763050585458,0
6411,Retailer 6411,555-1377224,"182 St, City 10",46,76.49224943686143,24.3987461578466,0
6412,Retailer 6412,555-5453722,"259 St, City 11",48,113.06993498371858,11.576528693439979,0
6413,Retailer 6413,555-7321136,"243 St, City 12",58,95.41358587806441,8.692708505907483,0
6414,Retailer 6414,555-9623041,"96 St, City 13",53,86.91372698313967,83.32968146060814,0
6415,Retailer 6415,555-1364446,"197 St, City 14",53,95.04528877606518,1.2201978255953572,0
6416,Retailer 6416,555-7759072,"904 St, City 15",52,127.83663725274971,17.19012811620849,0
6417,Retailer 6417,555-1448934,"526 St, City 16",56,103.40999160473986,21.473203399256196,0
6418,Retailer 6418,555-3657885,"632 St, City 17",51,74.90789517145808,17.391972197698124,0
6419,Retailer 6419,555-6242029,"387 St, City 18",49,105.85625263562761,32.122727180914275,0
6420,Retailer 6420,555-6772964,"408 St, City 19",49,100.93868167879074,0.7803420360242145,0
6421,Retailer 6421,555-6644219,"269 St, City 20",50,122.6163766856306,64.88428800242775,0
6422,Retailer 6422,555-7955038,"171 St, City 21",53,98.56901729613287,20.80715235283592,0
6423,Retailer 6423,555-2942120,"925 St, City 22",55,121.2127709799628,24.201199934715916,0
6424,Retailer 6424,555-9094566,"584 St, City 23",52,101.37628216991286,18.639929717684993,0
6425,Retailer 6425,555-8311460,"691 St, City 24",51,107.942979014251,17.6370603048391,0
6426,Retailer 6426,555-8863353,"170 St, City 25",53,85.27845305401867,6.199635083264948,0
6427,Retailer 6427,555-7710660,"159 St, City 26",44,111.36905919822257,21.059311908035973,0
6428,Retailer 6428,555-1821939,"509 St, City 27",49,140.42484018697067,16.41158084200246,0
6429,Retailer 6429,555-4637588,"447 St, City 28",58,134.435210197545,18.940090304963565,0
6430,Retailer 6430,555-8470396,"666 St, City 29",37,77.78083079932814,0.41782255527907425,0
6431,Retailer 6431,555-9163365,"914 St, City 30",42,65.84894729830262,4.208687581840121,0
6432,Retailer 6432,555-4614705,"82 St, City 31",51,107.52373369870148,43.212545951205506,0
6433,Retailer 6433,555-3500120,"57 St, City 32",66,95.12900323377724,16.295505306224275,0
6434,Retailer 6434,555-4932613,"519 St, City 33",51,83.0093136590643,40.749522878045305,0
6435,Retailer 6435,555-5055032,"112 St, City 34",50,142.28953518356403,5.630080321914369,0
6436,Retailer 6436,555-6881344,"998 St, City 35",47,161.7609432057472,35.94074637806827,0
6437,Retailer 6437,555-3196274,"48 St, City 36",55,63.67044958973882,10.23719673464527,0
6438,Retailer 6438,555-3429700,"592 St, City 37",46,84.34034858148719,36.63576921272336,0
6439,Retailer 6439,555-6586956,"887 St, City 38",42,74.15531010695946,2.7234770944629316,0
6440,Retailer 6440,555-5096920,"376 St, City 39",37,83.49837099092596,12.177822599468382,0
6441,Retailer 6441,555-8557944,"828 St, City 40",67,122.4548418148694,3.813068747221466,0
6442,Retailer 6442,555-7015346,"33 St, City 41",42,105.12829912526229,29.798734045007265,0
6443,Retailer 6443,555-4501661,"504 St, City 42",58,116.6437687658196,14.95693641412051,0
6444,Retailer 6444,555-8872277,"627 St, City 43",45,126.38045870686307,2.315404376165554,0
6445,Retailer 6445,555-3604902,"896 St, City 44",48,106.75673081858383,22.4196093833663,0
6446,Retailer 6446,555-1398008,"3 St, City 45",54,81.11808908374961,0.7563651705002137,0
6447,Retailer 6447,555-7080898,"486 St, City 46",53,110.34569290237678,51.19129727690061,0
6448,Retailer 6448,555-6193595,"516 St, City 47",45,97.88180630882162,83.58666180685861,0
6449,Retailer 6449,555-4549651,"868 St, City 48",48,96.65035094957393,49.8331155848509,0
6450,Retailer 6450,555-9029598,"772 St, City 49",63,83.44178994060326,90.78935402587479,0
6451,Retailer 6451,555-8867863,"42 St, City 50",40,119.2160214281671,68.22334124963069,0
6452,Retailer 6452,555-3796647,"9 St, City 51",46,110.04968285696948,67.59396909732307,0
6453,Retailer 6453,555-6802199,"819 St, City 52",41,116.853087662829,8.448619558979582,0
6454,Retailer 6454,555-1174001,"657 St, City 53",61,81.32551245882942,7.886516354181048,0
6455,Retailer 6455,555-6570771,"913 St, City 54",48,121.08613091173616,49.730986101401065,0
6456,Retailer 6456,555-1065867,"609 St, City 55",60,106.98948006727174,20.281898697155835,0
6457,Retailer 6457,555-1088780,"788 St, City 56",42,119.04483302220984,85.58147029062289,0
6458,Retailer 6458,555-8397228,"142 St, City 57",41,84.30628111457553,68.26623781080829,0
6459,Retailer 6459,555-3695145,"790 St, City 58",48,103.20832833728852,67.09781137902503,0
6460,Retailer 6460,555-3941478,"436 St, City 59",48,123.08699544695897,11.841084835095796,0
6461,Retailer 6461,555-7792109,"27 St, City 60",41,111.79934599583132,4.278106165038831,0
6462,Retailer 6462,555-4767263,"43 St, City 61",48,97.73259343967091,33.99088452489171,0
6463,Retailer 6463,555-5195031,"131 St, City 62",49,110.91399375030707,17.42547105277317,0
6464,Retailer 6464,555-5084591,"216 St, City 63",57,80.91149933557074,81.51687780740576,0
6465,Retailer 6465,555-2414119,"606 St, City 64",56,113.687480877649,57.69609789031723,0
6466,Retailer 6466,555-6354993,"520 St, City 65",44,118.24003293782462,79.28011095616003,0
6467,Retailer 6467,555-2268182,"598 St, City 66",58,109.04008577389573,25.17060478434425,0
6468,Retailer 6468,555-9779340,"345 St, City 67",41,98.45069672165616,22.41085661091465,0
6469,Retailer 6469,555-3570746,"508 St, City 68",48,107.04725852159919,56.335910250677195,0
6470,Retailer 6470,555-3251743,"650 St, City 69",59,99.18446969733428,21.516436704095582,0
6471,Retailer 6471,555-7194702,"881 St, City 70",58,96.58830725134119,69.0862068360997,0
6472,Retailer 6472,555-4120452,"413 St, City 71",42,115.36240885632216,1.0510495614048458,0
6473,Retailer 6473,555-6615829,"936 St, City 72",44,131.6384095512373,13.331924102616677,0
6474,Retailer 6474,555-7147401,"246 St, City 73",52,103.78338643927076,54.024061902418666,0
6475,Retailer 6475,555-7304721,"449 St, City 74",55,89.32975419129319,7.069794976395755,0
6476,Retailer 6476,555-8738672,"21 St, City 75",37,80.98537562110027,15.27316145939422,0
6477,Retailer 6477,555-7615492,"999 St, City 76",46,86.90361425604426,0.30280102762542144,0
6478,Retailer 6478,555-1318774,"408 St, City 77",43,143.68553510520817,10.773972224373532,0
6479,Retailer 6479,555-8561743,"457 St, City 78",70,132.57368894489866,11.509845439683014,0
6480,Retailer 6480,555-9875234,"444 St, City 79",52,119.18355167613927,39.56420850482782,0
6481,Retailer 6481,555-4023871,"922 St, City 80",42,125.5362868219367,33.93399016774001,0
6482,Retailer 6482,555-5849617,"265 St, City 81",49,89.34628197880795,17.66131407150575,0
6483,Retailer 6483,555-1611868,"660 St, City 82",60,120.91385747804104,39.1141429834204,0
6484,Retailer 6484,555-5533910,"184 St, City 83",50,122.621266071258,16.776061531571173,0
6485,Retailer 6485,555-7929140,"227 St, City 84",55,98.25905530336983,17.107226872588004,0
6486,Retailer 6486,555-2407757,"804 St, City 85",39,76.3150032000864,31.11601129920594,0
6487,Retailer 6487,555-4456800,"548 St, City 86",47,71.07221570869982,38.49947482327358,0
6488,Retailer 6488,555-2138452,"246 St, City 87",44,108.15909743613703,56.30076555121904,0
6489,Retailer 6489,555-9109334,"73 St, City 88",56,90.30287844905419,41.75760886268906,0
6490,Retailer 6490,555-8727160,"150 St, City 89",42,106.61712520674706,33.28854177887342,0
6491,Retailer 6491,555-5554704,"513 St, City 90",50,94.50735559335189,24.73032409429267,0
6492,Retailer 6492,555-3288013,"69 St, City 91",49,77.81272908105024,11.049788903753823,0
6493,Retailer 6493,555-9262236,"969 St, City 92",49,135.39480783051454,9.077124427048421,0
6494,Retailer 6494,555-3348818,"805 St, City 93",53,78.89016154266218,55.5932846251277,0
6495,Retailer 6495,555-4415398,"230 St, City 94",50,86.72481119537028,37.9057667463021,0
6496,Retailer 6496,555-5822455,"723 St, City 95",47,99.85587970981207,32.84564947412923,0
6497,Retailer 6497,555-4344849,"72 St, City 96",53,102.85753105228322,8.986057441622043,0
6498,Retailer 6498,555-9724118,"875 St, City 97",43,68.60239298264074,104.99501188364084,0
6499,Retailer 6499,555-4201824,"608 St, City 98",50,116.41871499221541,2.5442947805154272,0
6500,Retailer 6500,555-6051921,"397 St, City 99",54,113.30027814656029,54.65168461204816,0
6501,Retailer 6501,555-9438856,"84 St, City 0",50,143.823890351084,7.10131288615082,0
6502,Retailer 6502,555-6448608,"740 St, City 1",53,105.80864181728074,14.940389786685035,0
6503,Retailer 6503,555-5065183,"299 St, City 2",54,98.05815520597764,16.75216636579993,0
6504,Retailer 6504,555-1240346,"748 St, City 3",49,81.52951489352735,32.60358735350718,0
6505,Retailer 6505,555-5236258,"293 St, City 4",48,74.5442560170575,23.733542830774148,0
6506,Retailer 6506,555-2796641,"734 St, City 5",54,96.30876168559404,6.176942771320433,0
6507,Retailer 6507,555-9651347,"970 St, City 6",63,73.6794987856927,0.9142861246659493,0
6508,Retailer 6508,555-6807811,"223 St, City 7",58,116.44344308561304,37.891879448331935,0
6509,Retailer 6509,555-8594825,"793 St, City 8",59,91.44094397104462,21.091257247061066,0
6510,Retailer 6510,555-3421961,"733 St, City 9",49,124.5792863304645,13.472441559611338,0
6511,Retailer 6511,555-1268116,"216 St, City 10",53,105.83113615343942,10.04485792934708,0
6512,Retailer 6512,555-4423754,"231 St, City 11",55,106.609021224209,51.955678654721424,0
6513,Retailer 6513,555-2770330,"405 St, City 12",58,80.42857303505464,47.62020635049668,0
6514,Retailer 6514,555-5658575,"169 St, City 13",66,112.94506930632255,52.4696769484224,0
6515,Retailer 6515,555-4824857,"329 St, City 14",46,108.7118642794171,7.41943543909644,0
6516,Retailer 6516,555-9753373,"426 St, City 15",47,61.36327319859545,57.30816614674553,0
6517,Retailer 6517,555-1012879,"554 St, City 16",54,125.5808844018201,127.09104581987803,0
6518,Retailer 6518,555-9946694,"770 St, City 17",65,117.49527111644078,27.42524081008117,0
6519,Retailer 6519,555-5895737,"196 St, City 18",52,84.14055554548781,1.4495961078235522,0
6520,Retailer 6520,555-6580815,"904 St, City 19",42,118.73903200245198,36.346580672924674,0
6521,Retailer 6521,555-4999143,"608 St, City 20",46,91.62104805947162,23.172652678496057,0
6522,Retailer 6522,555-5682251,"829 St, City 21",52,87.06558974911903,37.34877226991398,0
6523,Retailer 6523,555-7949666,"526 St, City 22",54,107.02572161383436,6.256346459333686,0
6524,Retailer 6524,555-9548080,"625 St, City 23",41,119.74351573241053,27.926817398367767,0
6525,Retailer 6525,555-3091028,"77 St, City 24",48,130.53990351993144,23.24336684288982,0
6526,Retailer 6526,555-3895537,"277 St, City 25",54,135.13858308961636,27.676112990167773,0
6527,Retailer 6527,555-3727850,"920 St, City 26",53,68.19104271819941,39.03075852240136,0
6528,Retailer 6528,555-4300335,"946 St, City 27",45,64.98045130552885,23.572138881065175,0
6529,Retailer 6529,555-2779472,"466 St, City 28",47,91.40805651804091,11.64985353859739,0
6530,Retailer 6530,555-4613983,"941 St, City 29",37,81.94856053780339,11.088629083878478,0
6531,Retailer 6531,555-6495592,"448 St, City 30",52,149.39572296413996,35.62856393093982,0
6532,Retailer 6532,555-7110341,"320 St, City 31",54,105.60601055618307,32.70610846867979,0
6533,Retailer 6533,555-4149783,"922 St, City 32",46,95.79345268522961,16.445582706516362,0
6534,Retailer 6534,555-8334291,"160 St, City 33",57,89.1574426656781,13.087273538415003,0
6535,Retailer 6535,555-3326168,"492 St, City 34",50,103.97557973854109,29.037614646030036,0
6536,Retailer 6536,555-7951740,"313 St, City 35",48,57.63854882090145,11.226001826432034,0
6537,Retailer 6537,555-5141314,"631 St, City 36",56,118.03842082833404,99.12041649971925,0
6538,Retailer 6538,555-5286419,"949 St, City 37",46,128.01609512223786,27.225544286277177,0
6539,Retailer 6539,555-5010086,"161 St, City 38",50,65.71253969234297,26.890424832000065,0
6540,Retailer 6540,555-1482870,"308 St, City 39",53,111.65240229120464,4.3970527752192945,0
6541,Retailer 6541,555-6313280,"863 St, City 40",40,108.9501027496849,28.221186221448793,0
6542,Retailer 6542,555-8963845,"146 St, City 41",43,110.63676494723205,10.4835383351914,0
6543,Retailer 6543,555-6991342,"675 St, City 42",46,110.41695647496005,18.03506247825759,0
6544,Retailer 6544,555-7433230,"396 St, City 43",56,78.7548608469578,23.178661843186532,0
6545,Retailer 6545,555-8184620,"691 St, City 44",36,97.2424471843811,19.49984968744993,0
6546,Retailer 6546,555-5209689,"89 St, City 45",41,117.41295002269595,49.726286409014335,0
6547,Retailer 6547,555-9135800,"735 St, City 46",37,66.22033801119538,3.1429317658832443,0
6548,Retailer 6548,555-5152109,"778 St, City 47",53,102.2507764147114,5.493495709034981,0
6549,Retailer 6549,555-3605822,"751 St, City 48",49,111.41703499365127,5.123294677229393,0
6550,Retailer 6550,555-1117369,"308 St, City 49",54,92.80763481504268,50.92077012830336,0
6551,Retailer 6551,555-7380858,"546 St, City 50",50,109.47438298361867,3.7745263284987915,0
6552,Retailer 6552,555-3350876,"371 St, City 51",59,100.7985885225926,106.67499844424452,0
6553,Retailer 6553,555-8031401,"451 St, City 52",52,95.65664591661674,104.37342870159776,0
6554,Retailer 6554,555-9169183,"167 St, City 53",65,91.44531376928941,144.1692767770609,0
6555,Retailer 6555,555-4619047,"392 St, City 54",42,125.49859223820334,116.89801667154927,0
6556,Retailer 6556,555-3867695,"637 St, City 55",40,97.64698076660238,4.840990001083081,0
6557,Retailer 6557,555-6347006,"736 St, City 56",50,82.88317061599071,32.137270375341274,0
6558,Retailer 6558,555-2650522,"491 St, City 57",45,74.69347983876122,15.30928998805293,0
6559,Retailer 6559,555-6408792,"925 St, City 58",39,69.76217028923892,39.48327268563265,0
6560,Retailer 6560,555-6242042,"150 St, City 59",53,70.98329308455797,15.622134635205192,0
6561,Retailer 6561,555-7060319,"468 St, City 60",50,90.87331230967321,14.498192363297546,0
6562,Retailer 6562,555-8971153,"966 St, City 61",47,97.41062757966458,70.2869429721301,0
6563,Retailer 6563,555-1907153,"701 St, City 62",48,93.80931617147675,20.4689896401965,0
6564,Retailer 6564,555-3714660,"43 St, City 63",53,83.29798110008764,40.38432141389838,0
6565,Retailer 6565,555-6824648,"945 St, City 64",61,89.10285006264638,31.487563013016697,0
6566,Retailer 6566,555-2923298,"29 St, City 65",49,113.41434416959258,32.16277433013109,0
6567,Retailer 6567,555-4625279,"874 St, City 66",52,120.55203424743021,12.882790418580617,0
6568,Retailer 6568,555-9910005,"632 St, City 67",64,133.97412936413298,8.728556025636005,0
6569,Retailer 6569,555-1792425,"849 St, City 68",60,100.79597686544297,64.9974783941561,0
6570,Retailer 6570,555-4110997,"31 St, City 69",58,126.39164077369628,0.7469175555192569,0
6571,Retailer 6571,555-6336530,"693 St, City 70",55,102.94846863580476,5.695818252709442,0
6572,Retailer 6572,555-2566772,"674 St, City 71",47,128.7578027939408,4.274128024023167,0
6573,Retailer 6573,555-4001179,"128 St, City 72",49,111.76535379352856,89.50647745959924,0
6574,Retailer 6574,555-1052066,"767 St, City 73",58,100.88002568988422,0.15117142389844265,0
6575,Retailer 6575,555-3471146,"294 St, City 74",64,60.19508451420976,0.2416395538037933,0
6576,Retailer 6576,555-6259018,"441 St, City 75",52,97.02378584614915,7.71374172992993,0
6577,Retailer 6577,555-7410014,"869 St, City 76",47,83.78524897278706,9.817123125109763,0
6578,Retailer 6578,555-9647088,"388 St, City 77",55,92.6755178451146,24.617463363422527,0
6579,Retailer 6579,555-7729199,"766 St, City 78",49,125.08551736293063,97.5026955344097,0
6580,Retailer 6580,555-6514214,"642 St, City 79",35,108.49545897090752,18.76703910538163,0
6581,Retailer 6581,555-9218723,"524 St, City 80",43,120.08586535417786,10.223183435678072,0
6582,Retailer 6582,555-5183005,"547 St, City 81",48,111.44114538220302,50.948125713622694,0
6583,Retailer 6583,555-9051090,"710 St, City 82",42,80.72962027571145,14.622166909096808,0
6584,Retailer 6584,555-5171364,"760 St, City 83",46,138.59446494507316,4.585685183065118,0
6585,Retailer 6585,555-7417060,"110 St, City 84",44,96.55553499879002,47.48084325660321,0
6586,Retailer 6586,555-6362204,"328 St, City 85",47,120.78651863700924,0.07251923789388623,0
6587,Retailer 6587,555-3573937,"405 St, City 86",46,132.6048727765559,6.886729084982512,0
6588,Retailer 6588,555-5197739,"245 St, City 87",51,72.79391305339998,30.246682305830074,0
6589,Retailer 6589,555-4305742,"762 St, City 88",44,98.15768053373617,3.243007871426025,0
6590,Retailer 6590,555-8006451,"878 St, City 89",43,113.95934159312351,8.864099752739913,0
6591,Retailer 6591,555-2470851,"829 St, City 90",42,94.39940387530821,14.991840619500858,0
6592,Retailer 6592,555-1712917,"163 St, City 91",49,154.743714678282,15.146234054911,0
6593,Retailer 6593,555-3936598,"560 St, City 92",55,105.34413102381689,108.13942996886976,0
6594,Retailer 6594,555-8766074,"399 St, City 93",49,112.38884447161774,33.76831721775747,0
6595,Retailer 6595,555-5486745,"583 St, City 94",208,17.455371140043844,1.1317232712502756,1
6596,Retailer 6596,555-7859634,"399 St, City 95",49,72.39049292394543,7.50581816765267,0
6597,Retailer 6597,555-7574922,"493 St, City 96",55,91.18806583485447,28.74707573694582,0
6598,Retailer 6598,555-3700993,"646 St, City 97",57,80.8246346804195,37.492422581876,0
6599,Retailer 6599,555-5007324,"239 St, City 98",58,108.64668419911852,14.36993873132546,0
6600,Retailer 6600,555-4515530,"465 St, City 99",49,132.7303907322853,58.25760161938758,0
6601,Retailer 6601,555-9203492,"580 St, City 0",50,79.07761390892927,86.16722829285136,0
6602,Retailer 6602,555-1641462,"790 St, City 1",53,71.78070565381,28.56238055592521,0
6603,Retailer 6603,555-7437885,"32 St, City 2",42,103.58833311564827,24.792791701281086,0
6604,Retailer 6604,555-3327089,"123 St, City 3",44,127.18987404377465,41.68564124055567,0
6605,Retailer 6605,555-1544653,"534 St, City 4",46,84.22549693243492,45.70383298398161,0
6606,Retailer 6606,555-6506761,"667 St, City 5",52,79.71823004101586,7.278774429991099,0
6607,Retailer 6607,555-1393186,"110 St, City 6",44,131.65591025841937,19.824457061809486,0
6608,Retailer 6608,555-6972872,"271 St, City 7",53,96.13192019786221,17.795399149946036,0
6609,Retailer 6609,555-4755490,"380 St, City 8",60,112.70140795116397,85.1448288507816,0
6610,Retailer 6610,555-8071422,"300 St, City 9",41,127.62302409679434,3.5555997124115226,0
6611,Retailer 6611,555-4304299,"627 St, City 10",44,110.3469384907579,86.18976404465687,0
6612,Retailer 6612,555-5959691,"982 St, City 11",45,100.69192270501117,25.500665226951938,0
6613,Retailer 6613,555-7532930,"732 St, City 12",51,80.62409021399492,10.192551858761561,0
6614,Retailer 6614,555-2750093,"742 St, City 13",50,89.36817363702392,61.05549804005348,0
6615,Retailer 6615,555-7216631,"764 St, City 14",50,106.9986655229348,1.5522192539330102,0
6616,Retailer 6616,555-2220682,"249 St, City 15",38,124.87129302787764,11.52315426531857,0
6617,Retailer 6617,555-6243174,"521 St, City 16",54,90.41677203157879,41.89477931737747,0
6618,Retailer 6618,555-6005332,"34 St, City 17",44,88.18972714155863,52.75410569444014,0
6619,Retailer 6619,555-3895018,"228 St, City 18",48,109.68735521617694,5.499585575926169,0
6620,Retailer 6620,555-7820399,"585 St, City 19",62,84.73016077916702,85.30032750059091,0
6621,Retailer 6621,555-1607317,"399 St, City 20",63,108.80538612004833,1.6565828814329553,0
6622,Retailer 6622,555-6551252,"958 St, City 21",48,82.8772870077037,17.05125170235165,0
6623,Retailer 6623,555-6579123,"813 St, City 22",45,105.20020853621007,3.0758503815995035,0
6624,Retailer 6624,555-2693675,"724 St, City 23",46,93.60268030423966,3.0841717835213585,0
6625,Retailer 6625,555-1974303,"584 St, City 24",49,102.27931009195842,73.56689643507067,0
6626,Retailer 6626,555-6211276,"570 St, City 25",46,116.12066885259678,70.29129067764805,0
6627,Retailer 6627,555-9709188,"220 St, City 26",54,98.09875332170986,28.65549654415536,0
6628,Retailer 6628,555-4253507,"371 St, City 27",51,108.08550722071574,101.6976867619897,0
6629,Retailer 6629,555-3876237,"787 St, City 28",42,86.16000923115126,20.26235849733393,0
6630,Retailer 6630,555-4631047,"761 St, City 29",45,89.04659396902731,45.81576875413067,0
6631,Retailer 6631,555-5973064,"528 St, City 30",55,78.07174777003078,3.0699324513244335,0
6632,Retailer 6632,555-7848120,"75 St, City 31",51,98.75072944662422,15.106439643350633,0
6633,Retailer 6633,555-1480674,"618 St, City 32",51,105.85281758799562,21.713878213173576,0
6634,Retailer 6634,555-6320804,"136 St, City 33",52,107.72366689518618,45.17255722450264,0
6635,Retailer 6635,555-5747924,"929 St, City 34",45,133.9376213170649,12.215660647069955,0
6636,Retailer 6636,555-7684601,"74 St, City 35",45,109.51920261838268,117.86949606984038,0
6637,Retailer 6637,555-8911057,"254 St, City 36",51,91.3505856490823,39.82153164491317,0
6638,Retailer 6638,555-9781664,"18 St, City 37",49,146.53302990956627,22.84071913301679,0
6639,Retailer 6639,555-4612914,"931 St, City 38",45,84.27544667059276,12.048597207227116,0
6640,Retailer 6640,555-9571632,"43 St, City 39",41,104.0024956738013,30.82074642453494,0
6641,Retailer 6641,555-3157098,"50 St, City 40",46,122.22316919592933,33.539637011124945,0
6642,Retailer 6642,555-1944353,"515 St, City 41",72,111.15655772541652,34.10644068110744,0
6643,Retailer 6643,555-6868555,"744 St, City 42",48,58.243078749956325,26.47112014615898,0
6644,Retailer 6644,555-2721742,"731 St, City 43",53,113.55122218868583,15.348988097492605,0
6645,Retailer 6645,555-4295453,"571 St, City 44",49,89.01791844439914,50.89159483439991,0
6646,Retailer 6646,555-6870747,"796 St, City 45",57,84.7725522876471,8.963256472467672,0
6647,Retailer 6647,555-9229840,"814 St, City 46",48,66.40843706221457,29.455830500052652,0
6648,Retailer 6648,555-1304543,"576 St, City 47",57,103.09598765283499,19.141127443126766,0
6649,Retailer 6649,555-4112261,"582 St, City 48",57,90.9475120604162,67.0023296374412,0
6650,Retailer 6650,555-2456498,"303 St, City 49",44,106.83241632414068,26.788572898780064,0
6651,Retailer 6651,555-5713297,"142 St, City 50",56,82.44295171335762,58.069778925256514,0
6652,Retailer 6652,555-7423841,"903 St, City 51",47,171.4860172249857,91.93083829214999,0
6653,Retailer 6653,555-3238154,"202 St, City 52",50,91.84781339220342,4.075420957570372,0
6654,Retailer 6654,555-9391893,"207 St, City 53",54,123.21597964039866,24.303406701151765,0
6655,Retailer 6655,555-3657303,"415 St, City 54",41,122.82404376353017,64.61869133845764,0
6656,Retailer 6656,555-6390656,"221 St, City 55",52,119.4860631871736,61.68902854568302,0
6657,Retailer 6657,555-9324458,"362 St, City 56",60,82.84804999421759,6.541296856847336,0
6658,Retailer 6658,555-7663143,"758 St, City 57",40,138.39816650914412,19.696762933575116,0
6659,Retailer 6659,555-1665979,"81 St, City 58",49,105.61215234687002,7.573174736803284,0
6660,Retailer 6660,555-6446342,"763 St, City 59",29,107.95909580661643,68.1377300759609,0
6661,Retailer 6661,555-1784278,"563 St, City 60",51,98.41387648671791,0.09703705723520015,0
6662,Retailer 6662,555-9896161,"285 St, City 61",60,100.1339844214964,7.392364407602855,0
6663,Retailer 6663,555-8806421,"369 St, City 62",56,100.98095431367243,15.779902827329726,0
6664,Retailer 6664,555-5084457,"492 St, City 63",50,69.25375011297771,7.497587571841147,0
6665,Retailer 6665,555-3470562,"911 St, City 64",51,105.15491057107789,109.01052452991163,0
6666,Retailer 6666,555-8104627,"896 St, City 65",49,115.988403958488,8.392472439962408,0
6667,Retailer 6667,555-4798057,"346 St, City 66",51,88.56020671573927,13.497322512178703,0
6668,Retailer 6668,555-4198747,"204 St, City 67",42,97.92155889864554,5.73741748509129,0
6669,Retailer 6669,555-6476049,"25 St, City 68",50,65.95849115445246,78.38332237523886,0
6670,Retailer 6670,555-2902871,"957 St, City 69",39,122.18837024338842,15.893959747014204,0
6671,Retailer 6671,555-2811049,"553 St, City 70",39,131.18331288241149,9.108167084173854,0
6672,Retailer 6672,555-9734837,"69 St, City 71",54,104.37439582107584,8.475618752331723,0
6673,Retailer 6673,555-5757812,"516 St, City 72",62,107.05769030340528,26.42886584622833,0
6674,Retailer 6674,555-6758851,"492 St, City 73",54,105.88480212773241,114.02163524274907,0
6675,Retailer 6675,555-9468579,"240 St, City 74",48,114.97351635323759,109.68898564713737,0
6676,Retailer 6676,555-5591901,"361 St, City 75",51,105.0222054012342,119.99411331067338,0
6677,Retailer 6677,555-3849095,"441 St, City 76",57,120.46789327936014,14.664252156303391,0
6678,Retailer 6678,555-7779617,"31 St, City 77",44,113.74272660489369,73.74882271827224,0
6679,Retailer 6679,555-1846462,"899 St, City 78",216,18.051027629200092,17.630688820975507,1
6680,Retailer 6680,555-1723879,"629 St, City 79",57,107.67908955278808,21.435231676813437,0
6681,Retailer 6681,555-4332006,"707 St, City 80",58,114.34081277015261,22.012825379144836,0
6682,Retailer 6682,555-2619814,"602 St, City 81",40,84.708803622588,1.9711174403937979,0
6683,Retailer 6683,555-2444315,"690 St, City 82",66,61.73796675467789,5.846444988789978,0
6684,Retailer 6684,555-2502718,"657 St, City 83",54,98.39542583252229,65.17141555751404,0
6685,Retailer 6685,555-3828340,"956 St, City 84",57,137.1942473473413,68.00393529632173,0
6686,Retailer 6686,555-2194737,"714 St, City 85",54,113.25892585497073,6.7691547530953455,0
6687,Retailer 6687,555-7696579,"322 St, City 86",50,114.7324585432701,10.81350342624913,0
6688,Retailer 6688,555-1398825,"344 St, City 87",54,79.85054688765995,53.125016423910814,0
6689,Retailer 6689,555-2885190,"715 St, City 88",47,108.96674023219094,6.851018835607023,0
6690,Retailer 6690,555-5695781,"536 St, City 89",46,78.12137763469097,63.81477363633464,0
6691,Retailer 6691,555-6091995,"355 St, City 90",52,99.67629024042189,51.98056529138285,0
6692,Retailer 6692,555-1230596,"471 St, City 91",62,94.7564425121307,49.4376019389302,0
6693,Retailer 6693,555-5993899,"928 St, City 92",63,109.30214157231738,66.69820978367855,0
6694,Retailer 6694,555-5122990,"983 St, City 93",58,100.65587479017309,65.38998311611923,0
6695,Retailer 6695,555-7497127,"994 St, City 94",55,117.87843148244043,74.7426805459312,0
6696,Retailer 6696,555-1294358,"105 St, City 95",56,120.59067272062633,63.49367862036623,0
6697,Retailer 6697,555-8594902,"787 St, City 96",55,124.57182853958699,28.012440475735428,0
6698,Retailer 6698,555-8833276,"322 St, City 97",42,160.43105936401363,5.149467275094213,0
6699,Retailer 6699,555-3873798,"572 St, City 98",47,84.863726391183,28.182219408060142,0
6700,Retailer 6700,555-5721005,"883 St, City 99",51,91.86619968360704,85.52904836112337,0
6701,Retailer 6701,555-5970345,"962 St, City 0",47,92.37948679826225,102.9574339740623,0
6702,Retailer 6702,555-2247752,"527 St, City 1",56,61.242498919740804,39.109768403669435,0
6703,Retailer 6703,555-5695154,"504 St, City 2",50,105.65614303525744,35.508981690901386,0
6704,Retailer 6704,555-6357777,"85 St, City 3",43,98.0677690415179,83.62987185470956,0
6705,Retailer 6705,555-6301288,"931 St, City 4",53,123.07908366321824,10.328726307380087,0
6706,Retailer 6706,555-1116908,"709 St, City 5",49,118.276245092059,4.910229914879905,0
6707,Retailer 6707,555-3343145,"235 St, City 6",40,108.93545649696502,10.274740812820626,0
6708,Retailer 6708,555-6846899,"923 St, City 7",55,105.42295903699724,89.24762757499394,0
6709,Retailer 6709,555-7796877,"856 St, City 8",45,88.80954434969091,7.159427595712632,0
6710,Retailer 6710,555-1851563,"263 St, City 9",49,103.9416814379913,7.636623796234357,0
6711,Retailer 6711,555-6360678,"6 St, City 10",42,107.64283307667054,6.431056114182075,0
6712,Retailer 6712,555-9626510,"494 St, City 11",56,99.46971636228336,19.895984129414956,0
6713,Retailer 6713,555-7612303,"893 St, City 12",41,99.61130284987475,47.74623690610911,0
6714,Retailer 6714,555-9127678,"289 St, City 13",49,102.83576258833068,14.430827378143016,0
6715,Retailer 6715,555-9212803,"570 St, City 14",55,104.21682567425391,3.1648484936155143,0
6716,Retailer 6716,555-9871058,"945 St, City 15",62,118.0171146326104,40.43554044267504,0
6717,Retailer 6717,555-6310074,"657 St, City 16",45,47.67341349264502,28.23512959833692,0
6718,Retailer 6718,555-2519598,"878 St, City 17",47,105.60322029519091,19.568795443044095,0
6719,Retailer 6719,555-3659232,"554 St, City 18",193,8.486731873724834,99.80944989582017,1
6720,Retailer 6720,555-1045807,"350 St, City 19",206,-0.9656492279434108,19.070379883967036,1
6721,Retailer 6721,555-2435986,"200 St, City 20",36,97.96579390876104,39.56233638856176,0
6722,Retailer 6722,555-1660501,"936 St, City 21",43,58.09269118318053,5.177087449947117,0
6723,Retailer 6723,555-2558274,"686 St, City 22",54,63.65982170169964,16.163165544266324,0
6724,Retailer 6724,555-5732369,"967 St, City 23",47,58.396318053861805,7.157887201526714,0
6725,Retailer 6725,555-3938287,"966 St, City 24",53,120.29152269825039,12.837729456126327,0
6726,Retailer 6726,555-4764993,"964 St, City 25",44,71.24848061025716,19.60146388196995,0
6727,Retailer 6727,555-1309963,"897 St, City 26",47,126.39601869360996,5.752861745763962,0
6728,Retailer 6728,555-5091701,"335 St, City 27",44,92.57739512926392,48.74344868680945,0
6729,Retailer 6729,555-2183493,"607 St, City 28",50,95.72330770455666,14.148678591479134,0
6730,Retailer 6730,555-5741882,"217 St, City 29",57,134.86759638923473,68.0708183949729,0
6731,Retailer 6731,555-5618219,"623 St, City 30",61,105.63700198142729,33.68622514901339,0
6732,Retailer 6732,555-7466780,"353 St, City 31",34,72.70015963841166,5.829611052512257,0
6733,Retailer 6733,555-2551726,"692 St, City 32",50,102.42297390314022,30.814269767255645,0
6734,Retailer 6734,555-5391649,"675 St, City 33",38,119.19661163591185,0.7056636976900456,0
6735,Retailer 6735,555-3900203,"631 St, City 34",55,89.33956061145702,49.41059235299263,0
6736,Retailer 6736,555-2650870,"325 St, City 35",52,136.46139159685424,109.7496529771968,0
6737,Retailer 6737,555-8062215,"901 St, City 36",48,75.02489092954252,33.973525530176865,0
6738,Retailer 6738,555-8559012,"228 St, City 37",47,57.838546315419286,78.31160299953034,0
6739,Retailer 6739,555-4620597,"145 St, City 38",69,134.860526283585,10.478176344421277,0
6740,Retailer 6740,555-6519803,"949 St, City 39",57,83.00541823351085,16.528018168088128,0
6741,Retailer 6741,555-6687136,"308 St, City 40",49,80.51392342401445,16.580559037246655,0
6742,Retailer 6742,555-8789573,"654 St, City 41",41,89.96507164800158,3.564501699399589,0
6743,Retailer 6743,555-1667538,"634 St, City 42",35,80.53454516766585,47.75429176753705,0
6744,Retailer 6744,555-5607455,"285 St, City 43",58,117.985301137601,20.499854006166558,0
6745,Retailer 6745,555-3013338,"392 St, City 44",43,90.70276036412217,20.22551573903666,0
6746,Retailer 6746,555-5872691,"738 St, City 45",50,76.20857581340925,33.12099771250455,0
6747,Retailer 6747,555-3062624,"360 St, City 46",61,94.52408965021354,5.625592998952871,0
6748,Retailer 6748,555-5261663,"769 St, City 47",41,81.86711873467823,49.84659451157355,0
6749,Retailer 6749,555-3300612,"797 St, City 48",38,99.20749762524989,13.665118963918301,0
6750,Retailer 6750,555-5010768,"932 St, City 49",61,80.91236834041513,2.489742046680761,0
6751,Retailer 6751,555-2325831,"947 St, City 50",60,96.10557204606111,6.333678653636263,0
6752,Retailer 6752,555-8503416,"165 St, City 51",43,96.59156232112248,8.744778019832214,0
6753,Retailer 6753,555-2881397,"733 St, City 52",47,137.29981087753475,5.8784543523722474,0
6754,Retailer 6754,555-4911251,"581 St, City 53",52,123.56000673870275,8.32109952183187,0
6755,Retailer 6755,555-4546434,"821 St, City 54",52,103.45440581800688,164.55336033081358,0
6756,Retailer 6756,555-1762557,"224 St, City 55",60,93.89086621835199,23.147977221184373,0
6757,Retailer 6757,555-6267382,"124 St, City 56",57,93.6321465542193,27.709009431043672,0
6758,Retailer 6758,555-9167575,"948 St, City 57",59,102.5671467936185,5.446617364105004,0
6759,Retailer 6759,555-3719713,"344 St, City 58",52,83.21071793964916,1.3505692532935158,0
6760,Retailer 6760,555-9971541,"851 St, City 59",49,92.48554546152516,11.147160285223684,0
6761,Retailer 6761,555-8188106,"524 St, City 60",38,94.99797157512438,44.06617112300521,0
6762,Retailer 6762,555-1321199,"52 St, City 61",49,99.58354351746829,24.54647384661949,0
6763,Retailer 6763,555-6362695,"129 St, City 62",63,103.17074415270176,0.3252534908429884,0
6764,Retailer 6764,555-4829994,"135 St, City 63",58,114.54303999221601,46.64413802238819,0
6765,Retailer 6765,555-3429488,"657 St, City 64",54,118.45472668435123,3.294433885064014,0
6766,Retailer 6766,555-8392053,"127 St, City 65",50,110.85977936765993,17.41496774563985,0
6767,Retailer 6767,555-1029092,"738 St, City 66",42,134.88613064631522,226.48524511475065,0
6768,Retailer 6768,555-6113050,"939 St, City 67",33,113.15350555000722,3.8816391055056756,0
6769,Retailer 6769,555-8709019,"71 St, City 68",56,98.89520105931025,50.62626077063139,0
6770,Retailer 6770,555-1657191,"273 St, City 69",51,98.35083718493588,48.164578195274494,0
6771,Retailer 6771,555-1883435,"187 St, City 70",51,118.2113561591099,17.66583028999218,0
6772,Retailer 6772,555-5081534,"3 St, City 71",61,95.0912368095525,133.3558688468952,0
6773,Retailer 6773,555-9260768,"285 St, City 72",54,108.13644368755783,11.043706730298368,0
6774,Retailer 6774,555-4509934,"22 St, City 73",71,110.11300443561568,11.384370453694345,0
6775,Retailer 6775,555-8988597,"166 St, City 74",45,50.57995671981524,4.960203767741943,0
6776,Retailer 6776,555-1207580,"310 St, City 75",55,70.1448308124919,13.849370612274772,0
6777,Retailer 6777,555-1769032,"875 St, City 76",52,117.45770330637768,10.54695309217695,0
6778,Retailer 6778,555-4772380,"477 St, City 77",47,108.92133928857693,27.82730632456061,0
6779,Retailer 6779,555-9865465,"498 St, City 78",45,44.80647174938947,1.2475662842775592,0
6780,Retailer 6780,555-9399625,"434 St, City 79",57,45.790403279740836,11.143156693709205,0
6781,Retailer 6781,555-7065925,"758 St, City 80",42,129.0509584610316,0.14153140672492787,0
6782,Retailer 6782,555-4931895,"234 St, City 81",58,112.97759394959948,0.1899087585521479,0
6783,Retailer 6783,555-4100786,"837 St, City 82",48,127.58468913158656,51.49393067792959,0
6784,Retailer 6784,555-8285880,"670 St, City 83",51,80.66276293010534,41.56674601263825,0
6785,Retailer 6785,555-3651788,"663 St, City 84",43,87.74630035574837,40.89384115750863,0
6786,Retailer 6786,555-1209720,"725 St, City 85",47,136.39894031726922,13.091721041318783,0
6787,Retailer 6787,555-3218222,"376 St, City 86",54,108.24545257594426,36.04363135086101,0
6788,Retailer 6788,555-4990919,"730 St, City 87",45,101.68551543404033,8.893024928772567,0
6789,Retailer 6789,555-9302089,"246 St, City 88",37,96.79908301948292,11.105891417916807,0
6790,Retailer 6790,555-4015624,"303 St, City 89",58,65.44031359993056,24.799286588507467,0
6791,Retailer 6791,555-7553968,"405 St, City 90",49,122.60957385601962,36.08133625856532,0
6792,Retailer 6792,555-8900171,"788 St, City 91",48,60.469124200590606,9.266226038024943,0
6793,Retailer 6793,555-2695625,"663 St, City 92",61,113.13229902319189,34.11601335522439,0
6794,Retailer 6794,555-9283032,"708 St, City 93",46,101.66374660715637,98.49693123272671,0
6795,Retailer 6795,555-8016611,"917 St, City 94",43,105.9226949686557,20.42684976892485,0
6796,Retailer 6796,555-4837478,"21 St, City 95",65,88.20778859814594,15.682251638171119,0
6797,Retailer 6797,555-5024537,"257 St, City 96",64,129.19466525344416,7.938477506456582,0
6798,Retailer 6798,555-3780877,"399 St, City 97",41,88.43191599376698,13.208624433040123,0
6799,Retailer 6799,555-4031863,"529 St, City 98",50,99.54150693396238,22.575484996496588,0
6800,Retailer 6800,555-2150311,"51 St, City 99",56,100.26960604179072,86.52974284030353,0
6801,Retailer 6801,555-2595776,"447 St, City 0",48,93.36698718312351,9.063682424728762,0
6802,Retailer 6802,555-4117173,"270 St, City 1",55,108.13183662482,7.898007700806305,0
6803,Retailer 6803,555-9051964,"827 St, City 2",47,114.4356215921338,97.0089563862555,0
6804,Retailer 6804,555-5825885,"595 St, City 3",38,97.80006990985005,27.930248587918996,0
6805,Retailer 6805,555-4244811,"818 St, City 4",59,112.56745742124636,39.87135235942108,0
6806,Retailer 6806,555-6880823,"636 St, City 5",46,112.84416247625705,53.10505851434908,0
6807,Retailer 6807,555-4033932,"802 St, City 6",41,107.9496559336204,2.5598848596478305,0
6808,Retailer 6808,555-1621747,"262 St, City 7",50,130.14878262692523,19.896777908287035,0
6809,Retailer 6809,555-2281258,"365 St, City 8",43,132.3556126099268,4.528251245684494,0
6810,Retailer 6810,555-5623190,"49 St, City 9",56,92.03476464902519,29.370033646591203,0
6811,Retailer 6811,555-5423475,"518 St, City 10",52,93.99980957855398,92.19918335064153,0
6812,Retailer 6812,555-5361862,"629 St, City 11",51,113.86009790276461,1.7369309957894927,0
6813,Retailer 6813,555-1983061,"118 St, City 12",51,98.71613278183935,9.610484173143497,0
6814,Retailer 6814,555-1296412,"453 St, City 13",42,106.21106586435667,241.55991254128847,0
6815,Retailer 6815,555-2594362,"775 St, City 14",56,76.56076935101423,0.16507817664003663,0
6816,Retailer 6816,555-7318653,"865 St, City 15",48,94.55204923029233,4.509199558763654,0
6817,Retailer 6817,555-7400231,"973 St, City 16",58,101.65830687751782,2.5266094613224146,0
6818,Retailer 6818,555-9151496,"947 St, City 17",47,81.71998418870525,43.32575233989301,0
6819,Retailer 6819,555-6040360,"886 St, City 18",61,66.95078359367295,41.700560033815826,0
6820,Retailer 6820,555-8156065,"641 St, City 19",58,125.51886937057904,45.096283172589,0
6821,Retailer 6821,555-8451062,"397 St, City 20",51,69.14146987812092,44.7304920050602,0
6822,Retailer 6822,555-9705398,"683 St, City 21",44,131.23361026761856,54.09437181901109,0
6823,Retailer 6823,555-4547480,"27 St, City 22",45,122.59711563976651,44.46819563492151,0
6824,Retailer 6824,555-4787415,"711 St, City 23",48,106.17559979484601,19.82309713639544,0
6825,Retailer 6825,555-9434320,"372 St, City 24",38,109.02713839509968,41.051794090236925,0
6826,Retailer 6826,555-5528268,"899 St, City 25",50,114.93840417456488,27.310489412273867,0
6827,Retailer 6827,555-3222494,"826 St, City 26",44,91.67081571720048,13.695927411118634,0
6828,Retailer 6828,555-1487707,"857 St, City 27",46,92.56547045334835,54.341967334554106,0
6829,Retailer 6829,555-1092091,"97 St, City 28",43,96.13167187581637,46.54068623394517,0
6830,Retailer 6830,555-6590938,"529 St, City 29",39,106.90691978385743,5.71635077205813,0
6831,Retailer 6831,555-1893150,"685 St, City 30",50,86.63802846785629,0.7419535485404137,0
6832,Retailer 6832,555-7506016,"974 St, City 31",59,89.84782345052339,11.392817433273459,0
6833,Retailer 6833,555-9924435,"613 St, City 32",58,140.04931056597786,15.513737469118526,0
6834,Retailer 6834,555-9042153,"186 St, City 33",70,106.21204114954877,5.747804378405235,0
6835,Retailer 6835,555-6518358,"696 St, City 34",57,76.75334504467615,57.95678287231923,0
6836,Retailer 6836,555-9286151,"950 St, City 35",53,117.13836020985936,1.0247209063041496,0
6837,Retailer 6837,555-4940063,"215 St, City 36",39,94.34686158584563,19.82730769389162,0
6838,Retailer 6838,555-9810351,"251 St, City 37",60,87.93019620708151,1.712270050481937,0
6839,Retailer 6839,555-8224589,"216 St, City 38",47,148.83165054725438,23.07735087614746,0
6840,Retailer 6840,555-2525068,"29 St, City 39",66,101.49169454209007,18.689007897153516,0
6841,Retailer 6841,555-4337013,"102 St, City 40",47,83.94769960665471,45.44459297302435,0
6842,Retailer 6842,555-8716492,"123 St, City 41",42,88.37781410519074,35.10405522116777,0
6843,Retailer 6843,555-3135896,"54 St, City 42",49,102.97091667993527,55.72839535043624,0
6844,Retailer 6844,555-5572530,"283 St, City 43",50,102.83520379828957,23.580680151470702,0
6845,Retailer 6845,555-3416738,"614 St, City 44",47,109.33826914487693,51.852913855519446,0
6846,Retailer 6846,555-7158382,"117 St, City 45",42,65.81716561085892,38.09649088613334,0
6847,Retailer 6847,555-3332127,"616 St, City 46",59,77.6835886555837,45.355846231168194,0
6848,Retailer 6848,555-2926252,"557 St, City 47",35,96.2493452144752,27.53954996834561,0
6849,Retailer 6849,555-3074278,"114 St, City 48",39,89.35094536045959,38.14359422477681,0
6850,Retailer 6850,555-5983926,"855 St, City 49",58,78.4568613597167,15.410639771431686,0
6851,Retailer 6851,555-5334165,"543 St, City 50",46,107.3932031263049,2.6643480906469965,0
6852,Retailer 6852,555-2278343,"676 St, City 51",42,109.12993953545269,16.165714929512273,0
6853,Retailer 6853,555-4032115,"977 St, City 52",44,134.4049945268186,5.713045885254491,0
6854,Retailer 6854,555-1690778,"701 St, City 53",43,114.0928999126227,29.777281255813335,0
6855,Retailer 6855,555-5044064,"293 St, City 54",39,109.61492890059404,9.164888252743989,0
6856,Retailer 6856,555-9566765,"195 St, City 55",44,96.5278560160164,95.20381014189492,0
6857,Retailer 6857,555-7634699,"292 St, City 56",46,154.2920643969926,9.490417246438623,0
6858,Retailer 6858,555-3350959,"887 St, City 57",54,93.30480755041576,3.0986366220517905,0
6859,Retailer 6859,555-6959322,"261 St, City 58",50,93.13764979695748,63.764172990799565,0
6860,Retailer 6860,555-7036207,"942 St, City 59",55,119.37255559689228,16.054129410692898,0
6861,Retailer 6861,555-4343867,"207 St, City 60",41,67.97021743923864,13.191758338796378,0
6862,Retailer 6862,555-7362473,"564 St, City 61",39,98.4099920948921,64.9861778722219,0
6863,Retailer 6863,555-3642800,"49 St, City 62",52,102.03970987563369,31.792255867151823,0
6864,Retailer 6864,555-9181311,"6 St, City 63",41,91.9219272336688,22.78961273947481,0
6865,Retailer 6865,555-2658332,"379 St, City 64",47,120.98279077353267,11.886040939139056,0
6866,Retailer 6866,555-5451441,"394 St, City 65",50,109.86245470107274,10.38028136595527,0
6867,Retailer 6867,555-6018768,"886 St, City 66",49,105.91530968153344,25.990126269430245,0
6868,Retailer 6868,555-1771279,"224 St, City 67",49,101.34324238329826,20.878209949337165,0
6869,Retailer 6869,555-9076818,"23 St, City 68",45,92.83462584098363,9.68903147715384,0
6870,Retailer 6870,555-5074999,"657 St, City 69",47,58.460373089499384,6.101997176970339,0
6871,Retailer 6871,555-1663431,"110 St, City 70",49,110.84713282859316,51.11402623945753,0
6872,Retailer 6872,555-9966309,"724 St, City 71",67,119.18133935458158,34.91823611483678,0
6873,Retailer 6873,555-2588404,"812 St, City 72",43,99.86067669648105,150.1382123997121,0
6874,Retailer 6874,555-9641123,"553 St, City 73",44,70.09808527758359,21.757723601367825,0
6875,Retailer 6875,555-4892825,"399 St, City 74",46,90.10822585125675,155.48504349614475,0
6876,Retailer 6876,555-6353374,"172 St, City 75",44,90.47945995439372,18.531538030590664,0
6877,Retailer 6877,555-3871083,"698 St, City 76",41,90.82011937903619,22.968747951737218,0
6878,Retailer 6878,555-9998331,"726 St, City 77",44,110.01184794150917,7.037779330898739,0
6879,Retailer 6879,555-5738379,"306 St, City 78",45,73.8168553029348,4.858247401647997,0
6880,Retailer 6880,555-9671734,"564 St, City 79",50,96.12793866116343,84.51227006843979,0
6881,Retailer 6881,555-7542224,"582 St, City 80",57,96.81230555205296,119.24199843205987,0
6882,Retailer 6882,555-3644046,"708 St, City 81",51,130.23915043538088,23.79298373910872,0
6883,Retailer 6883,555-7403679,"959 St, City 82",55,107.92511438228213,9.534093662358515,0
6884,Retailer 6884,555-6814104,"954 St, City 83",58,91.19543260477217,90.72569258479689,0
6885,Retailer 6885,555-4763302,"151 St, City 84",36,127.78509337140906,47.799248407659775,0
6886,Retailer 6886,555-1926097,"428 St, City 85",49,75.87209874087479,5.946517994413912,0
6887,Retailer 6887,555-2983438,"621 St, City 86",51,86.56532780626203,10.629218411416527,0
6888,Retailer 6888,555-6193951,"467 St, City 87",52,63.631003248490025,0.1264625303339531,0
6889,Retailer 6889,555-1383609,"630 St, City 88",54,131.63930927072659,26.168392112971716,0
6890,Retailer 6890,555-4105003,"877 St, City 89",48,104.28333769131129,22.42152677136276,0
6891,Retailer 6891,555-2863082,"607 St, City 90",47,95.78648900294655,5.369815078498356,0
6892,Retailer 6892,555-3510963,"768 St, City 91",55,124.78465932217271,12.43486936552667,0
6893,Retailer 6893,555-2753313,"556 St, City 92",45,88.40269623281426,84.01511471899343,0
6894,Retailer 6894,555-3386149,"948 St, City 93",42,91.06104034612311,31.40852369650035,0
6895,Retailer 6895,555-4481591,"67 St, City 94",52,121.86672638671638,59.63314213124189,0
6896,Retailer 6896,555-6766392,"156 St, City 95",50,88.46085725229484,54.66252186921702,0
6897,Retailer 6897,555-3803005,"835 St, City 96",52,90.27875668205154,76.02018003468518,0
6898,Retailer 6898,555-3264719,"206 St, City 97",50,101.33975501290665,1.2728452119444946,0
6899,Retailer 6899,555-6256583,"786 St, City 98",41,106.81344042748836,9.13349064331779,0
6900,Retailer 6900,555-4044221,"155 St, City 99",54,114.72906577919464,16.113704199367294,0
6901,Retailer 6901,555-5126553,"691 St, City 0",36,95.74119518380608,30.65767657880986,0
6902,Retailer 6902,555-6098227,"509 St, City 1",47,66.49632615694571,28.10450379000892,0
6903,Retailer 6903,555-2661342,"572 St, City 2",48,107.07557324612571,8.475111723414566,0
6904,Retailer 6904,555-6645812,"74 St, City 3",51,104.0718355248642,6.425660933443654,0
6905,Retailer 6905,555-6218907,"49 St, City 4",64,103.52659819304156,17.256219354404386,0
6906,Retailer 6906,555-3916933,"783 St, City 5",57,84.88446253583463,8.655246799123738,0
6907,Retailer 6907,555-8710611,"467 St, City 6",63,62.45131443144708,100.66824243770377,0
6908,Retailer 6908,555-9257668,"585 St, City 7",52,99.36459891307891,100.96841154821678,0
6909,Retailer 6909,555-7273672,"708 St, City 8",45,81.04769441828157,3.609240898408367,0
6910,Retailer 6910,555-6573945,"911 St, City 9",58,111.14034612634822,36.632937940115504,0
6911,Retailer 6911,555-5886202,"179 St, City 10",51,114.9701873976592,7.771980792163785,0
6912,Retailer 6912,555-4906997,"48 St, City 11",58,69.19981306363542,37.9150960868907,0
6913,Retailer 6913,555-7466751,"72 St, City 12",39,85.97066798034031,43.715239406305756,0
6914,Retailer 6914,555-1785786,"113 St, City 13",38,134.0938492700633,1.4809675908787283,0
6915,Retailer 6915,555-3427667,"757 St, City 14",61,91.10934461063015,35.65758646704776,0
6916,Retailer 6916,555-6311154,"897 St, City 15",47,103.94315288984359,68.1317171559724,0
6917,Retailer 6917,555-7557734,"903 St, City 16",49,117.57656739076688,7.31196155873018,0
6918,Retailer 6918,555-1563889,"821 St, City 17",55,104.4576820154709,3.6842780987344645,0
6919,Retailer 6919,555-1277834,"159 St, City 18",60,121.79084276039224,25.098372282688683,0
6920,Retailer 6920,555-6506933,"786 St, City 19",54,118.71868191740666,21.860697246053526,0
6921,Retailer 6921,555-6585056,"780 St, City 20",46,126.61190841122608,65.08621534352976,0
6922,Retailer 6922,555-5730654,"816 St, City 21",61,103.4711398315988,17.99439934526753,0
6923,Retailer 6923,555-4894325,"30 St, City 22",44,91.94976012943654,16.01001133711761,0
6924,Retailer 6924,555-6379105,"97 St, City 23",47,73.6695586717083,37.549763771432666,0
6925,Retailer 6925,555-4244998,"251 St, City 24",58,108.39878253427877,2.4176951362113526,0
6926,Retailer 6926,555-4998585,"519 St, City 25",47,124.91419601784749,1.762048690635054,0
6927,Retailer 6927,555-3816112,"92 St, City 26",50,85.18909744017989,21.090944035596035,0
6928,Retailer 6928,555-7900725,"113 St, City 27",48,87.41341954469272,2.7974112610607453,0
6929,Retailer 6929,555-2732141,"259 St, City 28",50,92.8083120254074,83.97114988422602,0
6930,Retailer 6930,555-9675237,"107 St, City 29",53,81.95258899334664,31.860419832594523,0
6931,Retailer 6931,555-7905043,"575 St, City 30",45,102.98658402360033,42.02987985127077,0
6932,Retailer 6932,555-7134896,"390 St, City 31",37,89.92054712973871,7.797056748960978,0
6933,Retailer 6933,555-2634461,"991 St, City 32",51,76.18726785599631,20.438119478328954,0
6934,Retailer 6934,555-3887569,"358 St, City 33",55,83.41946105516006,4.3107835110412625,0
6935,Retailer 6935,555-2746988,"783 St, City 34",46,128.83155551213522,6.81092050500983,0
6936,Retailer 6936,555-5896986,"199 St, City 35",52,102.25512175091465,25.194396656899517,0
6937,Retailer 6937,555-2020346,"427 St, City 36",53,128.9939312306399,9.851477827806109,0
6938,Retailer 6938,555-2886522,"478 St, City 37",40,89.17918725993432,74.71380479515504,0
6939,Retailer 6939,555-6523632,"859 St, City 38",55,71.03703942437917,160.44392469949454,0
6940,Retailer 6940,555-4119331,"849 St, City 39",46,94.53488697824355,0.11803247383721835,0
6941,Retailer 6941,555-8301078,"503 St, City 40",49,132.88544150553108,42.70105405161427,0
6942,Retailer 6942,555-5003487,"658 St, City 41",62,53.51284562914583,3.6764151198899055,0
6943,Retailer 6943,555-1834938,"918 St, City 42",47,65.14675730086194,25.643379429806185,0
6944,Retailer 6944,555-1807400,"573 St, City 43",56,94.06633800613659,7.781918481036926,0
6945,Retailer 6945,555-7505134,"120 St, City 44",50,121.12590528948247,100.46435015168508,0
6946,Retailer 6946,555-7472036,"573 St, City 45",48,79.16787088334479,62.5775514603241,0
6947,Retailer 6947,555-4931792,"309 St, City 46",45,103.42618198161662,27.145536303239336,0
6948,Retailer 6948,555-5367207,"538 St, City 47",49,98.83781941039088,5.808146832112843,0
6949,Retailer 6949,555-4581877,"627 St, City 48",43,123.90026403722928,45.79170661859412,0
6950,Retailer 6950,555-9043732,"475 St, City 49",55,146.28863407570094,22.037707271819887,0
6951,Retailer 6951,555-5297255,"552 St, City 50",56,84.2560026119435,28.36874034414104,0
6952,Retailer 6952,555-5149570,"344 St, City 51",43,92.875569594466,37.969406593389095,0
6953,Retailer 6953,555-9694353,"628 St, City 52",48,98.65568635594681,16.152688640591464,0
6954,Retailer 6954,555-2779892,"136 St, City 53",50,83.62277764435696,0.233072562957217,0
6955,Retailer 6955,555-7363634,"277 St, City 54",56,135.43457172575438,13.584798833543076,0
6956,Retailer 6956,555-8252270,"989 St, City 55",55,77.68792272503781,16.013932853739927,0
6957,Retailer 6957,555-6518225,"811 St, City 56",55,125.13187306179148,13.715011990248941,0
6958,Retailer 6958,555-1920243,"533 St, City 57",57,91.43826979718284,53.3454452362866,0
6959,Retailer 6959,555-4421103,"899 St, City 58",47,98.76702177269681,12.119835452772225,0
6960,Retailer 6960,555-4402410,"31 St, City 59",57,102.43383977679261,16.152962182231096,0
6961,Retailer 6961,555-9809609,"247 St, City 60",54,90.37053016973309,1.9074762045601021,0
6962,Retailer 6962,555-3835309,"411 St, City 61",53,115.57478666385055,37.85418535249194,0
6963,Retailer 6963,555-9400944,"27 St, City 62",41,108.56105285212102,7.278154804918249,0
6964,Retailer 6964,555-6058211,"73 St, City 63",50,130.63234548337653,8.036836173476372,0
6965,Retailer 6965,555-8422244,"953 St, City 64",49,112.76445925926596,26.518639077690555,0
6966,Retailer 6966,555-3958963,"97 St, City 65",46,76.02886891256851,123.22920708715209,0
6967,Retailer 6967,555-4191319,"673 St, City 66",55,96.94860074576951,15.836339733184566,0
6968,Retailer 6968,555-6042486,"346 St, City 67",46,131.6234895389938,11.887321506736521,0
6969,Retailer 6969,555-3979718,"476 St, City 68",43,88.60932389187623,1.1063394030572367,0
6970,Retailer 6970,555-4768553,"300 St, City 69",46,129.7160927369762,46.44659740964394,0
6971,Retailer 6971,555-9677980,"299 St, City 70",47,114.4367416049782,9.085392748696952,0
6972,Retailer 6972,555-9403037,"287 St, City 71",51,116.07084787122959,43.93935221130827,0
6973,Retailer 6973,555-9325344,"885 St, City 72",57,57.23539903913747,9.949664743965817,0
6974,Retailer 6974,555-8717753,"449 St, City 73",56,108.41306527907365,0.910342208742204,0
6975,Retailer 6975,555-6426967,"212 St, City 74",58,141.58056965021328,20.687303445019534,0
6976,Retailer 6976,555-4476808,"76 St, City 75",39,82.58260957916791,70.95234349917509,0
6977,Retailer 6977,555-7917571,"401 St, City 76",54,131.8197685205333,7.0941225080390815,0
6978,Retailer 6978,555-9341219,"655 St, City 77",39,103.69242839781359,5.014245544254205,0
6979,Retailer 6979,555-5394203,"34 St, City 78",57,83.91004408137962,6.1290886656115955,0
6980,Retailer 6980,555-5622776,"498 St, City 79",54,94.29256452572065,35.162264432219224,0
6981,Retailer 6981,555-9596108,"848 St, City 80",57,65.84277784306994,13.73736882246265,0
6982,Retailer 6982,555-6214802,"516 St, City 81",49,100.79306053460449,8.873880218762741,0
6983,Retailer 6983,555-6556452,"328 St, City 82",41,108.24099705642031,12.360988321221567,0
6984,Retailer 6984,555-7664102,"98 St, City 83",51,147.29705679019384,11.09262699599873,0
6985,Retailer 6985,555-7865999,"366 St, City 84",48,107.72325991181476,23.543212122308688,0
6986,Retailer 6986,555-8562635,"729 St, City 85",46,128.61793326095588,4.293032437858407,0
6987,Retailer 6987,555-5435786,"463 St, City 86",46,80.02149037894118,21.322316017662274,0
6988,Retailer 6988,555-3862750,"28 St, City 87",50,96.36106010464904,11.208019438643342,0
6989,Retailer 6989,555-8085757,"713 St, City 88",42,106.36540909483917,80.92732527531635,0
6990,Retailer 6990,555-7785932,"386 St, City 89",54,82.77208297802271,16.435917980952407,0
6991,Retailer 6991,555-5906526,"273 St, City 90",48,95.64939098745711,3.161131625380063,0
6992,Retailer 6992,555-3578305,"826 St, City 91",49,119.43977185744802,81.3657658072418,0
6993,Retailer 6993,555-2255950,"127 St, City 92",52,148.6447807193375,83.17772701072383,0
6994,Retailer 6994,555-9277304,"202 St, City 93",46,116.42028419743622,5.789137354748187,0
6995,Retailer 6995,555-4696458,"521 St, City 94",59,85.8475279684647,50.853873977488796,0
6996,Retailer 6996,555-2615270,"287 St, City 95",61,99.27050842917394,59.40218858706771,0
6997,Retailer 6997,555-2089100,"450 St, City 96",55,79.03811344547529,13.18290286421696,0
6998,Retailer 6998,555-7445860,"88 St, City 97",55,105.1489138698398,5.212768233899326,0
6999,Retailer 6999,555-6925803,"318 St, City 98",52,129.76197947779664,48.05132748360202,0
7000,Retailer 7000,555-5675195,"19 St, City 99",59,106.03113574408061,0.8614329211457719,0
7001,Retailer 7001,555-9131526,"593 St, City 0",49,99.8094514085805,28.980779252464632,0
7002,Retailer 7002,555-9957541,"107 St, City 1",54,98.64454562039295,12.55537497662689,0
7003,Retailer 7003,555-1384903,"458 St, City 2",44,103.87163413920976,27.192198121720217,0
7004,Retailer 7004,555-8609420,"311 St, City 3",199,12.835002996175195,46.655241250636145,1
7005,Retailer 7005,555-2768407,"412 St, City 4",47,115.40624768744897,52.9368595841877,0
7006,Retailer 7006,555-9105925,"742 St, City 5",52,79.35930414274239,194.42189869180444,0
7007,Retailer 7007,555-6521980,"624 St, City 6",54,88.13768878294528,30.66832230929771,0
7008,Retailer 7008,555-8249433,"732 St, City 7",50,124.46003406189917,7.587371011801027,0
7009,Retailer 7009,555-6125702,"635 St, City 8",52,108.15602864317495,9.693157032123654,0
7010,Retailer 7010,555-2540710,"498 St, City 9",66,63.39224768089827,17.188748831228054,0
7011,Retailer 7011,555-4346386,"244 St, City 10",37,121.11161757790697,56.60927318871134,0
7012,Retailer 7012,555-6783877,"690 St, City 11",56,91.5426469586363,13.711675698421576,0
7013,Retailer 7013,555-7672028,"577 St, City 12",49,85.93157664954597,34.96853097159356,0
7014,Retailer 7014,555-7461202,"380 St, City 13",54,120.86944576005259,1.3840749880890268,0
7015,Retailer 7015,555-5294329,"515 St, City 14",58,119.6275028108011,16.866619018151244,0
7016,Retailer 7016,555-8750981,"207 St, City 15",48,97.83201654399724,5.482590010287353,0
7017,Retailer 7017,555-2199728,"948 St, City 16",56,108.75026750400336,83.63372791430518,0
7018,Retailer 7018,555-2543992,"394 St, City 17",46,87.86325986787544,47.02520524112448,0
7019,Retailer 7019,555-2959484,"21 St, City 18",56,85.19112815073363,4.480791384011194,0
7020,Retailer 7020,555-1767128,"805 St, City 19",39,92.87052939467621,15.41747883976747,0
7021,Retailer 7021,555-5509408,"527 St, City 20",46,93.0186257995551,2.5207496723244747,0
7022,Retailer 7022,555-3331774,"343 St, City 21",42,88.0471056034427,41.178689042455524,0
7023,Retailer 7023,555-1434368,"718 St, City 22",48,117.61888924195692,6.372248787327277,0
7024,Retailer 7024,555-7077449,"975 St, City 23",54,102.07680758405127,48.940381452779455,0
7025,Retailer 7025,555-3834523,"202 St, City 24",57,80.78504672808933,2.3071652062761654,0
7026,Retailer 7026,555-2167498,"120 St, City 25",41,87.41424609254385,25.52614886279124,0
7027,Retailer 7027,555-9905184,"649 St, City 26",60,75.58923131337149,28.11020572999756,0
7028,Retailer 7028,555-4791296,"812 St, City 27",49,98.4825512569232,12.209050266426626,0
7029,Retailer 7029,555-8020480,"807 St, City 28",61,128.9436278471469,5.38127301983674,0
7030,Retailer 7030,555-3933811,"389 St, City 29",57,105.91805722279553,11.73928694750853,0
7031,Retailer 7031,555-4833538,"537 St, City 30",53,102.05806575726477,20.52632223923566,0
7032,Retailer 7032,555-9919757,"824 St, City 31",49,70.44537229772672,104.31739563474399,0
7033,Retailer 7033,555-1238366,"234 St, City 32",44,127.37499192676896,17.768763034517736,0
7034,Retailer 7034,555-7877037,"633 St, City 33",46,100.92184671706569,6.298744743691729,0
7035,Retailer 7035,555-5407900,"602 St, City 34",55,102.07308018520659,0.7868152178330649,0
7036,Retailer 7036,555-9457123,"320 St, City 35",40,77.03290222907293,0.24790442425715384,0
7037,Retailer 7037,555-9805348,"712 St, City 36",45,97.58731091089456,16.173563067700137,0
7038,Retailer 7038,555-9033076,"982 St, City 37",52,81.69721976736649,10.542491169321359,0
7039,Retailer 7039,555-1941208,"180 St, City 38",50,86.44768241889128,3.6678064448043046,0
7040,Retailer 7040,555-5383233,"857 St, City 39",44,65.95653317633057,5.6686196428038675,0
7041,Retailer 7041,555-3967381,"368 St, City 40",48,61.11258897452724,12.919148702340891,0
7042,Retailer 7042,555-4114659,"76 St, City 41",47,143.17497983669745,34.81113518026081,0
7043,Retailer 7043,555-8303667,"649 St, City 42",42,104.00135415326338,28.216576901640742,0
7044,Retailer 7044,555-7537932,"650 St, City 43",54,122.9041850075655,2.4999916962570308,0
7045,Retailer 7045,555-6607414,"496 St, City 44",58,94.2437503255646,4.630450359167682,0
7046,Retailer 7046,555-7095513,"522 St, City 45",41,96.45506345103321,71.71069841782213,0
7047,Retailer 7047,555-9411603,"201 St, City 46",56,78.83520878841216,2.2120201934124752,0
7048,Retailer 7048,555-2653005,"830 St, City 47",50,112.1841520955455,6.652065687587445,0
7049,Retailer 7049,555-7243383,"346 St, City 48",56,114.93164715264724,11.479225310338439,0
7050,Retailer 7050,555-1441168,"483 St, City 49",38,110.47301138562317,7.845582286545715,0
7051,Retailer 7051,555-6947117,"219 St, City 50",48,100.05147243968172,10.310152887150016,0
7052,Retailer 7052,555-9888079,"60 St, City 51",61,105.97034114094018,39.0299803312585,0
7053,Retailer 7053,555-7074999,"991 St, City 52",53,91.33824061744366,2.995045664517183,0
7054,Retailer 7054,555-5949331,"659 St, City 53",53,120.77412477147169,13.026745035642035,0
7055,Retailer 7055,555-6280156,"619 St, City 54",49,72.72327923214768,28.38157433091636,0
7056,Retailer 7056,555-9399122,"550 St, City 55",56,84.0612119307297,1.5022196476925582,0
7057,Retailer 7057,555-3144608,"646 St, City 56",34,95.53498383878627,1.359169602350026,0
7058,Retailer 7058,555-6506126,"911 St, City 57",56,74.76410145482195,20.70858756885506,0
7059,Retailer 7059,555-3930299,"221 St, City 58",49,69.31707660131505,69.02496345159803,0
7060,Retailer 7060,555-8818441,"815 St, City 59",39,95.60167850937978,17.651101301831773,0
7061,Retailer 7061,555-6091281,"941 St, City 60",43,91.27552236502275,15.65885506166936,0
7062,Retailer 7062,555-1628373,"502 St, City 61",53,96.80563503065282,0.306292077057047,0
7063,Retailer 7063,555-1633389,"133 St, City 62",55,100.26045178904249,39.58278720080633,0
7064,Retailer 7064,555-9379482,"846 St, City 63",34,112.1171711221297,5.376855586591299,0
7065,Retailer 7065,555-2157260,"53 St, City 64",58,101.98893514063433,35.9689260417227,0
7066,Retailer 7066,555-8862148,"450 St, City 65",46,134.8639015453555,12.854624738082368,0
7067,Retailer 7067,555-7232474,"62 St, City 66",53,103.90280874519986,1.3809576035436653,0
7068,Retailer 7068,555-4355000,"23 St, City 67",48,130.93323628798436,11.920475927722267,0
7069,Retailer 7069,555-4581311,"44 St, City 68",60,121.00092129271333,32.32552108868585,0
7070,Retailer 7070,555-7158157,"820 St, City 69",59,122.90368555842568,43.874360747668895,0
7071,Retailer 7071,555-4783831,"558 St, City 70",50,68.98180627668079,30.28049179131949,0
7072,Retailer 7072,555-6182190,"659 St, City 71",44,103.86418990112864,37.24616797202944,0
7073,Retailer 7073,555-2350093,"728 St, City 72",55,107.556605148608,8.07225275622263,0
7074,Retailer 7074,555-8645195,"852 St, City 73",57,94.18268015932551,100.78569928574976,0
7075,Retailer 7075,555-9582299,"47 St, City 74",65,103.17262528260612,7.720813523619843,0
7076,Retailer 7076,555-5475687,"859 St, City 75",43,79.68628605153792,5.593468769640074,0
7077,Retailer 7077,555-6755327,"820 St, City 76",57,128.73602876932586,8.622932852648509,0
7078,Retailer 7078,555-3592440,"24 St, City 77",38,100.24412364430893,107.32570018209998,0
7079,Retailer 7079,555-9868577,"657 St, City 78",60,108.14711617971464,2.014774429724717,0
7080,Retailer 7080,555-3491721,"89 St, City 79",45,84.14027277028953,44.54306520806633,0
7081,Retailer 7081,555-1682346,"174 St, City 80",41,131.42715951135457,3.337551818084251,0
7082,Retailer 7082,555-8313861,"576 St, City 81",53,116.53408634453093,44.52269951081524,0
7083,Retailer 7083,555-5995427,"119 St, City 82",58,120.90333155585654,9.731379611676878,0
7084,Retailer 7084,555-3931659,"735 St, City 83",45,140.51361475013945,38.90712082223504,0
7085,Retailer 7085,555-1199542,"668 St, City 84",36,95.76407787580983,1.5072553837031286,0
7086,Retailer 7086,555-4483802,"178 St, City 85",48,111.93081865549982,12.220800685827374,0
7087,Retailer 7087,555-8381740,"832 St, City 86",46,110.45011420893196,18.743606323572127,0
7088,Retailer 7088,555-6087365,"924 St, City 87",52,88.84569443403056,0.6267536791377407,0
7089,Retailer 7089,555-5084032,"342 St, City 88",48,107.70274258290554,5.984581285009869,0
7090,Retailer 7090,555-2223045,"568 St, City 89",47,84.12892342401095,5.546477665624149,0
7091,Retailer 7091,555-9295445,"59 St, City 90",46,99.49099776542339,19.698771226407942,0
7092,Retailer 7092,555-2936983,"901 St, City 91",58,67.67388864013408,4.2874762213804445,0
7093,Retailer 7093,555-2404568,"438 St, City 92",57,84.2786274148074,113.39037099321295,0
7094,Retailer 7094,555-1760956,"428 St, City 93",54,63.38147836154154,65.3923944169463,0
7095,Retailer 7095,555-4554382,"426 St, City 94",48,130.31487725229255,7.6210860889292515,0
7096,Retailer 7096,555-8297881,"968 St, City 95",52,113.3000403511937,8.005418979148768,0
7097,Retailer 7097,555-8122887,"381 St, City 96",46,90.63244620345986,88.36685830397298,0
7098,Retailer 7098,555-5357847,"486 St, City 97",58,84.94923341879876,10.68072182041883,0
7099,Retailer 7099,555-5565861,"732 St, City 98",55,123.05112776305569,16.512415403008546,0
7100,Retailer 7100,555-1499964,"185 St, City 99",45,135.57480662094338,36.2674872799056,0
7101,Retailer 7101,555-3997493,"559 St, City 0",47,115.76131787616546,12.649509124838897,0
7102,Retailer 7102,555-8578729,"460 St, City 1",59,126.56779797491457,69.82379272236739,0
7103,Retailer 7103,555-7638784,"889 St, City 2",37,99.81300503941324,26.677506562821723,0
7104,Retailer 7104,555-9394043,"921 St, City 3",51,58.43725612054876,25.126871006420345,0
7105,Retailer 7105,555-1139565,"102 St, City 4",43,97.89707812395162,24.242968995363203,0
7106,Retailer 7106,555-3942905,"556 St, City 5",45,102.57743088653801,3.565101367874283,0
7107,Retailer 7107,555-4428261,"15 St, City 6",48,121.2666450369279,46.88262271123231,0
7108,Retailer 7108,555-7322954,"748 St, City 7",38,92.32951759084388,25.466928894657784,0
7109,Retailer 7109,555-9190219,"873 St, City 8",46,76.93081458980916,1.6501370362462362,0
7110,Retailer 7110,555-6082281,"51 St, City 9",49,64.30722239021337,56.98577779603269,0
7111,Retailer 7111,555-5754417,"309 St, City 10",47,113.20017681914028,39.2198555327445,0
7112,Retailer 7112,555-2327654,"34 St, City 11",50,94.02718909562994,10.227809889401843,0
7113,Retailer 7113,555-3627014,"636 St, City 12",61,77.83193533611771,10.10781957767011,0
7114,Retailer 7114,555-8995018,"589 St, City 13",56,112.43371267117037,21.07872003440071,0
7115,Retailer 7115,555-6936419,"904 St, City 14",47,115.89682506810996,0.21774235019142751,0
7116,Retailer 7116,555-8210547,"635 St, City 15",48,95.98121659081825,49.762100907689074,0
7117,Retailer 7117,555-8313184,"205 St, City 16",49,120.11836862552214,85.44290161224293,0
7118,Retailer 7118,555-1447628,"740 St, City 17",50,113.02705305027953,17.750352303208285,0
7119,Retailer 7119,555-6303441,"70 St, City 18",43,97.17362736630378,23.07326488639261,0
7120,Retailer 7120,555-9853143,"230 St, City 19",37,95.68300704728944,49.787970269325974,0
7121,Retailer 7121,555-3648191,"480 St, City 20",51,93.29395478085138,9.75524531366944,0
7122,Retailer 7122,555-2348894,"533 St, City 21",45,99.99992061024209,20.30230266403515,0
7123,Retailer 7123,555-7151990,"108 St, City 22",54,129.95895084047842,3.52954063112786,0
7124,Retailer 7124,555-9445180,"876 St, City 23",40,123.73886737706246,36.31056753174311,0
7125,Retailer 7125,555-4550985,"241 St, City 24",65,110.32977112302595,47.230084559709645,0
7126,Retailer 7126,555-3513595,"251 St, City 25",56,136.41588112924882,2.077468351467091,0
7127,Retailer 7127,555-9161665,"135 St, City 26",47,122.84576714688889,64.21896209873701,0
7128,Retailer 7128,555-1737550,"90 St, City 27",50,96.94012967380371,14.077052281036389,0
7129,Retailer 7129,555-6007106,"591 St, City 28",47,111.439333658658,76.61096538382164,0
7130,Retailer 7130,555-2798954,"440 St, City 29",52,127.2174370926793,69.12935475163178,0
7131,Retailer 7131,555-1929090,"689 St, City 30",69,101.77335169739763,46.94823599402989,0
7132,Retailer 7132,555-3802743,"298 St, City 31",48,95.84859670680031,53.18511679287093,0
7133,Retailer 7133,555-9776510,"407 St, City 32",53,136.46468869749503,10.248244960253693,0
7134,Retailer 7134,555-7165706,"308 St, City 33",47,110.96093141103479,13.732137032274828,0
7135,Retailer 7135,555-2900302,"102 St, City 34",50,120.91657661255876,8.235529135343999,0
7136,Retailer 7136,555-6846636,"361 St, City 35",58,85.75859694450382,13.132121525469028,0
7137,Retailer 7137,555-1684659,"847 St, City 36",46,118.19580202301208,24.75959571995084,0
7138,Retailer 7138,555-8430747,"624 St, City 37",47,96.21465927020641,59.859729737506626,0
7139,Retailer 7139,555-8410825,"693 St, City 38",37,99.24808581236769,23.768043015828844,0
7140,Retailer 7140,555-9828325,"616 St, City 39",53,80.72903937621422,35.78961597626244,0
7141,Retailer 7141,555-7927416,"528 St, City 40",53,95.50454818476504,4.378207378167455,0
7142,Retailer 7142,555-6385201,"608 St, City 41",48,71.57021817706985,84.18710592063081,0
7143,Retailer 7143,555-8360401,"293 St, City 42",46,122.6473177142284,26.25281609045369,0
7144,Retailer 7144,555-3241105,"146 St, City 43",59,89.08544756516696,44.85778990048688,0
7145,Retailer 7145,555-2320307,"404 St, City 44",51,106.87004892138441,196.41693734923683,0
7146,Retailer 7146,555-5675431,"814 St, City 45",57,76.83733747375848,58.924642731606575,0
7147,Retailer 7147,555-8054378,"2 St, City 46",50,109.77472062998274,21.057693835629728,0
7148,Retailer 7148,555-6119641,"119 St, City 47",40,49.42845659031657,60.75784953727753,0
7149,Retailer 7149,555-6753670,"855 St, City 48",50,81.93715319501914,32.269634314350895,0
7150,Retailer 7150,555-2095589,"606 St, City 49",62,127.10125579412231,39.28201500901637,0
7151,Retailer 7151,555-5826176,"191 St, City 50",67,86.79652028646765,30.424946889666195,0
7152,Retailer 7152,555-9466721,"3 St, City 51",53,95.85213772600383,10.174894170077833,0
7153,Retailer 7153,555-2921792,"942 St, City 52",52,56.701521836501094,12.215473658429737,0
7154,Retailer 7154,555-6754068,"487 St, City 53",64,127.06854567471846,24.51637612560531,0
7155,Retailer 7155,555-2539219,"623 St, City 54",47,94.8653583825589,62.16233213139364,0
7156,Retailer 7156,555-5589716,"177 St, City 55",43,126.40112077579462,18.07413698495974,0
7157,Retailer 7157,555-1085395,"257 St, City 56",39,86.25664245716413,23.33289467290784,0
7158,Retailer 7158,555-7063389,"873 St, City 57",39,70.38150617646289,13.8180740426448,0
7159,Retailer 7159,555-8732605,"534 St, City 58",39,128.25506940443472,0.549057882945241,0
7160,Retailer 7160,555-9061792,"477 St, City 59",50,107.8873231175107,30.94595016585729,0
7161,Retailer 7161,555-8876375,"398 St, City 60",56,102.09163076302046,25.036877356329274,0
7162,Retailer 7162,555-2093060,"496 St, City 61",47,87.95589899130437,114.85303379880573,0
7163,Retailer 7163,555-4235863,"220 St, City 62",63,123.88839149561093,21.276271539642796,0
7164,Retailer 7164,555-5383030,"981 St, City 63",44,63.14920423380764,22.96816703958189,0
7165,Retailer 7165,555-9602831,"173 St, City 64",46,116.03771248129513,9.94951896275749,0
7166,Retailer 7166,555-5169495,"736 St, City 65",50,76.10096838599627,3.1474547272586637,0
7167,Retailer 7167,555-3612761,"390 St, City 66",43,109.18771280312376,36.88618060670361,0
7168,Retailer 7168,555-2995457,"502 St, City 67",53,139.84652880709334,49.57281085110388,0
7169,Retailer 7169,555-2013071,"577 St, City 68",40,99.19801494962131,61.13713147181259,0
7170,Retailer 7170,555-4275072,"789 St, City 69",58,98.27291851999765,15.539120479140987,0
7171,Retailer 7171,555-5817842,"761 St, City 70",42,89.69162361673307,36.47781693922356,0
7172,Retailer 7172,555-9676514,"260 St, City 71",46,96.85367320491882,9.14249100124494,0
7173,Retailer 7173,555-4327786,"131 St, City 72",58,91.14045855934705,8.742317176907989,0
7174,Retailer 7174,555-6932572,"113 St, City 73",51,100.44048897628203,163.65094907859742,0
7175,Retailer 7175,555-3145977,"798 St, City 74",40,94.27792371003055,56.801675654633755,0
7176,Retailer 7176,555-7714662,"799 St, City 75",41,96.61966056590829,8.880024275853488,0
7177,Retailer 7177,555-3226217,"930 St, City 76",49,88.75328765764155,17.04301369133092,0
7178,Retailer 7178,555-1632731,"723 St, City 77",195,8.33240197146265,24.97009843003746,1
7179,Retailer 7179,555-9750364,"20 St, City 78",52,99.2229286555521,0.39169911117156336,0
7180,Retailer 7180,555-3214826,"215 St, City 79",44,133.24713197819665,96.02637338618467,0
7181,Retailer 7181,555-4260802,"310 St, City 80",46,131.8454582708225,3.4546319133836954,0
7182,Retailer 7182,555-9905865,"251 St, City 81",57,106.53649757500561,50.987358381556476,0
7183,Retailer 7183,555-5590778,"488 St, City 82",54,91.1125939886267,111.80394594654797,0
7184,Retailer 7184,555-6149387,"382 St, City 83",43,106.95025934491599,36.545104890461175,0
7185,Retailer 7185,555-6396910,"409 St, City 84",57,83.64246292171305,102.05723073045064,0
7186,Retailer 7186,555-8827881,"271 St, City 85",50,88.91856673235273,0.5965915569684208,0
7187,Retailer 7187,555-4561497,"934 St, City 86",48,101.11642924906843,13.134153585989898,0
7188,Retailer 7188,555-8318898,"407 St, City 87",54,86.72924106922967,19.413797147921038,0
7189,Retailer 7189,555-1262199,"692 St, City 88",49,87.1229403222276,45.827435666897394,0
7190,Retailer 7190,555-3870524,"194 St, City 89",42,90.68881920291415,31.885648806068996,0
7191,Retailer 7191,555-2137273,"441 St, City 90",55,145.7175414933406,39.955219809503326,0
7192,Retailer 7192,555-8441537,"313 St, City 91",67,103.46161275439935,4.687750356926094,0
7193,Retailer 7193,555-4867293,"79 St, City 92",41,65.40467113427994,55.88454352810717,0
7194,Retailer 7194,555-7107511,"180 St, City 93",52,103.90386445987913,51.81724143091129,0
7195,Retailer 7195,555-1033734,"675 St, City 94",55,109.14228645895135,43.94876258337874,0
7196,Retailer 7196,555-1213299,"714 St, City 95",42,98.79106386513097,51.10420328418811,0
7197,Retailer 7197,555-3771034,"14 St, City 96",44,112.19119283590528,7.208494988138037,0
7198,Retailer 7198,555-9531336,"859 St, City 97",43,88.60307947755894,4.53399971035741,0
7199,Retailer 7199,555-1671253,"246 St, City 98",44,97.09759834402482,67.63144066202649,0
7200,Retailer 7200,555-7688304,"14 St, City 99",43,98.2440803245316,94.40386001989384,0
7201,Retailer 7201,555-7911616,"99 St, City 0",48,86.23944179288955,16.5633090425771,0
7202,Retailer 7202,555-2006152,"33 St, City 1",50,81.01013354502206,17.771908412234993,0
7203,Retailer 7203,555-7615379,"436 St, City 2",63,101.54699830137629,40.52516032654008,0
7204,Retailer 7204,555-6626211,"257 St, City 3",54,104.58925843777129,20.495850236577347,0
7205,Retailer 7205,555-4262331,"34 St, City 4",56,43.946769803609975,11.286895449079914,0
7206,Retailer 7206,555-4993767,"19 St, City 5",41,89.6943373471423,6.3251891300509975,0
7207,Retailer 7207,555-4825091,"664 St, City 6",49,94.3219226567399,0.6873512723324118,0
7208,Retailer 7208,555-7914152,"260 St, City 7",59,103.63511460774833,26.580023531629234,0
7209,Retailer 7209,555-6015551,"676 St, City 8",55,116.41630754321478,4.599918204465695,0
7210,Retailer 7210,555-9026261,"589 St, City 9",51,93.7580943781096,58.63208551606143,0
7211,Retailer 7211,555-7636393,"826 St, City 10",54,111.62213792736449,122.00536016228624,0
7212,Retailer 7212,555-7701354,"416 St, City 11",51,72.46238847394802,18.36029917899294,0
7213,Retailer 7213,555-4689638,"137 St, City 12",45,126.81956877209774,3.68435740584692,0
7214,Retailer 7214,555-5486856,"359 St, City 13",56,98.98420166053998,26.24132572171613,0
7215,Retailer 7215,555-7955653,"720 St, City 14",47,69.8842331590634,25.590930145502245,0
7216,Retailer 7216,555-2208957,"754 St, City 15",46,111.91619450812341,4.293731834557435,0
7217,Retailer 7217,555-7232302,"579 St, City 16",55,94.69708453170799,31.232690660750308,0
7218,Retailer 7218,555-2141766,"116 St, City 17",61,136.72722393555662,11.396677343424704,0
7219,Retailer 7219,555-7259471,"404 St, City 18",52,131.92959740258465,56.025263523278426,0
7220,Retailer 7220,555-1524658,"202 St, City 19",54,117.76082095259325,26.59598289936299,0
7221,Retailer 7221,555-6619236,"376 St, City 20",56,42.4257478093486,17.019283706167464,0
7222,Retailer 7222,555-9108196,"250 St, City 21",63,95.45976146498339,99.16401318720476,0
7223,Retailer 7223,555-1003196,"446 St, City 22",41,125.38481965873963,20.272435903006027,0
7224,Retailer 7224,555-4657919,"954 St, City 23",47,116.813065586575,65.48927551129816,0
7225,Retailer 7225,555-7129877,"278 St, City 24",67,81.55295555210469,9.208398410817155,0
7226,Retailer 7226,555-7105661,"112 St, City 25",59,97.91155316724489,17.489808153752712,0
7227,Retailer 7227,555-8142727,"963 St, City 26",54,111.88590475000305,2.6285061538994743,0
7228,Retailer 7228,555-3603680,"843 St, City 27",40,68.12272204159217,16.48479492338024,0
7229,Retailer 7229,555-7209774,"473 St, City 28",39,69.8541124369225,67.46928854307174,0
7230,Retailer 7230,555-1858811,"746 St, City 29",43,148.73763785552208,53.063951439455295,0
7231,Retailer 7231,555-5064337,"688 St, City 30",57,93.84479158765451,111.5258800285722,0
7232,Retailer 7232,555-4636119,"392 St, City 31",62,61.80439025418141,41.556914115218454,0
7233,Retailer 7233,555-4556995,"969 St, City 32",55,86.14763526143173,9.50254619535357,0
7234,Retailer 7234,555-2667108,"143 St, City 33",44,106.50186016595774,5.260307156791768,0
7235,Retailer 7235,555-3853507,"32 St, City 34",49,115.90493273633403,5.935844625124317,0
7236,Retailer 7236,555-8593548,"181 St, City 35",57,86.82622359244415,32.48653980327953,0
7237,Retailer 7237,555-8793404,"579 St, City 36",51,76.06241304754082,14.45000265134687,0
7238,Retailer 7238,555-3154327,"516 St, City 37",49,117.42198134807886,16.034964360275453,0
7239,Retailer 7239,555-5070081,"798 St, City 38",50,81.10545352958775,59.106645125783785,0
7240,Retailer 7240,555-4917000,"269 St, City 39",50,94.93912536258527,38.91172755407653,0
7241,Retailer 7241,555-9173542,"236 St, City 40",44,113.42856974040093,7.044105730565889,0
7242,Retailer 7242,555-3350716,"277 St, City 41",42,90.28249961904267,5.629719314194911,0
7243,Retailer 7243,555-2264008,"553 St, City 42",52,140.12740997674268,51.767807824599025,0
7244,Retailer 7244,555-7456942,"633 St, City 43",44,82.95589138851986,92.11929172328311,0
7245,Retailer 7245,555-3768654,"275 St, City 44",56,92.64056155673728,6.142258482843149,0
7246,Retailer 7246,555-8061944,"743 St, City 45",59,92.09296973051707,90.94788010741735,0
7247,Retailer 7247,555-4876345,"816 St, City 46",51,87.26520156164818,16.849741154212502,0
7248,Retailer 7248,555-7057174,"86 St, City 47",53,121.6965545222093,70.82520575874008,0
7249,Retailer 7249,555-3233414,"63 St, City 48",54,93.03158161912447,41.69186563026866,0
7250,Retailer 7250,555-7134678,"404 St, City 49",56,157.09798628484668,70.65132738037912,0
7251,Retailer 7251,555-9392939,"192 St, City 50",47,102.02907727634235,31.081590146220613,0
7252,Retailer 7252,555-2565976,"293 St, City 51",64,104.38708409554096,5.123998730710037,0
7253,Retailer 7253,555-4976808,"31 St, City 52",50,68.67778719024435,1.8679496439011283,0
7254,Retailer 7254,555-8630725,"330 St, City 53",63,88.4295825119735,29.594341472479403,0
7255,Retailer 7255,555-9601462,"658 St, City 54",39,113.68232970473953,1.8038318942777918,0
7256,Retailer 7256,555-5744353,"107 St, City 55",48,110.90372472527902,8.07509754056179,0
7257,Retailer 7257,555-2553416,"871 St, City 56",51,78.76806326047628,6.928862632222297,0
7258,Retailer 7258,555-8260219,"622 St, City 57",39,90.78090702709301,16.711518683426746,0
7259,Retailer 7259,555-3956156,"276 St, City 58",62,35.763966800006884,27.292886832338645,0
7260,Retailer 7260,555-3281696,"722 St, City 59",46,84.18366796629647,72.62906597082268,0
7261,Retailer 7261,555-2133243,"651 St, City 60",50,134.55886199905882,82.55630263444532,0
7262,Retailer 7262,555-1004677,"598 St, City 61",52,104.66546002083304,121.15098902346512,0
7263,Retailer 7263,555-9593188,"556 St, City 62",55,122.4477461537787,43.29526751461136,0
7264,Retailer 7264,555-1130334,"82 St, City 63",45,66.31525335698439,76.26222811109552,0
7265,Retailer 7265,555-5557885,"64 St, City 64",40,101.91650052018242,46.90894588572723,0
7266,Retailer 7266,555-6162425,"890 St, City 65",57,97.65911580609801,72.43943338506159,0
7267,Retailer 7267,555-3508963,"930 St, City 66",44,87.5565105414586,3.3003132238897335,0
7268,Retailer 7268,555-8820707,"855 St, City 67",57,95.38728443294767,97.77135829634354,0
7269,Retailer 7269,555-6827316,"833 St, City 68",46,89.4572005391454,8.019254687297742,0
7270,Retailer 7270,555-1558745,"567 St, City 69",39,76.68170536906388,25.212544963570245,0
7271,Retailer 7271,555-9955427,"586 St, City 70",51,102.69058695588815,21.82144629871249,0
7272,Retailer 7272,555-9582851,"885 St, City 71",38,117.48187519034953,24.935203513729512,0
7273,Retailer 7273,555-3870741,"129 St, City 72",42,84.36357891262763,36.322828752264655,0
7274,Retailer 7274,555-8910091,"256 St, City 73",50,85.28377044749108,23.269628632953147,0
7275,Retailer 7275,555-1617423,"934 St, City 74",81,116.12202916741518,35.01456977997708,0
7276,Retailer 7276,555-9979250,"231 St, City 75",46,100.97607430024685,22.932112420087734,0
7277,Retailer 7277,555-3865893,"497 St, City 76",49,93.02442222075882,0.36348755811716027,0
7278,Retailer 7278,555-2250844,"137 St, City 77",52,101.97138436680896,29.614799050621464,0
7279,Retailer 7279,555-1916094,"863 St, City 78",48,141.23185644252612,24.304002560321784,0
7280,Retailer 7280,555-5289361,"455 St, City 79",51,122.99434094287777,26.445390871589314,0
7281,Retailer 7281,555-1246889,"913 St, City 80",41,134.47705724114354,0.04685019859013753,0
7282,Retailer 7282,555-7719142,"355 St, City 81",48,114.71547958710127,18.975495717173047,0
7283,Retailer 7283,555-2465088,"624 St, City 82",44,84.74997665847462,62.37777642858266,0
7284,Retailer 7284,555-7147878,"485 St, City 83",56,91.16054994962383,12.128967685297399,0
7285,Retailer 7285,555-7615316,"820 St, City 84",49,84.87603485436561,17.657239208029008,0
7286,Retailer 7286,555-6269262,"146 St, City 85",71,112.45435602571817,3.9184424217399423,0
7287,Retailer 7287,555-5184251,"959 St, City 86",53,93.92336168438126,17.947892057429947,0
7288,Retailer 7288,555-7838163,"33 St, City 87",51,83.32691256908778,15.11442776185772,0
7289,Retailer 7289,555-5275542,"260 St, City 88",37,97.72543875326976,64.3778507965582,0
7290,Retailer 7290,555-6236840,"87 St, City 89",49,72.01103745542925,1.0825115844436037,0
7291,Retailer 7291,555-2743227,"843 St, City 90",45,120.17506303030771,90.61070172620359,0
7292,Retailer 7292,555-8660064,"948 St, City 91",52,80.67212740731405,25.76919552164382,0
7293,Retailer 7293,555-1586470,"265 St, City 92",42,118.24967751939151,22.627348928921084,0
7294,Retailer 7294,555-8170364,"832 St, City 93",51,109.31900846203169,65.19994764177451,0
7295,Retailer 7295,555-4974409,"542 St, City 94",58,111.52033779996374,6.35904114703681,0
7296,Retailer 7296,555-1177216,"392 St, City 95",40,77.08934194225958,7.03422920590927,0
7297,Retailer 7297,555-5649292,"232 St, City 96",54,101.32740639733103,62.24577520353078,0
7298,Retailer 7298,555-3176512,"901 St, City 97",45,89.62468052399662,79.54056934923354,0
7299,Retailer 7299,555-4683460,"588 St, City 98",52,64.95740555240386,54.56984422097331,0
7300,Retailer 7300,555-9512270,"447 St, City 99",53,128.72118093964187,1.2642164127883868,0
7301,Retailer 7301,555-2818352,"129 St, City 0",53,98.09494632480681,31.67255091073396,0
7302,Retailer 7302,555-4244571,"271 St, City 1",43,90.98876792752017,17.9972154068939,0
7303,Retailer 7303,555-3894558,"89 St, City 2",59,127.47956062392056,49.48042678172697,0
7304,Retailer 7304,555-2480175,"466 St, City 3",37,119.34080926872161,5.1640284280354605,0
7305,Retailer 7305,555-2829484,"934 St, City 4",50,166.0724802432344,75.89686874759036,0
7306,Retailer 7306,555-2667690,"170 St, City 5",49,80.96760738738794,12.257131998744304,0
7307,Retailer 7307,555-5419425,"128 St, City 6",52,88.6090585375245,11.712681611009673,0
7308,Retailer 7308,555-8217037,"174 St, City 7",58,138.79713967055145,5.896047584280873,0
7309,Retailer 7309,555-6017226,"949 St, City 8",50,82.87667078986664,0.20923788102519109,0
7310,Retailer 7310,555-3746153,"26 St, City 9",53,85.38277532921602,11.251417487478411,0
7311,Retailer 7311,555-9360927,"573 St, City 10",60,98.37586258456083,4.816476769200181,0
7312,Retailer 7312,555-2104188,"511 St, City 11",60,132.9687157079479,40.198313981485896,0
7313,Retailer 7313,555-8292496,"488 St, City 12",33,89.39274465318734,42.396127925466715,0
7314,Retailer 7314,555-6125614,"891 St, City 13",36,145.55279203500731,52.7960501618186,0
7315,Retailer 7315,555-4783112,"579 St, City 14",42,99.73472709957734,0.16369570686479565,0
7316,Retailer 7316,555-3306569,"950 St, City 15",56,126.82786394381999,12.99203324662341,0
7317,Retailer 7317,555-1211463,"406 St, City 16",57,93.1807970899019,0.17474013138379468,0
7318,Retailer 7318,555-8185300,"26 St, City 17",57,80.49927228947837,21.260924617335597,0
7319,Retailer 7319,555-1268602,"83 St, City 18",49,111.46989463718101,71.90942320901121,0
7320,Retailer 7320,555-3394820,"364 St, City 19",45,70.93374575824636,15.721898667743272,0
7321,Retailer 7321,555-6545501,"367 St, City 20",53,67.16308607270801,62.06416313075709,0
7322,Retailer 7322,555-5736912,"60 St, City 21",51,114.13583080787672,88.45332503076925,0
7323,Retailer 7323,555-3507720,"551 St, City 22",56,88.5485584887737,8.149004871877704,0
7324,Retailer 7324,555-4742849,"635 St, City 23",46,72.43977199876718,0.3062088245882697,0
7325,Retailer 7325,555-9482084,"292 St, City 24",65,88.00001153518949,40.3625406439629,0
7326,Retailer 7326,555-1114560,"789 St, City 25",55,111.23448350459469,25.954406966982738,0
7327,Retailer 7327,555-6115011,"937 St, City 26",65,81.18749921173965,12.79218813186532,0
7328,Retailer 7328,555-2349987,"886 St, City 27",58,44.20782138133157,13.747175370588675,0
7329,Retailer 7329,555-1549656,"816 St, City 28",54,96.79108264051729,2.533332134525888,0
7330,Retailer 7330,555-4580885,"794 St, City 29",47,107.17188823830378,61.45395501458916,0
7331,Retailer 7331,555-8544022,"191 St, City 30",56,116.23005412863685,8.314712076571244,0
7332,Retailer 7332,555-4403209,"461 St, City 31",58,120.44752514848877,3.0644521979473303,0
7333,Retailer 7333,555-3995785,"804 St, City 32",47,96.82437537373434,45.36036912856718,0
7334,Retailer 7334,555-4980125,"664 St, City 33",43,138.00676237819926,19.91199304722917,0
7335,Retailer 7335,555-7901013,"896 St, City 34",65,97.53787328315181,43.17780183720414,0
7336,Retailer 7336,555-2826629,"233 St, City 35",45,95.46902125605278,69.64535054427118,0
7337,Retailer 7337,555-6718365,"474 St, City 36",52,94.20879687805089,14.444169610369402,0
7338,Retailer 7338,555-9289985,"405 St, City 37",51,102.8511076497484,1.6803283689902622,0
7339,Retailer 7339,555-9480287,"658 St, City 38",47,110.17231927407848,8.760320688420517,0
7340,Retailer 7340,555-2339083,"271 St, City 39",52,127.91726637011392,1.5726068576781493,0
7341,Retailer 7341,555-6404672,"847 St, City 40",73,89.17794488865181,4.8457508573980785,0
7342,Retailer 7342,555-4703367,"134 St, City 41",38,83.9490691399163,56.70374534959155,0
7343,Retailer 7343,555-8975343,"171 St, City 42",54,102.82081963914843,85.12096606241842,0
7344,Retailer 7344,555-6934385,"415 St, City 43",53,91.24050407528316,33.895015117944936,0
7345,Retailer 7345,555-4890702,"28 St, City 44",43,77.58659298322294,39.48315100965407,0
7346,Retailer 7346,555-3374151,"136 St, City 45",51,124.08214918252924,39.445529951809185,0
7347,Retailer 7347,555-7720841,"925 St, City 46",48,123.44993313830443,3.9496201897871708,0
7348,Retailer 7348,555-8601709,"405 St, City 47",51,70.62183512120166,1.4477537479634355,0
7349,Retailer 7349,555-1177476,"977 St, City 48",54,97.27352442317606,35.95954387993401,0
7350,Retailer 7350,555-2199217,"888 St, City 49",45,111.54038818249899,1.1440408159840494,0
7351,Retailer 7351,555-3675877,"505 St, City 50",50,138.43875080425755,50.100299374834464,0
7352,Retailer 7352,555-9306042,"241 St, City 51",38,98.7574007343887,26.831321422184995,0
7353,Retailer 7353,555-3949908,"856 St, City 52",47,117.26246120411926,3.614574071834737,0
7354,Retailer 7354,555-7476625,"954 St, City 53",50,92.6206669728206,32.301971163939434,0
7355,Retailer 7355,555-2931441,"444 St, City 54",56,109.07746752166638,27.96551906919397,0
7356,Retailer 7356,555-1265033,"434 St, City 55",52,118.03074366570247,14.163032628235946,0
7357,Retailer 7357,555-7499998,"228 St, City 56",58,106.97754069855722,51.06635792355147,0
7358,Retailer 7358,555-6462774,"509 St, City 57",55,100.53283302458678,10.898400789814048,0
7359,Retailer 7359,555-6818812,"799 St, City 58",58,119.35270820493578,14.240100768911214,0
7360,Retailer 7360,555-7111053,"303 St, City 59",54,127.3455560885127,35.78337025229923,0
7361,Retailer 7361,555-1842329,"34 St, City 60",40,103.01420465418886,41.83357141804187,0
7362,Retailer 7362,555-8743343,"2 St, City 61",57,120.65452746814735,9.588027311598726,0
7363,Retailer 7363,555-1174588,"362 St, City 62",52,88.77695171420262,0.5078605330799933,0
7364,Retailer 7364,555-4773618,"195 St, City 63",61,92.03489628252433,5.818603863341993,0
7365,Retailer 7365,555-8636805,"606 St, City 64",40,131.36510027495575,9.16302395147524,0
7366,Retailer 7366,555-2530332,"840 St, City 65",47,41.95920940082466,70.6186424770058,0
7367,Retailer 7367,555-5739023,"308 St, City 66",52,95.23294961852604,67.21946491918503,0
7368,Retailer 7368,555-8527837,"647 St, City 67",49,104.33293892187308,32.4259109053365,0
7369,Retailer 7369,555-2033290,"716 St, City 68",45,76.73459203956733,37.065938384356755,0
7370,Retailer 7370,555-5625535,"250 St, City 69",46,121.52616079128725,29.12659578537836,0
7371,Retailer 7371,555-7847129,"147 St, City 70",51,99.03886568171774,45.31291127022737,0
7372,Retailer 7372,555-8458136,"346 St, City 71",57,114.26593292129553,12.978935034103163,0
7373,Retailer 7373,555-4158546,"348 St, City 72",49,130.18972776373445,23.73643498582989,0
7374,Retailer 7374,555-9870046,"254 St, City 73",48,124.61670432433044,33.31984660733461,0
7375,Retailer 7375,555-5768424,"399 St, City 74",43,93.05038733593581,18.957556336457756,0
7376,Retailer 7376,555-7070243,"334 St, City 75",46,77.25280786739073,44.44043022090768,0
7377,Retailer 7377,555-2258542,"176 St, City 76",50,91.92232557261057,80.90776173990076,0
7378,Retailer 7378,555-8349953,"125 St, City 77",52,103.13393805584317,32.70150476858749,0
7379,Retailer 7379,555-5072091,"763 St, City 78",54,64.43290424176134,2.328169904285524,0
7380,Retailer 7380,555-8414440,"398 St, City 79",53,131.75310762995434,28.26645415021957,0
7381,Retailer 7381,555-4793868,"131 St, City 80",43,102.42680454801966,35.752971896720396,0
7382,Retailer 7382,555-2591711,"562 St, City 81",44,95.32470852299762,9.990902965549239,0
7383,Retailer 7383,555-2628853,"605 St, City 82",38,61.35132009807418,11.647967216300707,0
7384,Retailer 7384,555-3058721,"892 St, City 83",48,100.26217902918518,27.14449875171118,0
7385,Retailer 7385,555-2960391,"822 St, City 84",48,101.91621603437866,36.839097081004724,0
7386,Retailer 7386,555-5657448,"902 St, City 85",52,83.22209432092194,61.53846443487849,0
7387,Retailer 7387,555-8392367,"945 St, City 86",46,105.95279185648022,43.13040709159291,0
7388,Retailer 7388,555-7156225,"407 St, City 87",48,97.41413796021303,4.315097033239679,0
7389,Retailer 7389,555-5076773,"732 St, City 88",58,67.8956189726469,12.835529044350862,0
7390,Retailer 7390,555-6393333,"846 St, City 89",48,113.66958296946945,4.832031948094422,0
7391,Retailer 7391,555-5512121,"334 St, City 90",50,149.41482374663505,42.43356500408372,0
7392,Retailer 7392,555-7908008,"20 St, City 91",39,135.80559447385156,9.29573293310282,0
7393,Retailer 7393,555-9447680,"205 St, City 92",43,109.83334211822043,3.95481397362375,0
7394,Retailer 7394,555-4883337,"603 St, City 93",59,105.54403666979788,3.0354112085209217,0
7395,Retailer 7395,555-6900726,"956 St, City 94",57,69.85304213357409,3.647942612570775,0
7396,Retailer 7396,555-3163843,"355 St, City 95",195,11.241865471083873,8.515427477417244,1
7397,Retailer 7397,555-3762594,"173 St, City 96",45,94.1284978142037,45.746685425854864,0
7398,Retailer 7398,555-8686281,"189 St, City 97",61,49.213939043723244,8.143548495136198,0
7399,Retailer 7399,555-5201390,"824 St, City 98",51,92.46753571936341,9.912033568742483,0
7400,Retailer 7400,555-9778570,"2 St, City 99",54,88.50851905941423,63.78183900281684,0
7401,Retailer 7401,555-4477899,"873 St, City 0",40,69.09699831093022,17.5188310916884,0
7402,Retailer 7402,555-5131279,"941 St, City 1",52,97.97039057563826,21.328818126801163,0
7403,Retailer 7403,555-3086172,"168 St, City 2",48,70.44310937112208,0.08178067650603257,0
7404,Retailer 7404,555-2365265,"368 St, City 3",58,108.09654432509952,2.5702525786513726,0
7405,Retailer 7405,555-4242222,"536 St, City 4",54,111.16500213011929,40.48110908715825,0
7406,Retailer 7406,555-9504589,"925 St, City 5",48,58.75072736373336,12.169793680184796,0
7407,Retailer 7407,555-8322933,"963 St, City 6",46,91.7613264146865,4.859276585430215,0
7408,Retailer 7408,555-9677177,"877 St, City 7",40,90.6307711598398,16.800801076764444,0
7409,Retailer 7409,555-4256505,"580 St, City 8",61,95.279574767391,1.38438719931194,0
7410,Retailer 7410,555-9791249,"370 St, City 9",49,50.912169344034766,37.07177523176864,0
7411,Retailer 7411,555-5812056,"706 St, City 10",45,107.7165368423838,2.507721762376941,0
7412,Retailer 7412,555-4776764,"596 St, City 11",43,130.37631028574125,1.6931320676758828,0
7413,Retailer 7413,555-2515538,"950 St, City 12",54,130.32807250498195,16.326352562449046,0
7414,Retailer 7414,555-5849666,"437 St, City 13",53,118.19294817419724,26.53463536806135,0
7415,Retailer 7415,555-4399618,"207 St, City 14",47,59.7278148983239,43.30469777425983,0
7416,Retailer 7416,555-7725630,"49 St, City 15",51,87.41590935195656,2.208142381852769,0
7417,Retailer 7417,555-4404629,"544 St, City 16",51,110.07155856235124,12.230916636507995,0
7418,Retailer 7418,555-3192848,"829 St, City 17",46,109.21570797296984,9.382442232639557,0
7419,Retailer 7419,555-3773219,"682 St, City 18",54,123.22546789616254,40.849035278453236,0
7420,Retailer 7420,555-5864912,"129 St, City 19",46,94.75041569429425,13.833742151109979,0
7421,Retailer 7421,555-2644173,"447 St, City 20",48,75.59912198614649,29.65405955995774,0
7422,Retailer 7422,555-5261725,"614 St, City 21",54,110.60653591263059,20.163788167722203,0
7423,Retailer 7423,555-9625044,"35 St, City 22",51,90.47070458776265,25.295278452577506,0
7424,Retailer 7424,555-6545636,"819 St, City 23",57,127.89458879218313,13.653568005468502,0
7425,Retailer 7425,555-6780618,"199 St, City 24",59,113.4435054418831,8.203893445845296,0
7426,Retailer 7426,555-6252371,"813 St, City 25",52,92.6140782070962,1.8479671042027337,0
7427,Retailer 7427,555-3214178,"77 St, City 26",55,103.3673577469165,5.715544182144824,0
7428,Retailer 7428,555-1074804,"369 St, City 27",47,122.32462960335378,5.68402752360972,0
7429,Retailer 7429,555-3976877,"833 St, City 28",58,110.605049665582,81.92787907715662,0
7430,Retailer 7430,555-4789514,"526 St, City 29",49,102.76239924220464,83.12047328164238,0
7431,Retailer 7431,555-5957107,"349 St, City 30",40,105.03954979106797,8.863415605346406,0
7432,Retailer 7432,555-2972871,"506 St, City 31",46,93.90078574153638,3.3494672932760765,0
7433,Retailer 7433,555-2940483,"643 St, City 32",54,108.24736538581298,9.926799045760566,0
7434,Retailer 7434,555-3911898,"238 St, City 33",59,100.45283492732833,47.754922707549945,0
7435,Retailer 7435,555-9875943,"280 St, City 34",56,79.2607278532492,61.38394790428345,0
7436,Retailer 7436,555-6227365,"577 St, City 35",50,108.55637706143858,20.860590371468366,0
7437,Retailer 7437,555-8689262,"432 St, City 36",40,111.02313426283584,23.303628474588674,0
7438,Retailer 7438,555-4509163,"138 St, City 37",53,120.14054502300124,18.41364847309945,0
7439,Retailer 7439,555-7825711,"269 St, City 38",49,68.30845391525645,6.056346524290806,0
7440,Retailer 7440,555-2261402,"740 St, City 39",35,105.35083972857845,1.5316555566729844,0
7441,Retailer 7441,555-3126028,"201 St, City 40",46,92.24259776783859,29.138009388078917,0
7442,Retailer 7442,555-3985032,"142 St, City 41",48,111.43790612453665,48.09322342209383,0
7443,Retailer 7443,555-4077195,"612 St, City 42",48,75.35044152622149,41.51060722826463,0
7444,Retailer 7444,555-3326344,"650 St, City 43",44,125.92067600728146,69.16632344698704,0
7445,Retailer 7445,555-7103807,"680 St, City 44",40,78.52510941490672,50.40352848035192,0
7446,Retailer 7446,555-2076837,"919 St, City 45",54,89.89769518572848,10.172466342141407,0
7447,Retailer 7447,555-8446633,"611 St, City 46",49,154.24345161805465,3.726573410953331,0
7448,Retailer 7448,555-6717467,"823 St, City 47",55,101.8624012765596,16.90221518519098,0
7449,Retailer 7449,555-2629040,"831 St, City 48",61,121.81568764324632,12.845492762969995,0
7450,Retailer 7450,555-4663289,"839 St, City 49",53,104.95602578717623,39.12293521907641,0
7451,Retailer 7451,555-3916596,"938 St, City 50",53,125.3684062385326,2.111821091986601,0
7452,Retailer 7452,555-8966473,"355 St, City 51",48,116.0874239738903,85.94645190231738,0
7453,Retailer 7453,555-7185941,"578 St, City 52",52,84.03124999423159,94.51420956702684,0
7454,Retailer 7454,555-5127436,"847 St, City 53",54,64.45396148065512,2.7748016269203557,0
7455,Retailer 7455,555-5866940,"329 St, City 54",71,74.47328724303655,17.072909682956894,0
7456,Retailer 7456,555-4462511,"559 St, City 55",47,89.89714469662994,68.82239455120772,0
7457,Retailer 7457,555-1384083,"849 St, City 56",52,111.2951062270148,6.221107257507523,0
7458,Retailer 7458,555-9920206,"894 St, City 57",55,120.02934943514252,35.35050644159653,0
7459,Retailer 7459,555-6607968,"231 St, City 58",48,99.06382581923822,37.26209662499976,0
7460,Retailer 7460,555-7769552,"308 St, City 59",38,103.3191639077213,7.98141785036014,0
7461,Retailer 7461,555-4050798,"658 St, City 60",53,53.699189422029534,0.1855628848718699,0
7462,Retailer 7462,555-3536047,"719 St, City 61",37,94.32075696539039,32.761221523305345,0
7463,Retailer 7463,555-7464143,"146 St, City 62",35,98.11892279548121,28.811710321042057,0
7464,Retailer 7464,555-4254992,"152 St, City 63",70,108.97711166836952,31.469736752208625,0
7465,Retailer 7465,555-5797663,"791 St, City 64",55,93.47912387516087,5.1038533026134,0
7466,Retailer 7466,555-7269191,"140 St, City 65",48,89.9833776378144,27.770106609134434,0
7467,Retailer 7467,555-4535443,"663 St, City 66",49,137.765998616951,23.405275581892113,0
7468,Retailer 7468,555-2932303,"21 St, City 67",56,72.43293884668147,18.074810351906432,0
7469,Retailer 7469,555-3751821,"254 St, City 68",61,127.33014262036009,45.007114608612625,0
7470,Retailer 7470,555-8314895,"64 St, City 69",48,112.4711150403883,14.745307248673166,0
7471,Retailer 7471,555-7525940,"218 St, City 70",52,97.47802257324507,13.074660455398506,0
7472,Retailer 7472,555-1426941,"72 St, City 71",42,144.04878427309689,23.361516072632096,0
7473,Retailer 7473,555-5850224,"990 St, City 72",53,98.7105877667623,86.57528871901076,0
7474,Retailer 7474,555-1386354,"162 St, City 73",53,82.86184908939731,12.659607105975118,0
7475,Retailer 7475,555-6506336,"130 St, City 74",48,104.28064364121182,17.68145919308321,0
7476,Retailer 7476,555-1935709,"581 St, City 75",53,117.51497044739891,9.290588447852938,0
7477,Retailer 7477,555-3485178,"927 St, City 76",45,111.05273879349153,34.14671785734846,0
7478,Retailer 7478,555-7379022,"225 St, City 77",43,89.19572912924177,13.580720038787259,0
7479,Retailer 7479,555-6477630,"758 St, City 78",50,113.30259671762042,35.397607016832296,0
7480,Retailer 7480,555-7288893,"580 St, City 79",43,65.63934123139947,4.724544141736883,0
7481,Retailer 7481,555-3085469,"454 St, City 80",41,127.22476755502312,9.186151127963154,0
7482,Retailer 7482,555-2346365,"983 St, City 81",51,116.00220777911125,6.931749042889598,0
7483,Retailer 7483,555-2136078,"915 St, City 82",32,56.61750421165386,45.07172437915912,0
7484,Retailer 7484,555-9875206,"384 St, City 83",61,85.36630408817425,2.8150742156139987,0
7485,Retailer 7485,555-7062825,"107 St, City 84",56,124.92564886606687,8.708401978620788,0
7486,Retailer 7486,555-1533037,"621 St, City 85",39,95.39570820332011,21.24114191625823,0
7487,Retailer 7487,555-9973541,"840 St, City 86",43,99.29110846142675,2.7577022960540316,0
7488,Retailer 7488,555-9602541,"103 St, City 87",42,128.12042922839095,0.3335037784189691,0
7489,Retailer 7489,555-1427709,"141 St, City 88",42,88.13805136562564,35.24625059429682,0
7490,Retailer 7490,555-9644147,"577 St, City 89",50,57.1054983456726,28.524842586918783,0
7491,Retailer 7491,555-8352245,"134 St, City 90",61,127.64447614921153,0.2535150395308454,0
7492,Retailer 7492,555-2750866,"199 St, City 91",52,91.25701475000325,1.4925904054224655,0
7493,Retailer 7493,555-4777173,"880 St, City 92",34,99.46996752960501,7.429649526057289,0
7494,Retailer 7494,555-7233107,"510 St, City 93",49,96.10911280903254,70.99096445572553,0
7495,Retailer 7495,555-6275463,"667 St, City 94",53,90.2988142021007,31.729317494580375,0
7496,Retailer 7496,555-5847384,"79 St, City 95",55,82.73724606460755,49.042711254936854,0
7497,Retailer 7497,555-7371400,"948 St, City 96",47,96.40013620541998,42.74833044974021,0
7498,Retailer 7498,555-6234748,"894 St, City 97",54,80.87803624205998,122.28049401425626,0
7499,Retailer 7499,555-9400728,"482 St, City 98",59,127.42022117219466,89.96638990174112,0
7500,Retailer 7500,555-1624135,"512 St, City 99",53,124.31527734668555,2.090350969181137,0
7501,Retailer 7501,555-5817167,"250 St, City 0",195,7.10051929879115,0.6884901558956784,1
7502,Retailer 7502,555-8731445,"889 St, City 1",45,110.42257257541708,20.61904717132485,0
7503,Retailer 7503,555-7830707,"599 St, City 2",50,66.01079963383238,9.512312694260887,0
7504,Retailer 7504,555-7106428,"816 St, City 3",49,122.62091830833467,21.06966283945641,0
7505,Retailer 7505,555-5745920,"753 St, City 4",52,91.01707862297617,2.851525253635414,0
7506,Retailer 7506,555-8162517,"600 St, City 5",59,127.00487342586864,71.86158911702813,0
7507,Retailer 7507,555-6788773,"975 St, City 6",42,133.94826248816625,44.62985931403103,0
7508,Retailer 7508,555-8517475,"483 St, City 7",46,95.16637845918906,24.096665090321515,0
7509,Retailer 7509,555-7923985,"836 St, City 8",55,55.14882376430029,18.76863658525528,0
7510,Retailer 7510,555-7101570,"172 St, City 9",64,104.62722682402281,18.96122822343736,0
7511,Retailer 7511,555-9032304,"869 St, City 10",66,76.85737672305905,28.749957887516665,0
7512,Retailer 7512,555-3266598,"17 St, City 11",59,88.00943334521591,23.64623085051072,0
7513,Retailer 7513,555-2776238,"735 St, City 12",51,95.78102793703185,19.7471862733318,0
7514,Retailer 7514,555-9451392,"294 St, City 13",53,118.95116043167423,34.11343168201032,0
7515,Retailer 7515,555-6127736,"394 St, City 14",45,108.99679933115121,43.44265874732465,0
7516,Retailer 7516,555-6897162,"822 St, City 15",53,130.7808320351729,30.89669844443782,0
7517,Retailer 7517,555-7508676,"498 St, City 16",47,84.11374964759335,14.897197133309913,0
7518,Retailer 7518,555-5910662,"219 St, City 17",46,122.53947262231274,16.049654969059176,0
7519,Retailer 7519,555-2995127,"234 St, City 18",54,115.49821304610799,3.1119142745599118,0
7520,Retailer 7520,555-8776604,"390 St, City 19",61,113.46935317752909,16.060999620279986,0
7521,Retailer 7521,555-2035108,"248 St, City 20",71,122.23163427557989,46.22427451326711,0
7522,Retailer 7522,555-1478365,"902 St, City 21",46,116.58230515086375,2.0634819915963556,0
7523,Retailer 7523,555-6156371,"52 St, City 22",55,67.6611606464384,5.7900486673969365,0
7524,Retailer 7524,555-3074242,"15 St, City 23",47,88.44876633785893,55.47211085016111,0
7525,Retailer 7525,555-6232761,"324 St, City 24",40,119.4934384041489,25.176243999521667,0
7526,Retailer 7526,555-6122969,"441 St, City 25",54,109.67464965419875,33.3690734253276,0
7527,Retailer 7527,555-1494209,"112 St, City 26",54,120.7871750389041,11.638734430420463,0
7528,Retailer 7528,555-2534230,"696 St, City 27",45,104.08278300007976,20.12978359297836,0
7529,Retailer 7529,555-7556410,"872 St, City 28",58,89.38018126968922,43.01118154682839,0
7530,Retailer 7530,555-6451151,"7 St, City 29",50,83.5883199987952,62.63470931410546,0
7531,Retailer 7531,555-1851980,"563 St, City 30",41,67.07180153311103,109.72900316249206,0
7532,Retailer 7532,555-2766299,"826 St, City 31",45,110.54794675036126,57.11941225175394,0
7533,Retailer 7533,555-5020018,"753 St, City 32",53,71.06796843849258,2.0960427954998604,0
7534,Retailer 7534,555-7691891,"245 St, City 33",44,100.01182820450191,12.618435352146713,0
7535,Retailer 7535,555-7886608,"448 St, City 34",44,97.70135655711013,41.45587904681393,0
7536,Retailer 7536,555-8458403,"365 St, City 35",42,122.28856082001423,16.23613432433081,0
7537,Retailer 7537,555-2662656,"367 St, City 36",52,145.87058457917024,17.200765958165277,0
7538,Retailer 7538,555-5894097,"922 St, City 37",46,92.24809534326357,47.44208599264146,0
7539,Retailer 7539,555-6309068,"698 St, City 38",42,110.49950977481247,53.7681855883558,0
7540,Retailer 7540,555-5956780,"287 St, City 39",45,99.96367097213025,47.02129898331705,0
7541,Retailer 7541,555-9949454,"962 St, City 40",41,82.08789102595411,13.137693569555951,0
7542,Retailer 7542,555-5323242,"604 St, City 41",52,123.63337770884657,7.763650595429934,0
7543,Retailer 7543,555-3871712,"106 St, City 42",57,107.99780798197705,13.329734482137926,0
7544,Retailer 7544,555-7903538,"13 St, City 43",43,111.78658411681668,36.25785744607382,0
7545,Retailer 7545,555-1855656,"146 St, City 44",55,117.95065658146092,13.610427516985798,0
7546,Retailer 7546,555-7817123,"478 St, City 45",40,118.09520431561249,1.7092503216081532,0
7547,Retailer 7547,555-4566568,"631 St, City 46",47,96.70623938644636,48.39689425076292,0
7548,Retailer 7548,555-5679020,"715 St, City 47",49,121.0097453801831,1.9658409985468244,0
7549,Retailer 7549,555-2792363,"653 St, City 48",42,96.7509981711464,166.6629227846608,0
7550,Retailer 7550,555-1638922,"115 St, City 49",60,75.9154702310764,59.3210997051446,0
7551,Retailer 7551,555-1777867,"509 St, City 50",54,109.9682977505731,93.93786653194883,0
7552,Retailer 7552,555-4066461,"152 St, City 51",66,127.10776820725013,53.738914307237806,0
7553,Retailer 7553,555-6756911,"57 St, City 52",59,86.63008894892853,3.19648324214434,0
7554,Retailer 7554,555-2702424,"382 St, City 53",48,68.3774948848626,16.277495752153463,0
7555,Retailer 7555,555-5175252,"157 St, City 54",59,102.52804220673849,71.55776173029159,0
7556,Retailer 7556,555-2185560,"952 St, City 55",59,79.06306649217979,2.8583254165103384,0
7557,Retailer 7557,555-9016906,"822 St, City 56",58,88.6424542826828,10.925911698340467,0
7558,Retailer 7558,555-7509887,"133 St, City 57",41,101.8898941053921,18.882569796107024,0
7559,Retailer 7559,555-1867838,"163 St, City 58",50,40.75722760342935,17.930444192051624,0
7560,Retailer 7560,555-2057880,"275 St, City 59",53,90.85894267649319,86.41930357864987,0
7561,Retailer 7561,555-4087714,"695 St, City 60",52,92.32518180665582,15.08168561224623,0
7562,Retailer 7562,555-4478192,"77 St, City 61",41,136.98613818570388,8.19212966249262,0
7563,Retailer 7563,555-9856832,"837 St, City 62",49,96.87292603224807,17.660075917656595,0
7564,Retailer 7564,555-6600068,"44 St, City 63",38,142.64134612184927,15.12512175998643,0
7565,Retailer 7565,555-9151656,"718 St, City 64",50,124.71063240011681,29.289401190005123,0
7566,Retailer 7566,555-1785890,"550 St, City 65",44,108.96471238009057,154.22491330032392,0
7567,Retailer 7567,555-5806799,"318 St, City 66",60,107.15554765104037,24.049863064676106,0
7568,Retailer 7568,555-9053024,"534 St, City 67",54,106.50199951530861,18.60955041253622,0
7569,Retailer 7569,555-9586625,"585 St, City 68",57,102.70787773438784,27.03113785682123,0
7570,Retailer 7570,555-4743757,"753 St, City 69",46,70.38673247247718,117.06087792373681,0
7571,Retailer 7571,555-6259245,"936 St, City 70",48,106.95557549316182,29.408874674543316,0
7572,Retailer 7572,555-6046528,"154 St, City 71",47,101.90819369352103,3.9352115981513434,0
7573,Retailer 7573,555-8011673,"237 St, City 72",59,104.20038894090547,73.14800506877216,0
7574,Retailer 7574,555-3868921,"893 St, City 73",46,134.83753275585076,26.80813403697896,0
7575,Retailer 7575,555-9177039,"517 St, City 74",61,95.8509459819142,5.1630132450124115,0
7576,Retailer 7576,555-4003225,"221 St, City 75",55,78.69792666101532,7.860114805206154,0
7577,Retailer 7577,555-6637291,"310 St, City 76",53,88.78635293233907,3.853258446640205,0
7578,Retailer 7578,555-6034253,"598 St, City 77",61,116.70704752900303,97.14195675807187,0
7579,Retailer 7579,555-5228316,"177 St, City 78",51,105.6884597780363,2.204549656744672,0
7580,Retailer 7580,555-4578478,"771 St, City 79",59,100.92099810019026,43.372108729664966,0
7581,Retailer 7581,555-9072590,"220 St, City 80",53,72.53041820415064,12.359219643642081,0
7582,Retailer 7582,555-6926983,"38 St, City 81",49,123.95775161964858,2.537752200388085,0
7583,Retailer 7583,555-7323617,"654 St, City 82",54,87.76648989840182,17.06674024220975,0
7584,Retailer 7584,555-1454529,"431 St, City 83",37,107.21014192043872,0.008094052683429723,0
7585,Retailer 7585,555-8586288,"910 St, City 84",53,97.99244019989248,50.992803255081625,0
7586,Retailer 7586,555-8261511,"747 St, City 85",59,68.23310296950987,23.42099681831044,0
7587,Retailer 7587,555-9927811,"203 St, City 86",38,107.40779570609104,18.030528059636527,0
7588,Retailer 7588,555-2311629,"841 St, City 87",46,76.03571148814311,53.02269119131753,0
7589,Retailer 7589,555-1900542,"806 St, City 88",50,106.72908636348629,21.976623731818574,0
7590,Retailer 7590,555-4954780,"448 St, City 89",50,89.52170636687188,27.138146970899186,0
7591,Retailer 7591,555-3945759,"495 St, City 90",50,96.16080995898538,50.592393650737165,0
7592,Retailer 7592,555-9683376,"684 St, City 91",58,114.19117057104694,38.25017717691722,0
7593,Retailer 7593,555-4352921,"125 St, City 92",61,74.76281316526166,32.27963655995541,0
7594,Retailer 7594,555-1061264,"838 St, City 93",50,161.97129568655373,36.53617137890075,0
7595,Retailer 7595,555-6094502,"65 St, City 94",41,83.08846829769026,9.153786948134387,0
7596,Retailer 7596,555-3459507,"793 St, City 95",50,113.96228712365641,3.741324170027179,0
7597,Retailer 7597,555-4452097,"784 St, City 96",50,118.03565087604512,29.23883059203166,0
7598,Retailer 7598,555-8292306,"244 St, City 97",57,130.54864490858728,7.60872191673669,0
7599,Retailer 7599,555-2218284,"527 St, City 98",43,86.62941663398826,1.4637424540924544,0
7600,Retailer 7600,555-8088727,"226 St, City 99",63,85.0374703099274,8.803844844256432,0
7601,Retailer 7601,555-4080202,"465 St, City 0",43,121.94025618828059,38.21786852535476,0
7602,Retailer 7602,555-7002874,"643 St, City 1",64,110.8901186283782,36.97338667662602,0
7603,Retailer 7603,555-8518933,"707 St, City 2",54,111.33499085162816,70.07173822070074,0
7604,Retailer 7604,555-6383182,"293 St, City 3",50,127.95127165363431,33.73891339424127,0
7605,Retailer 7605,555-5688827,"721 St, City 4",57,101.91009195189955,17.379920149667807,0
7606,Retailer 7606,555-7517320,"951 St, City 5",41,103.6172350056928,9.053403863229697,0
7607,Retailer 7607,555-6792819,"381 St, City 6",60,126.58556975121351,42.614195656233825,0
7608,Retailer 7608,555-8642139,"625 St, City 7",47,103.52416814802083,15.929366257343911,0
7609,Retailer 7609,555-1865630,"756 St, City 8",52,79.71540238359918,50.7013188188381,0
7610,Retailer 7610,555-6387691,"166 St, City 9",49,82.03036871243889,57.24043067145432,0
7611,Retailer 7611,555-5325001,"703 St, City 10",53,94.65049861383426,12.995924714017509,0
7612,Retailer 7612,555-3972881,"769 St, City 11",36,107.12658105567913,12.639805337499693,0
7613,Retailer 7613,555-9101294,"839 St, City 12",59,119.16671221096593,73.47460753218056,0
7614,Retailer 7614,555-9557286,"218 St, City 13",52,147.95164728137541,15.18806199366192,0
7615,Retailer 7615,555-6811303,"871 St, City 14",42,95.07169615895172,36.80755150478528,0
7616,Retailer 7616,555-6279947,"275 St, City 15",59,71.97624339406616,14.235632910441522,0
7617,Retailer 7617,555-9559531,"52 St, City 16",60,68.10281880528878,39.422684588391405,0
7618,Retailer 7618,555-1300406,"374 St, City 17",57,95.71377795437498,5.720280140952565,0
7619,Retailer 7619,555-1517961,"670 St, City 18",52,99.8031547751173,54.21572513448807,0
7620,Retailer 7620,555-2035598,"363 St, City 19",47,112.29114820162872,122.5191005075962,0
7621,Retailer 7621,555-3511902,"567 St, City 20",49,148.94689148585775,43.54387900541407,0
7622,Retailer 7622,555-8169158,"14 St, City 21",64,112.35943437880891,13.347607984897676,0
7623,Retailer 7623,555-4640377,"781 St, City 22",48,101.72424607930186,24.304177169803694,0
7624,Retailer 7624,555-1163944,"340 St, City 23",61,120.0302476839087,33.22355958292413,0
7625,Retailer 7625,555-4022345,"602 St, City 24",35,68.33153437720244,6.428207054792064,0
7626,Retailer 7626,555-3969852,"539 St, City 25",50,104.99341657197512,9.976289928718213,0
7627,Retailer 7627,555-8950630,"89 St, City 26",52,67.45524704686888,48.549936638479984,0
7628,Retailer 7628,555-6724827,"905 St, City 27",37,128.15437024602764,87.1685993879278,0
7629,Retailer 7629,555-7800541,"41 St, City 28",45,72.99234283127248,9.535299905634352,0
7630,Retailer 7630,555-5756004,"304 St, City 29",46,119.89536677697845,4.790389507895773,0
7631,Retailer 7631,555-2358454,"268 St, City 30",187,7.250288470872202,119.89770545055211,1
7632,Retailer 7632,555-8689969,"138 St, City 31",45,129.47530760106955,11.568488595177174,0
7633,Retailer 7633,555-4871018,"6 St, City 32",53,81.58203721806136,45.21659476008434,0
7634,Retailer 7634,555-7412083,"242 St, City 33",64,98.83481000640909,14.293265818325317,0
7635,Retailer 7635,555-8875639,"162 St, City 34",43,119.65726662754818,89.32386965602207,0
7636,Retailer 7636,555-6010281,"692 St, City 35",51,106.9468220709692,27.453966460786745,0
7637,Retailer 7637,555-8698812,"809 St, City 36",60,109.81804260147325,16.090159192473124,0
7638,Retailer 7638,555-7807643,"979 St, City 37",41,114.7549616462357,5.892606077082151,0
7639,Retailer 7639,555-6210558,"518 St, City 38",47,93.35453444282601,8.85453745794308,0
7640,Retailer 7640,555-6959996,"898 St, City 39",68,80.74229649125726,58.34089730445637,0
7641,Retailer 7641,555-3389911,"783 St, City 40",41,84.18608018095362,1.758964034906532,0
7642,Retailer 7642,555-9140210,"401 St, City 41",44,98.21422343339542,5.118060104871802,0
7643,Retailer 7643,555-2726681,"784 St, City 42",55,85.08802886461297,6.419162830845579,0
7644,Retailer 7644,555-7554845,"156 St, City 43",50,94.28698814336735,2.199054449961786,0
7645,Retailer 7645,555-1117408,"85 St, City 44",46,99.52741455791562,34.716483917950356,0
7646,Retailer 7646,555-1636431,"712 St, City 45",46,130.37190141921144,119.33186897811048,0
7647,Retailer 7647,555-4435504,"10 St, City 46",53,78.04399763712048,4.496784843941295,0
7648,Retailer 7648,555-2236541,"138 St, City 47",46,84.82702582466096,48.12345428415023,0
7649,Retailer 7649,555-3036721,"754 St, City 48",52,99.15154545896667,5.825948481104183,0
7650,Retailer 7650,555-7087494,"906 St, City 49",56,79.3951865635259,109.23765735066917,0
7651,Retailer 7651,555-7163185,"713 St, City 50",46,39.14347655094586,21.220496637202068,0
7652,Retailer 7652,555-9706406,"156 St, City 51",48,87.68633741815692,56.420887341107615,0
7653,Retailer 7653,555-9879391,"408 St, City 52",37,94.76397508220124,5.609988442949011,0
7654,Retailer 7654,555-6036117,"787 St, City 53",54,103.64044393355739,64.95172250618599,0
7655,Retailer 7655,555-2107177,"225 St, City 54",43,80.62824491670048,2.5549480156152087,0
7656,Retailer 7656,555-6408520,"580 St, City 55",65,133.45832546325354,0.694749370345844,0
7657,Retailer 7657,555-5659014,"184 St, City 56",46,115.53405372273627,37.028888036407494,0
7658,Retailer 7658,555-9070024,"195 St, City 57",45,77.84014945207542,3.3789769381360943,0
7659,Retailer 7659,555-6512460,"554 St, City 58",41,87.77271262096198,60.253158665962935,0
7660,Retailer 7660,555-4494585,"396 St, City 59",33,86.26230894003564,29.128284710499194,0
7661,Retailer 7661,555-2992834,"914 St, City 60",50,78.54983794413366,12.058313398733079,0
7662,Retailer 7662,555-6306175,"663 St, City 61",60,122.9522868910176,9.74178629252174,0
7663,Retailer 7663,555-6648734,"596 St, City 62",46,78.66693075458464,2.5643849754376418,0
7664,Retailer 7664,555-6194914,"134 St, City 63",38,102.0978795408962,34.81944279102144,0
7665,Retailer 7665,555-5716302,"309 St, City 64",34,89.62421612270185,74.67741876972194,0
7666,Retailer 7666,555-3473055,"866 St, City 65",44,96.01211654579764,42.412674314068575,0
7667,Retailer 7667,555-2327877,"810 St, City 66",48,120.58308891065752,28.979752114063103,0
7668,Retailer 7668,555-8516669,"962 St, City 67",49,106.3516617384061,3.7909960802359604,0
7669,Retailer 7669,555-8016812,"542 St, City 68",58,107.27059017594267,52.7432397673353,0
7670,Retailer 7670,555-3687328,"9 St, City 69",49,106.32052524056084,100.90310386178516,0
7671,Retailer 7671,555-7478623,"987 St, City 70",56,109.66922325886125,9.147586354076067,0
7672,Retailer 7672,555-2899955,"170 St, City 71",42,79.03603881047613,16.36061274073788,0
7673,Retailer 7673,555-5198811,"290 St, City 72",46,86.3914248938739,0.4245223495150693,0
7674,Retailer 7674,555-7132446,"168 St, City 73",50,107.40960411055359,53.49672546187463,0
7675,Retailer 7675,555-1672225,"344 St, City 74",48,85.54197931048753,0.6289146118336604,0
7676,Retailer 7676,555-4510463,"497 St, City 75",44,92.96245439592295,19.995643619422307,0
7677,Retailer 7677,555-4070610,"145 St, City 76",41,105.48478863356635,25.773890254386533,0
7678,Retailer 7678,555-9786301,"413 St, City 77",48,122.08024422325931,1.7143193264877674,0
7679,Retailer 7679,555-4732238,"740 St, City 78",46,117.08742763472691,5.795453800583998,0
7680,Retailer 7680,555-2972613,"818 St, City 79",48,131.97485828405138,46.93880891691792,0
7681,Retailer 7681,555-9306931,"588 St, City 80",48,102.93225119486347,8.731981262679584,0
7682,Retailer 7682,555-4335705,"735 St, City 81",47,102.36143584729327,38.699231453319776,0
7683,Retailer 7683,555-6412049,"689 St, City 82",56,86.76702744444522,41.49145762343516,0
7684,Retailer 7684,555-2344091,"457 St, City 83",44,111.09243411587363,15.692937326920278,0
7685,Retailer 7685,555-1404470,"701 St, City 84",43,125.09458831472375,1.9762172293167377,0
7686,Retailer 7686,555-5329394,"979 St, City 85",48,88.7520019592293,0.32596380742899067,0
7687,Retailer 7687,555-1791624,"302 St, City 86",50,108.91871835462713,20.34856288060836,0
7688,Retailer 7688,555-8079903,"46 St, City 87",43,122.37786202465585,2.2240710088394895,0
7689,Retailer 7689,555-6088890,"894 St, City 88",46,83.31111759893548,38.89059302159255,0
7690,Retailer 7690,555-2601207,"17 St, City 89",51,110.97950424691368,14.380968651212706,0
7691,Retailer 7691,555-6248709,"578 St, City 90",54,112.11755426855285,34.49304815701887,0
7692,Retailer 7692,555-3995035,"360 St, City 91",48,55.45194448081732,15.735654770913055,0
7693,Retailer 7693,555-7203690,"261 St, City 92",48,89.28778634574789,29.69295312286091,0
7694,Retailer 7694,555-1484427,"123 St, City 93",45,77.69059205710406,53.6960542682721,0
7695,Retailer 7695,555-4958905,"231 St, City 94",54,89.76325348230505,64.74233133379661,0
7696,Retailer 7696,555-5083372,"950 St, City 95",43,91.66609298955363,0.5108094290303112,0
7697,Retailer 7697,555-2109229,"637 St, City 96",58,99.25282121670615,31.11189142242752,0
7698,Retailer 7698,555-4893623,"112 St, City 97",63,118.13277601328382,24.912655641086165,0
7699,Retailer 7699,555-7191081,"784 St, City 98",42,124.3936501099491,30.403730634029753,0
7700,Retailer 7700,555-3089884,"593 St, City 99",176,15.55675605512933,1.7955237808805924,1
7701,Retailer 7701,555-5204099,"246 St, City 0",58,125.95843897719973,2.1737738733484138,0
7702,Retailer 7702,555-9309740,"859 St, City 1",43,116.60640448554551,20.613766482155736,0
7703,Retailer 7703,555-8273820,"391 St, City 2",56,98.2908996526028,1.7643258421343997,0
7704,Retailer 7704,555-5821699,"392 St, City 3",54,129.3196367639614,44.938343184365,0
7705,Retailer 7705,555-7605129,"328 St, City 4",53,101.33920608588119,44.41508868740318,0
7706,Retailer 7706,555-7172056,"215 St, City 5",61,104.95341932055152,3.743914023385027,0
7707,Retailer 7707,555-2496030,"864 St, City 6",50,80.64009256301833,18.212271557692674,0
7708,Retailer 7708,555-1011009,"747 St, City 7",51,107.19940688585216,27.114634843868927,0
7709,Retailer 7709,555-5372472,"367 St, City 8",61,108.43760990143093,58.864849160254856,0
7710,Retailer 7710,555-2723480,"82 St, City 9",47,117.32348982420368,133.78009663083736,0
7711,Retailer 7711,555-9313264,"806 St, City 10",50,95.49595157943554,0.5211411523237581,0
7712,Retailer 7712,555-4699397,"822 St, City 11",55,85.44358438989468,19.407327884611085,0
7713,Retailer 7713,555-2991367,"76 St, City 12",47,108.18501515981646,48.77994632150188,0
7714,Retailer 7714,555-6569634,"527 St, City 13",43,114.78925470713429,47.66922769150405,0
7715,Retailer 7715,555-9718936,"732 St, City 14",44,93.25247158413916,23.415698067327735,0
7716,Retailer 7716,555-5409013,"503 St, City 15",47,83.19266648648944,6.036237816512362,0
7717,Retailer 7717,555-3708668,"742 St, City 16",40,91.75525093420374,24.567865818613726,0
7718,Retailer 7718,555-6053679,"946 St, City 17",51,131.75123049788442,14.905425776437422,0
7719,Retailer 7719,555-2000294,"952 St, City 18",42,80.52537006578416,15.78409482399419,0
7720,Retailer 7720,555-6658307,"479 St, City 19",42,79.98662522122709,11.95476317825602,0
7721,Retailer 7721,555-9174244,"372 St, City 20",48,137.36811848178723,4.681617897800063,0
7722,Retailer 7722,555-3285362,"265 St, City 21",49,96.86668601375054,40.209706213153055,0
7723,Retailer 7723,555-3842894,"264 St, City 22",46,75.54125868224867,36.98023135275227,0
7724,Retailer 7724,555-9565873,"110 St, City 23",47,71.7255071086997,23.48114092190759,0
7725,Retailer 7725,555-8860791,"915 St, City 24",46,111.47808558791263,13.145645967541965,0
7726,Retailer 7726,555-4036773,"307 St, City 25",51,106.7047120146977,51.8948180227421,0
7727,Retailer 7727,555-5384432,"200 St, City 26",62,111.64043189625706,5.227047473214662,0
7728,Retailer 7728,555-2690792,"226 St, City 27",59,82.77203369833514,17.105067652911984,0
7729,Retailer 7729,555-2631570,"185 St, City 28",49,76.24906392259162,31.797184088915067,0
7730,Retailer 7730,555-5773598,"964 St, City 29",42,110.77832389749443,51.69469124463042,0
7731,Retailer 7731,555-2660102,"31 St, City 30",60,79.08378236673636,31.461279564434335,0
7732,Retailer 7732,555-2511710,"614 St, City 31",49,96.70113028950864,3.7568384202374663,0
7733,Retailer 7733,555-8276281,"771 St, City 32",43,82.29515087370754,3.2039402373401322,0
7734,Retailer 7734,555-1816609,"99 St, City 33",55,132.96286566322306,1.5524548350394416,0
7735,Retailer 7735,555-5584470,"339 St, City 34",47,118.44728990773785,24.62783075406537,0
7736,Retailer 7736,555-7807087,"811 St, City 35",55,152.69785255868373,8.349360340084264,0
7737,Retailer 7737,555-5062316,"797 St, City 36",51,112.77414176976842,5.213830664785739,0
7738,Retailer 7738,555-6587239,"266 St, City 37",42,106.26421905101154,2.6640407536368915,0
7739,Retailer 7739,555-2655464,"652 St, City 38",47,113.59508431870046,30.798852622957295,0
7740,Retailer 7740,555-9377114,"814 St, City 39",57,68.5360243213291,42.00133173692082,0
7741,Retailer 7741,555-9356164,"798 St, City 40",46,64.34343974521761,58.50827984150197,0
7742,Retailer 7742,555-1878835,"350 St, City 41",52,114.22877319630213,27.14664215338908,0
7743,Retailer 7743,555-8556142,"978 St, City 42",45,88.38161589864814,13.119638454711197,0
7744,Retailer 7744,555-4277560,"728 St, City 43",46,99.98953705460924,19.069798844058514,0
7745,Retailer 7745,555-4169870,"544 St, City 44",50,67.42297094244347,30.330453455974872,0
7746,Retailer 7746,555-6088268,"457 St, City 45",58,89.62709224024623,37.448453494997395,0
7747,Retailer 7747,555-8279995,"815 St, City 46",48,92.7729467453772,31.055708791863466,0
7748,Retailer 7748,555-7422892,"88 St, City 47",58,118.49731124865833,98.02950498490887,0
7749,Retailer 7749,555-3379093,"63 St, City 48",46,102.66077233940302,41.61390225077954,0
7750,Retailer 7750,555-6480283,"922 St, City 49",50,72.3988533177055,41.66345366803066,0
7751,Retailer 7751,555-3760451,"387 St, City 50",54,89.58715445377342,51.41156131237736,0
7752,Retailer 7752,555-7369553,"791 St, City 51",54,122.18520502184417,18.506613286921812,0
7753,Retailer 7753,555-7432975,"459 St, City 52",46,90.97132181776423,9.193575465521485,0
7754,Retailer 7754,555-5241244,"586 St, City 53",47,118.01007761843633,50.823573166551895,0
7755,Retailer 7755,555-4904840,"818 St, City 54",49,89.06247157633382,18.718711242285643,0
7756,Retailer 7756,555-4820730,"932 St, City 55",59,106.69751285130197,28.0318059453114,0
7757,Retailer 7757,555-3848411,"636 St, City 56",52,101.17498394006877,16.84207082404159,0
7758,Retailer 7758,555-4344443,"269 St, City 57",55,97.83476645401997,15.128333765122662,0
7759,Retailer 7759,555-3444149,"894 St, City 58",57,73.76208765090146,33.37468790469402,0
7760,Retailer 7760,555-7930358,"797 St, City 59",44,67.73080721967042,32.839544777869214,0
7761,Retailer 7761,555-3214669,"934 St, City 60",47,104.8664377535603,11.0895126646605,0
7762,Retailer 7762,555-8496121,"973 St, City 61",46,100.7411816761681,6.28405842957552,0
7763,Retailer 7763,555-2954702,"633 St, City 62",56,89.34183959353238,4.223564346632493,0
7764,Retailer 7764,555-3933361,"346 St, City 63",51,82.50725670803729,3.6236551071736263,0
7765,Retailer 7765,555-1421655,"724 St, City 64",47,126.77042726619851,51.06301570455813,0
7766,Retailer 7766,555-6323940,"901 St, City 65",59,119.80889136949929,10.112457276028946,0
7767,Retailer 7767,555-1799717,"660 St, City 66",43,114.92282897447596,34.04664359147977,0
7768,Retailer 7768,555-6647069,"78 St, City 67",46,132.24424085420472,10.16608163915045,0
7769,Retailer 7769,555-3482266,"365 St, City 68",49,78.02668329206635,32.966454886111464,0
7770,Retailer 7770,555-1921806,"14 St, City 69",51,105.51272413572832,124.32032872099265,0
7771,Retailer 7771,555-5965440,"136 St, City 70",47,72.20684382765107,2.046978990828544,0
7772,Retailer 7772,555-8873692,"304 St, City 71",53,91.95058841384993,31.818345432712235,0
7773,Retailer 7773,555-2193728,"397 St, City 72",47,93.79867926138999,9.9629260384795,0
7774,Retailer 7774,555-6061354,"792 St, City 73",52,86.40725697098907,2.5959454518765797,0
7775,Retailer 7775,555-7911957,"79 St, City 74",52,99.20166742924077,2.4680753453581583,0
7776,Retailer 7776,555-2504329,"755 St, City 75",58,143.0181273545047,13.94041089604312,0
7777,Retailer 7777,555-2777850,"705 St, City 76",44,105.23098702637665,23.335754300825784,0
7778,Retailer 7778,555-7686269,"982 St, City 77",49,119.6007426131943,31.26361481176063,0
7779,Retailer 7779,555-1535888,"418 St, City 78",60,102.0651959979287,25.14710517124903,0
7780,Retailer 7780,555-8157303,"242 St, City 79",40,66.5049317830406,68.47032401274937,0
7781,Retailer 7781,555-4918446,"51 St, City 80",66,87.38593655425719,5.000560624537515,0
7782,Retailer 7782,555-7971631,"744 St, City 81",55,89.29876440355388,52.98390361218411,0
7783,Retailer 7783,555-3202888,"771 St, City 82",43,99.15063498479708,22.537737751472015,0
7784,Retailer 7784,555-7703562,"384 St, City 83",49,112.0898579346957,59.10442093696577,0
7785,Retailer 7785,555-3552192,"375 St, City 84",50,117.22970114556342,16.688465783336383,0
7786,Retailer 7786,555-9524405,"730 St, City 85",39,106.9765533761044,19.7218318812587,0
7787,Retailer 7787,555-2724620,"206 St, City 86",50,121.2097340233107,16.461918691255157,0
7788,Retailer 7788,555-6169719,"826 St, City 87",50,86.95074277173964,3.043242164653625,0
7789,Retailer 7789,555-5830165,"489 St, City 88",55,111.2292929478714,4.699820623650283,0
7790,Retailer 7790,555-7566692,"381 St, City 89",41,110.00988616313629,21.86507419898174,0
7791,Retailer 7791,555-1358062,"968 St, City 90",44,118.019106082877,22.856207721097103,0
7792,Retailer 7792,555-8248730,"881 St, City 91",47,85.3395117234466,18.921974287148508,0
7793,Retailer 7793,555-3077645,"311 St, City 92",41,136.82566492787532,0.38784725589930236,0
7794,Retailer 7794,555-2401471,"375 St, City 93",54,84.24494215942612,21.130940190000153,0
7795,Retailer 7795,555-5779897,"632 St, City 94",52,90.72836774174995,4.306575964880352,0
7796,Retailer 7796,555-2716548,"592 St, City 95",52,114.92026012734466,25.0671471027428,0
7797,Retailer 7797,555-5952505,"42 St, City 96",50,68.6029536599169,10.201845119102234,0
7798,Retailer 7798,555-5100321,"533 St, City 97",41,81.32370965809244,143.02454356351802,0
7799,Retailer 7799,555-3097711,"522 St, City 98",49,101.73009999957047,13.35340859506125,0
7800,Retailer 7800,555-7095561,"825 St, City 99",59,63.53370341087601,51.57874005781828,0
7801,Retailer 7801,555-1037361,"153 St, City 0",59,84.05935269305766,8.454762467678878,0
7802,Retailer 7802,555-3898845,"312 St, City 1",52,101.76083536439684,6.302557675524491,0
7803,Retailer 7803,555-9146836,"294 St, City 2",62,83.54748659087824,7.495711669454833,0
7804,Retailer 7804,555-4463227,"598 St, City 3",48,135.63937336613708,12.154221410552267,0
7805,Retailer 7805,555-9093068,"113 St, City 4",52,114.50319326115837,56.687838972733424,0
7806,Retailer 7806,555-3457856,"701 St, City 5",55,109.02261125144176,43.312642077883496,0
7807,Retailer 7807,555-2761856,"112 St, City 6",56,102.80673307985764,17.150613452299186,0
7808,Retailer 7808,555-3341102,"175 St, City 7",62,115.33559535561417,6.250944330975886,0
7809,Retailer 7809,555-1000037,"822 St, City 8",40,101.15632523907544,1.4979964182827703,0
7810,Retailer 7810,555-7251936,"302 St, City 9",67,80.17570649493894,28.912615174852164,0
7811,Retailer 7811,555-1653668,"964 St, City 10",60,106.83598239501069,36.80212211345171,0
7812,Retailer 7812,555-4404158,"516 St, City 11",56,85.68705479003198,27.952701654829948,0
7813,Retailer 7813,555-3656040,"734 St, City 12",67,108.56696549182543,20.869764626173552,0
7814,Retailer 7814,555-1703645,"962 St, City 13",61,105.90782083428817,108.2053237732623,0
7815,Retailer 7815,555-5911672,"221 St, City 14",51,87.37357221569343,0.7491845576222926,0
7816,Retailer 7816,555-9215984,"171 St, City 15",42,141.16928649124753,133.72384444294607,0
7817,Retailer 7817,555-9131631,"318 St, City 16",59,125.49172129858337,9.701953752766599,0
7818,Retailer 7818,555-3621872,"996 St, City 17",48,98.90131406319483,14.49362782170007,0
7819,Retailer 7819,555-1593975,"213 St, City 18",62,110.14854220780663,41.8944557212877,0
7820,Retailer 7820,555-6052683,"253 St, City 19",47,106.68176956137117,7.728746356248981,0
7821,Retailer 7821,555-4983063,"124 St, City 20",66,89.18093281271769,37.120677957974976,0
7822,Retailer 7822,555-3282373,"640 St, City 21",46,111.4235719176884,12.128765793676003,0
7823,Retailer 7823,555-3840152,"213 St, City 22",49,96.0669264411715,84.68271091380001,0
7824,Retailer 7824,555-8527872,"624 St, City 23",60,71.92810681218896,5.651660625635575,0
7825,Retailer 7825,555-3550552,"85 St, City 24",55,89.77185185200028,80.55225715930393,0
7826,Retailer 7826,555-3392735,"516 St, City 25",50,89.8923364800463,46.9731658818537,0
7827,Retailer 7827,555-8504361,"65 St, City 26",57,61.305160844822154,5.598430750173827,0
7828,Retailer 7828,555-8314153,"318 St, City 27",41,126.69994079609846,14.712560902572008,0
7829,Retailer 7829,555-6418626,"346 St, City 28",58,89.48427009603782,3.3043704315037883,0
7830,Retailer 7830,555-4622546,"632 St, City 29",51,92.45036869381815,27.46777171895758,0
7831,Retailer 7831,555-6996522,"243 St, City 30",43,145.0176916702675,96.96477122943952,0
7832,Retailer 7832,555-4606940,"898 St, City 31",50,80.50656705032466,2.4763796374607634,0
7833,Retailer 7833,555-6935537,"137 St, City 32",47,98.11117599475914,8.95676889979917,0
7834,Retailer 7834,555-4600200,"247 St, City 33",38,68.21254795535062,42.23863129302792,0
7835,Retailer 7835,555-1559031,"441 St, City 34",45,87.19769163474598,18.392152538979595,0
7836,Retailer 7836,555-7491280,"45 St, City 35",44,89.57416075055562,12.418030758908259,0
7837,Retailer 7837,555-3701243,"658 St, City 36",52,122.40038681423034,27.57814870313515,0
7838,Retailer 7838,555-6444003,"880 St, City 37",52,83.32069288858779,10.442971174581208,0
7839,Retailer 7839,555-5435728,"688 St, City 38",57,117.00848252175442,11.963205637522888,0
7840,Retailer 7840,555-9594992,"554 St, City 39",58,154.0011850745747,49.21416582661229,0
7841,Retailer 7841,555-7542155,"809 St, City 40",50,135.00520410661844,14.906886809478975,0
7842,Retailer 7842,555-8165371,"971 St, City 41",58,42.9561209773875,36.17496970975159,0
7843,Retailer 7843,555-5135554,"89 St, City 42",42,109.88307026135317,4.90250033666988,0
7844,Retailer 7844,555-3988088,"730 St, City 43",47,131.42767605883174,15.265880844078987,0
7845,Retailer 7845,555-1979907,"954 St, City 44",36,83.43724933724117,24.083550205275763,0
7846,Retailer 7846,555-1213968,"228 St, City 45",53,98.29612711614992,9.330451514791012,0
7847,Retailer 7847,555-9683565,"810 St, City 46",43,93.74047505448794,16.42476449086106,0
7848,Retailer 7848,555-2901737,"291 St, City 47",40,119.09361594707653,42.79146936182287,0
7849,Retailer 7849,555-5985248,"422 St, City 48",39,90.46820496705368,5.2843896684785765,0
7850,Retailer 7850,555-7409363,"67 St, City 49",42,138.22180019917803,20.839521651356964,0
7851,Retailer 7851,555-3302743,"251 St, City 50",41,124.58456868856598,9.105478849427787,0
7852,Retailer 7852,555-5588156,"41 St, City 51",47,68.6335309136934,15.841099570766007,0
7853,Retailer 7853,555-1985461,"99 St, City 52",62,68.88234950744058,14.118719196177828,0
7854,Retailer 7854,555-6831759,"306 St, City 53",56,104.19911404211368,31.955940562895627,0
7855,Retailer 7855,555-6710912,"872 St, City 54",54,95.71053393349526,43.72313209936956,0
7856,Retailer 7856,555-2806423,"854 St, City 55",46,98.49140844006611,20.778680905199376,0
7857,Retailer 7857,555-2950408,"456 St, City 56",51,88.61106540839022,5.466722788843745,0
7858,Retailer 7858,555-4594128,"591 St, City 57",48,78.74264491418766,60.89091565707468,0
7859,Retailer 7859,555-9106584,"301 St, City 58",49,100.54090918615158,6.181293448527989,0
7860,Retailer 7860,555-2406427,"199 St, City 59",43,109.42727189363693,25.9145493362185,0
7861,Retailer 7861,555-4489550,"659 St, City 60",47,120.81772965868596,22.478962629141567,0
7862,Retailer 7862,555-7889053,"488 St, City 61",42,124.07898997709631,10.133938259317572,0
7863,Retailer 7863,555-4895090,"106 St, City 62",68,100.826869931946,91.6942333128532,0
7864,Retailer 7864,555-3765013,"401 St, City 63",63,107.14326369693458,33.87194785136577,0
7865,Retailer 7865,555-7162492,"705 St, City 64",71,66.43933008074998,19.045277910112468,0
7866,Retailer 7866,555-9424990,"477 St, City 65",53,114.35128690249158,17.581908723884055,0
7867,Retailer 7867,555-8038170,"122 St, City 66",46,126.77546066375267,2.9103607233773103,0
7868,Retailer 7868,555-1862219,"77 St, City 67",52,113.10261220230461,45.51682368482874,0
7869,Retailer 7869,555-9334750,"312 St, City 68",55,99.04008382113818,2.620495233976684,0
7870,Retailer 7870,555-2718303,"112 St, City 69",57,80.83832381096231,6.7213480116327196,0
7871,Retailer 7871,555-4801082,"861 St, City 70",46,80.88568671095877,5.391565541854694,0
7872,Retailer 7872,555-4346668,"809 St, City 71",51,96.13673889765353,2.1176900387971562,0
7873,Retailer 7873,555-7696674,"682 St, City 72",51,109.175033115624,53.085510405094006,0
7874,Retailer 7874,555-4205677,"518 St, City 73",44,58.605852950260875,71.02801468464381,0
7875,Retailer 7875,555-3506068,"197 St, City 74",43,73.5386817554669,29.466311468052886,0
7876,Retailer 7876,555-1483075,"98 St, City 75",45,118.78557928476667,63.051873787599504,0
7877,Retailer 7877,555-9126198,"459 St, City 76",46,134.55310566899334,33.72373938572787,0
7878,Retailer 7878,555-9715978,"841 St, City 77",41,96.50151837627968,34.65601783387231,0
7879,Retailer 7879,555-6451731,"230 St, City 78",44,113.10964021496439,66.07438399576183,0
7880,Retailer 7880,555-8499043,"168 St, City 79",46,97.6874632111324,2.8929694711909533,0
7881,Retailer 7881,555-7746037,"809 St, City 80",50,102.46840205765623,1.6885910679582932,0
7882,Retailer 7882,555-5473214,"777 St, City 81",51,78.083722636365,1.6524319468749356,0
7883,Retailer 7883,555-4682796,"8 St, City 82",44,111.12871708147236,16.23364141709959,0
7884,Retailer 7884,555-8851746,"172 St, City 83",58,85.15376851415441,87.78283207476481,0
7885,Retailer 7885,555-8841640,"954 St, City 84",62,104.87602827767508,61.19103943674488,0
7886,Retailer 7886,555-9740245,"360 St, City 85",56,115.0535842866035,45.69278465835725,0
7887,Retailer 7887,555-9566554,"195 St, City 86",55,112.5592090307818,15.521171060429884,0
7888,Retailer 7888,555-6137956,"269 St, City 87",40,83.86840289565293,52.14925626039952,0
7889,Retailer 7889,555-6274413,"19 St, City 88",42,105.40195707092221,7.3958251121383,0
7890,Retailer 7890,555-8724578,"354 St, City 89",51,88.49803147537123,26.409745387031478,0
7891,Retailer 7891,555-1864899,"864 St, City 90",34,114.79150414924834,41.1035170028053,0
7892,Retailer 7892,555-9652111,"49 St, City 91",60,116.7207774253983,2.9099033134344094,0
7893,Retailer 7893,555-7410575,"464 St, City 92",50,115.6068715376145,62.176531866627876,0
7894,Retailer 7894,555-3318292,"356 St, City 93",48,129.95715572436202,38.983577576880165,0
7895,Retailer 7895,555-3026393,"850 St, City 94",56,110.7310957411911,22.86069686567521,0
7896,Retailer 7896,555-8622520,"974 St, City 95",30,131.09964646729142,1.9332227006765548,0
7897,Retailer 7897,555-3379897,"158 St, City 96",47,115.00506341117512,35.5760075460622,0
7898,Retailer 7898,555-2294416,"66 St, City 97",52,86.59106272858124,17.785517430851982,0
7899,Retailer 7899,555-2985196,"973 St, City 98",57,105.44933903692014,40.031240006628856,0
7900,Retailer 7900,555-9052377,"859 St, City 99",60,122.11010486571392,1.1114482072428595,0
7901,Retailer 7901,555-8703189,"571 St, City 0",50,123.60820800470039,25.653010865819738,0
7902,Retailer 7902,555-2560121,"821 St, City 1",55,92.33960598773116,17.773017314844527,0
7903,Retailer 7903,555-6878263,"308 St, City 2",55,92.09862956491281,16.853849887510066,0
7904,Retailer 7904,555-1443035,"337 St, City 3",53,113.46136218185741,21.86771269213131,0
7905,Retailer 7905,555-4099072,"671 St, City 4",58,85.7081530742479,3.9603367111352172,0
7906,Retailer 7906,555-7650723,"783 St, City 5",31,97.26472930259042,82.21022764815004,0
7907,Retailer 7907,555-9349092,"121 St, City 6",43,103.53065659169857,36.59311902611724,0
7908,Retailer 7908,555-6200551,"766 St, City 7",37,98.38376505586567,2.659995352481093,0
7909,Retailer 7909,555-8747156,"404 St, City 8",39,117.80343766274207,2.4838321616211956,0
7910,Retailer 7910,555-5552636,"773 St, City 9",59,116.3503184198017,7.09681479786265,0
7911,Retailer 7911,555-1751240,"647 St, City 10",37,104.53841586876436,8.22215348604306,0
7912,Retailer 7912,555-5315596,"786 St, City 11",51,78.91804356094346,20.32709183600068,0
7913,Retailer 7913,555-7775996,"568 St, City 12",46,129.28767834692383,23.065580994111706,0
7914,Retailer 7914,555-1995791,"843 St, City 13",51,86.09723236627443,4.727971460618064,0
7915,Retailer 7915,555-2960299,"96 St, City 14",64,90.22664345591127,108.9545195384845,0
7916,Retailer 7916,555-6079111,"114 St, City 15",44,84.63204859312704,52.24949492690711,0
7917,Retailer 7917,555-8902634,"987 St, City 16",53,71.13436206182901,30.111698700036122,0
7918,Retailer 7918,555-3853501,"986 St, City 17",43,120.67728442789708,9.767977955471045,0
7919,Retailer 7919,555-7282444,"869 St, City 18",46,137.0842119525869,72.35190394351204,0
7920,Retailer 7920,555-6613904,"429 St, City 19",42,75.41038043598519,11.360774890293795,0
7921,Retailer 7921,555-3459622,"540 St, City 20",46,64.03816511904773,11.536240835631695,0
7922,Retailer 7922,555-2897459,"818 St, City 21",53,103.3460248263319,13.058839596895405,0
7923,Retailer 7923,555-5240012,"2 St, City 22",53,107.32068319531413,1.4736618068918428,0
7924,Retailer 7924,555-2215442,"212 St, City 23",69,57.63670445203226,1.9154913250282246,0
7925,Retailer 7925,555-6564396,"580 St, City 24",46,79.49509640782227,19.376645975832297,0
7926,Retailer 7926,555-8903797,"640 St, City 25",43,126.68028367079951,64.04949211909985,0
7927,Retailer 7927,555-3580309,"333 St, City 26",52,112.40525206234683,85.61384061172764,0
7928,Retailer 7928,555-7425148,"24 St, City 27",51,126.52055261329227,44.845555472370094,0
7929,Retailer 7929,555-8049985,"765 St, City 28",39,79.31360005406,15.546677043877734,0
7930,Retailer 7930,555-8506161,"368 St, City 29",45,100.10807413527314,11.153289728304008,0
7931,Retailer 7931,555-6151946,"742 St, City 30",38,98.88162111563784,7.289085060468197,0
7932,Retailer 7932,555-8026206,"506 St, City 31",54,121.65256854687357,23.194949643274118,0
7933,Retailer 7933,555-5247328,"176 St, City 32",62,87.40853420516086,19.760083777001633,0
7934,Retailer 7934,555-2451469,"429 St, City 33",48,89.9222755239533,18.871204320143363,0
7935,Retailer 7935,555-4300874,"887 St, City 34",49,110.27119052942108,11.403701340660003,0
7936,Retailer 7936,555-5736416,"733 St, City 35",57,115.76668234021656,26.162968340890966,0
7937,Retailer 7937,555-5063997,"442 St, City 36",49,90.96569881802134,28.089584628485937,0
7938,Retailer 7938,555-9302975,"548 St, City 37",31,104.74842868769315,62.42998526274425,0
7939,Retailer 7939,555-7126463,"514 St, City 38",45,118.90401009268086,42.98941092801725,0
7940,Retailer 7940,555-9437534,"895 St, City 39",64,106.37076241024057,12.009365178373399,0
7941,Retailer 7941,555-6410812,"361 St, City 40",51,91.19706668330741,14.318674150231116,0
7942,Retailer 7942,555-8152765,"274 St, City 41",47,106.13001568862316,8.213371242826058,0
7943,Retailer 7943,555-7107182,"177 St, City 42",51,113.06309598184703,5.620706167336744,0
7944,Retailer 7944,555-7012621,"264 St, City 43",44,101.67039535981529,3.4586746690165513,0
7945,Retailer 7945,555-4751387,"186 St, City 44",46,110.76387338382415,1.041484374960698,0
7946,Retailer 7946,555-3779060,"527 St, City 45",51,119.18238073245514,16.222142116135988,0
7947,Retailer 7947,555-1483791,"913 St, City 46",45,108.43611227710353,95.91478499475467,0
7948,Retailer 7948,555-3158714,"279 St, City 47",60,117.34840920685349,23.16646916584032,0
7949,Retailer 7949,555-3622280,"706 St, City 48",58,96.80473763286176,40.66211845670249,0
7950,Retailer 7950,555-5225872,"198 St, City 49",56,90.46419999638017,15.211099040036885,0
7951,Retailer 7951,555-9998934,"349 St, City 50",54,128.4562844031057,14.554997421933841,0
7952,Retailer 7952,555-2245749,"923 St, City 51",50,55.28364521658469,4.012883650313821,0
7953,Retailer 7953,555-3226941,"421 St, City 52",45,108.4826460153823,10.693878456727278,0
7954,Retailer 7954,555-2418180,"305 St, City 53",57,93.98339351542725,79.21397167842461,0
7955,Retailer 7955,555-9463331,"64 St, City 54",71,113.71555027309515,20.212193267188475,0
7956,Retailer 7956,555-7233146,"290 St, City 55",54,76.38851971422244,6.857600766774582,0
7957,Retailer 7957,555-8054499,"18 St, City 56",52,107.33395120846107,32.69734464841756,0
7958,Retailer 7958,555-9237881,"64 St, City 57",49,111.86368397741715,15.598408695627707,0
7959,Retailer 7959,555-4018967,"874 St, City 58",53,108.0450755007845,52.69188136313036,0
7960,Retailer 7960,555-4726904,"330 St, City 59",41,82.61222286598917,2.922681188679725,0
7961,Retailer 7961,555-1792515,"870 St, City 60",47,88.01347054083585,22.13226032650331,0
7962,Retailer 7962,555-6910838,"763 St, City 61",53,114.06489701760897,48.46551022445371,0
7963,Retailer 7963,555-2393196,"940 St, City 62",60,97.90027602159485,57.67991714292052,0
7964,Retailer 7964,555-2035211,"17 St, City 63",49,60.103745469349164,15.142613405193696,0
7965,Retailer 7965,555-3189568,"443 St, City 64",51,90.5205587184405,40.532568575909615,0
7966,Retailer 7966,555-4934740,"141 St, City 65",59,123.71426057748036,101.18689816551715,0
7967,Retailer 7967,555-1647122,"308 St, City 66",53,97.11089194790284,29.180107593006966,0
7968,Retailer 7968,555-4782164,"444 St, City 67",45,73.62477683419266,50.07404580020781,0
7969,Retailer 7969,555-2761331,"496 St, City 68",41,92.87891843495754,25.58184565385035,0
7970,Retailer 7970,555-2877329,"426 St, City 69",46,99.6540290167492,46.84982121721987,0
7971,Retailer 7971,555-3892970,"475 St, City 70",49,85.0234021232333,84.75363431973119,0
7972,Retailer 7972,555-1315315,"832 St, City 71",50,126.9582514780985,37.28784666682845,0
7973,Retailer 7973,555-9539202,"245 St, City 72",53,94.01953460819192,5.032282058093626,0
7974,Retailer 7974,555-7776432,"450 St, City 73",42,95.53741863192097,2.564125600782826,0
7975,Retailer 7975,555-4959015,"802 St, City 74",66,96.94809806626489,50.15321298667042,0
7976,Retailer 7976,555-3214979,"351 St, City 75",54,63.91182618315226,8.966997224633221,0
7977,Retailer 7977,555-4405851,"599 St, City 76",47,107.54567161783602,62.446945740333234,0
7978,Retailer 7978,555-8354292,"711 St, City 77",47,88.18293866713037,6.5504945669560675,0
7979,Retailer 7979,555-1196211,"870 St, City 78",61,51.20124484372165,72.5893135422895,0
7980,Retailer 7980,555-2836082,"960 St, City 79",50,70.01713886720637,49.075836649638426,0
7981,Retailer 7981,555-3237699,"161 St, City 80",43,98.96498893198736,63.92530738865469,0
7982,Retailer 7982,555-5458434,"140 St, City 81",51,124.5974675098127,7.946612138543847,0
7983,Retailer 7983,555-2813065,"493 St, City 82",55,114.36165885488302,63.243539849875184,0
7984,Retailer 7984,555-5957161,"588 St, City 83",57,111.10674043695178,26.5699226540651,0
7985,Retailer 7985,555-8395511,"531 St, City 84",43,102.03630369025743,2.6324371316546027,0
7986,Retailer 7986,555-5587281,"393 St, City 85",41,107.64838398971048,80.22709500529356,0
7987,Retailer 7987,555-6507200,"842 St, City 86",51,101.96790413980864,6.494043132107336,0
7988,Retailer 7988,555-9765940,"401 St, City 87",45,85.27277045557057,7.204830355603183,0
7989,Retailer 7989,555-9472761,"50 St, City 88",54,86.02724230087804,36.52501174008742,0
7990,Retailer 7990,555-5978234,"744 St, City 89",61,100.3007383118065,26.24469563618548,0
7991,Retailer 7991,555-4972162,"295 St, City 90",53,84.72845836890583,69.98868047198599,0
7992,Retailer 7992,555-7166994,"425 St, City 91",43,66.31748132193056,10.999775597997411,0
7993,Retailer 7993,555-5172060,"906 St, City 92",44,111.99919943426886,1.278503236243593,0
7994,Retailer 7994,555-7603352,"12 St, City 93",56,108.7691449440424,158.94565016781053,0
7995,Retailer 7995,555-1078947,"335 St, City 94",55,65.88216715580691,11.251446944649725,0
7996,Retailer 7996,555-8152604,"991 St, City 95",51,75.36737734794838,5.299494540466835,0
7997,Retailer 7997,555-9136537,"15 St, City 96",54,106.74528055907582,124.77822958893911,0
7998,Retailer 7998,555-4969411,"28 St, City 97",50,77.08088076583357,24.82736525128213,0
7999,Retailer 7999,555-7387952,"388 St, City 98",50,100.55194197442238,4.835292651889661,0
8000,Retailer 8000,555-6969677,"292 St, City 99",35,116.83344235076966,54.20402995423174,0
8001,Retailer 8001,555-1968410,"887 St, City 0",43,90.7684863803407,87.24207213770714,0
8002,Retailer 8002,555-4936642,"833 St, City 1",48,113.23451725995575,63.929630775137575,0
8003,Retailer 8003,555-2040835,"250 St, City 2",59,89.89305897007121,6.642576262010492,0
8004,Retailer 8004,555-7626532,"505 St, City 3",59,93.40516367658554,1.6238022262507863,0
8005,Retailer 8005,555-6386452,"98 St, City 4",47,108.32284108889341,13.923017318236809,0
8006,Retailer 8006,555-9531225,"815 St, City 5",42,113.4474219781875,13.147941383700067,0
8007,Retailer 8007,555-7952057,"337 St, City 6",53,74.92085913917157,15.622193062687256,0
8008,Retailer 8008,555-6134629,"39 St, City 7",44,73.62846036769892,48.13062363128087,0
8009,Retailer 8009,555-5926730,"38 St, City 8",55,69.50181256137623,0.2908013970783814,0
8010,Retailer 8010,555-2030120,"300 St, City 9",62,133.53137597874377,33.70068889304849,0
8011,Retailer 8011,555-2034780,"179 St, City 10",59,91.29202498735302,126.30080764679278,0
8012,Retailer 8012,555-8128822,"609 St, City 11",47,86.02442010814896,15.282458393570753,0
8013,Retailer 8013,555-1749045,"892 St, City 12",45,105.8429004124447,19.910997373997468,0
8014,Retailer 8014,555-1872109,"469 St, City 13",56,66.89402264584525,29.66383660479722,0
8015,Retailer 8015,555-8736085,"282 St, City 14",45,92.51493296822973,10.08869298409107,0
8016,Retailer 8016,555-1387405,"750 St, City 15",44,100.1420871140269,38.030504418692814,0
8017,Retailer 8017,555-7805360,"164 St, City 16",40,80.56099447013096,6.806904142913453,0
8018,Retailer 8018,555-5561786,"453 St, City 17",48,76.87852912147352,2.0095896817227095,0
8019,Retailer 8019,555-5758669,"97 St, City 18",45,92.45659313776814,48.48312794010567,0
8020,Retailer 8020,555-4101004,"769 St, City 19",45,90.18621572890986,5.8264291389278196,0
8021,Retailer 8021,555-6534693,"309 St, City 20",47,89.61509887601551,39.44641114633861,0
8022,Retailer 8022,555-3932208,"262 St, City 21",45,70.13389412853311,61.509927139809676,0
8023,Retailer 8023,555-5187442,"293 St, City 22",44,69.98639571965064,1.4056629946414807,0
8024,Retailer 8024,555-4812197,"770 St, City 23",49,125.16985887933113,36.796351514901815,0
8025,Retailer 8025,555-7433564,"249 St, City 24",56,73.79134262617383,31.173722314885428,0
8026,Retailer 8026,555-1956740,"245 St, City 25",59,95.86917051635555,29.335368412126112,0
8027,Retailer 8027,555-3210846,"251 St, City 26",50,96.71627790722101,10.501973011784617,0
8028,Retailer 8028,555-5428760,"123 St, City 27",38,90.40131433979123,1.4011031210281384,0
8029,Retailer 8029,555-3309231,"325 St, City 28",46,96.73804484555292,3.1103942867665677,0
8030,Retailer 8030,555-5610764,"986 St, City 29",44,92.87430493861817,9.56134211960653,0
8031,Retailer 8031,555-5495433,"681 St, City 30",41,91.69538981398887,15.63579804336688,0
8032,Retailer 8032,555-6215784,"947 St, City 31",46,121.06894192892771,75.06647571939001,0
8033,Retailer 8033,555-2967582,"501 St, City 32",48,80.93292342065702,34.56755638048301,0
8034,Retailer 8034,555-1840268,"687 St, City 33",65,87.28895735258222,0.7939617145967903,0
8035,Retailer 8035,555-7129026,"781 St, City 34",56,118.25529670686365,75.66484682791652,0
8036,Retailer 8036,555-6770938,"716 St, City 35",40,88.19599911789376,38.2264923820075,0
8037,Retailer 8037,555-7557601,"837 St, City 36",39,91.03389510854353,20.35210009910081,0
8038,Retailer 8038,555-9441243,"66 St, City 37",55,87.93290856441416,18.653571853268268,0
8039,Retailer 8039,555-1983638,"827 St, City 38",45,120.96400620782094,81.17400461590869,0
8040,Retailer 8040,555-7911596,"836 St, City 39",56,117.76061740282434,23.95577505473205,0
8041,Retailer 8041,555-6596127,"59 St, City 40",57,76.28077868308331,20.961459699145543,0
8042,Retailer 8042,555-3791671,"731 St, City 41",45,128.2702531802456,44.699620677431554,0
8043,Retailer 8043,555-3061892,"498 St, City 42",53,56.69531663017046,26.97679406578793,0
8044,Retailer 8044,555-4431543,"373 St, City 43",41,66.49711920740205,8.58492813101443,0
8045,Retailer 8045,555-7963266,"266 St, City 44",51,68.32752692742687,203.80813812345482,0
8046,Retailer 8046,555-5078140,"653 St, City 45",46,77.94798941967147,9.88762263999014,0
8047,Retailer 8047,555-9485356,"236 St, City 46",56,91.3598638460576,34.47757778182929,0
8048,Retailer 8048,555-4909308,"898 St, City 47",43,78.56122420515774,20.184806406293852,0
8049,Retailer 8049,555-8466897,"218 St, City 48",59,75.81070725029429,3.897585464733548,0
8050,Retailer 8050,555-8685727,"527 St, City 49",63,109.23861853936313,95.81004785312038,0
8051,Retailer 8051,555-1915767,"814 St, City 50",40,92.71270989129795,12.271997895125669,0
8052,Retailer 8052,555-9689972,"441 St, City 51",55,114.66741698208426,32.10223148249222,0
8053,Retailer 8053,555-9214491,"650 St, City 52",51,117.2357948161557,40.14880022032905,0
8054,Retailer 8054,555-4369415,"406 St, City 53",49,101.91340966641893,15.061716880198757,0
8055,Retailer 8055,555-4703713,"744 St, City 54",50,112.65722870996917,9.063071188350385,0
8056,Retailer 8056,555-1381856,"601 St, City 55",56,94.93794139610465,1.821270430265795,0
8057,Retailer 8057,555-4765444,"975 St, City 56",52,73.81169112796961,90.8256250093314,0
8058,Retailer 8058,555-5579097,"589 St, City 57",56,70.48366868471699,26.174039272136124,0
8059,Retailer 8059,555-8613312,"648 St, City 58",51,59.86502532188511,37.806943577409854,0
8060,Retailer 8060,555-5016899,"917 St, City 59",56,113.90744944321702,18.9814435051668,0
8061,Retailer 8061,555-4955199,"469 St, City 60",56,101.60585608521981,7.966195953033133,0
8062,Retailer 8062,555-6242329,"918 St, City 61",46,39.3334168183575,161.53393357449178,0
8063,Retailer 8063,555-4268896,"110 St, City 62",49,111.36678719937501,102.69959734920498,0
8064,Retailer 8064,555-5253459,"353 St, City 63",65,99.77862332023865,58.98207483613439,0
8065,Retailer 8065,555-8356943,"813 St, City 64",56,80.34964642963146,74.35430946964532,0
8066,Retailer 8066,555-8136940,"91 St, City 65",66,80.09504367160046,25.672860843208422,0
8067,Retailer 8067,555-3854135,"936 St, City 66",51,92.8669971097533,13.755925833877987,0
8068,Retailer 8068,555-1476377,"882 St, City 67",57,122.32031244218405,12.609100001933749,0
8069,Retailer 8069,555-1398422,"918 St, City 68",56,99.30382513760875,81.41817082578578,0
8070,Retailer 8070,555-1121937,"414 St, City 69",32,84.14973390194504,95.72730575659196,0
8071,Retailer 8071,555-2133629,"702 St, City 70",53,142.94890187204953,17.420547127747348,0
8072,Retailer 8072,555-8652126,"73 St, City 71",52,118.32973568055256,28.025246225894726,0
8073,Retailer 8073,555-1378355,"685 St, City 72",49,117.9635092969501,49.08418981486091,0
8074,Retailer 8074,555-4993611,"547 St, City 73",56,119.34072137172535,36.37104508503856,0
8075,Retailer 8075,555-8814889,"722 St, City 74",51,123.63619891516201,61.13252785594111,0
8076,Retailer 8076,555-8277186,"298 St, City 75",52,108.4139133941855,28.143241242663922,0
8077,Retailer 8077,555-2675259,"645 St, City 76",45,100.40714073446512,26.202799056103128,0
8078,Retailer 8078,555-9173192,"283 St, City 77",44,102.13440693512287,14.137619280375922,0
8079,Retailer 8079,555-7609001,"505 St, City 78",52,72.38808358858361,2.283051339871867,0
8080,Retailer 8080,555-8537330,"198 St, City 79",55,55.177534939822564,1.7143262402656874,0
8081,Retailer 8081,555-9937999,"958 St, City 80",49,114.18695212653176,4.937428737538936,0
8082,Retailer 8082,555-9816087,"32 St, City 81",69,136.39850572101707,1.785274488963007,0
8083,Retailer 8083,555-7024945,"648 St, City 82",46,92.43597714786155,22.980831564731012,0
8084,Retailer 8084,555-2360764,"760 St, City 83",51,127.75804196067368,15.50415989352625,0
8085,Retailer 8085,555-4171553,"871 St, City 84",203,10.565253634734795,0.7988058773069316,1
8086,Retailer 8086,555-3594545,"341 St, City 85",60,89.67866470557662,0.664098943527234,0
8087,Retailer 8087,555-4182999,"658 St, City 86",47,124.18404933461323,22.20814440578424,0
8088,Retailer 8088,555-8406465,"334 St, City 87",46,112.65464083204515,23.896170576128746,0
8089,Retailer 8089,555-8029446,"143 St, City 88",38,93.50052175002784,1.1399578336645422,0
8090,Retailer 8090,555-6790740,"746 St, City 89",48,110.63577500787633,33.25876365564371,0
8091,Retailer 8091,555-9951442,"410 St, City 90",53,105.72092134560516,4.035719008655099,0
8092,Retailer 8092,555-9272686,"949 St, City 91",47,60.73706443954678,20.467245166456213,0
8093,Retailer 8093,555-1840597,"44 St, City 92",55,149.7788499640604,5.188239695239483,0
8094,Retailer 8094,555-1850122,"32 St, City 93",51,78.5180566224638,1.1953493843283167,0
8095,Retailer 8095,555-3572703,"743 St, City 94",51,103.91927577162203,7.161622528824385,0
8096,Retailer 8096,555-1730559,"28 St, City 95",54,136.68865952133473,18.71679356204919,0
8097,Retailer 8097,555-9910335,"423 St, City 96",41,94.55718912445849,40.86670557083461,0
8098,Retailer 8098,555-7328404,"491 St, City 97",41,85.15876687227346,9.259320599193115,0
8099,Retailer 8099,555-2862015,"160 St, City 98",56,102.59728731510836,34.66162704500402,0
8100,Retailer 8100,555-3005464,"845 St, City 99",57,93.0828691146824,59.5662148941468,0
8101,Retailer 8101,555-5605677,"207 St, City 0",46,124.4757433322927,9.432192483473687,0
8102,Retailer 8102,555-5017641,"18 St, City 1",52,83.27541786449743,22.158526018441556,0
8103,Retailer 8103,555-2705692,"103 St, City 2",80,88.5580291289121,15.800274815637335,0
8104,Retailer 8104,555-9325648,"582 St, City 3",50,98.23011972837409,0.8355204065943961,0
8105,Retailer 8105,555-1626776,"631 St, City 4",45,74.22973603004397,14.92116039216677,0
8106,Retailer 8106,555-2761987,"651 St, City 5",54,88.97167963167546,14.205913357017316,0
8107,Retailer 8107,555-7523229,"672 St, City 6",38,89.14014048275625,29.17764026602349,0
8108,Retailer 8108,555-4486082,"232 St, City 7",63,74.64859752790866,60.39419012785414,0
8109,Retailer 8109,555-2550642,"660 St, City 8",48,87.59131150901973,33.43023279409459,0
8110,Retailer 8110,555-3494903,"865 St, City 9",41,114.79365229004924,13.172982671662277,0
8111,Retailer 8111,555-8789283,"424 St, City 10",33,59.97814670301402,17.87356610663712,0
8112,Retailer 8112,555-1516031,"904 St, City 11",49,120.29221457980036,65.4532217065235,0
8113,Retailer 8113,555-1047367,"755 St, City 12",51,89.51119659558944,30.566500760473264,0
8114,Retailer 8114,555-8226078,"547 St, City 13",48,106.5401410062048,14.821084802138854,0
8115,Retailer 8115,555-6695908,"837 St, City 14",53,120.04689549363583,27.50106349720655,0
8116,Retailer 8116,555-2632748,"894 St, City 15",37,81.21215574234833,31.01275624168519,0
8117,Retailer 8117,555-5862944,"867 St, City 16",49,108.99979363177673,19.749354420609663,0
8118,Retailer 8118,555-1364716,"239 St, City 17",56,73.81407720039547,60.159158154138694,0
8119,Retailer 8119,555-6327701,"334 St, City 18",53,72.04550366211669,50.25494932890892,0
8120,Retailer 8120,555-9633305,"149 St, City 19",53,95.0844433862019,22.296026725935207,0
8121,Retailer 8121,555-6253087,"623 St, City 20",57,96.79747234209842,95.35637533177983,0
8122,Retailer 8122,555-5920791,"408 St, City 21",58,119.29206271506841,91.86610141996812,0
8123,Retailer 8123,555-6270637,"17 St, City 22",42,70.4986664136889,101.49764666168328,0
8124,Retailer 8124,555-9352804,"914 St, City 23",46,111.80710711369638,7.473337861338188,0
8125,Retailer 8125,555-1454623,"226 St, City 24",54,91.65805869211387,3.273501096534197,0
8126,Retailer 8126,555-9284742,"652 St, City 25",52,97.16652265912718,28.95622225838108,0
8127,Retailer 8127,555-9015648,"656 St, City 26",51,57.08796975773255,39.01102676991313,0
8128,Retailer 8128,555-2310646,"260 St, City 27",39,95.35746800483007,11.001633246408248,0
8129,Retailer 8129,555-9429948,"729 St, City 28",45,114.70628781179835,23.14484178878105,0
8130,Retailer 8130,555-9169815,"674 St, City 29",46,93.56614846042716,31.31197213140019,0
8131,Retailer 8131,555-1892743,"604 St, City 30",27,92.32498856784436,18.673040562206463,0
8132,Retailer 8132,555-3014751,"174 St, City 31",57,136.63513117930802,23.383471541903237,0
8133,Retailer 8133,555-6842488,"843 St, City 32",51,98.60073902070941,2.3451480089159764,0
8134,Retailer 8134,555-2413285,"205 St, City 33",63,63.91261238332373,153.98797340047486,0
8135,Retailer 8135,555-2330657,"415 St, City 34",47,68.06977546929193,14.277069530778327,0
8136,Retailer 8136,555-6252279,"508 St, City 35",41,128.99647667548038,6.891169746846984,0
8137,Retailer 8137,555-1945161,"153 St, City 36",49,89.47305823661637,19.61867533075837,0
8138,Retailer 8138,555-6000783,"103 St, City 37",62,115.71085384575045,11.458165747789392,0
8139,Retailer 8139,555-3328767,"714 St, City 38",51,91.98361485790804,14.903926681257097,0
8140,Retailer 8140,555-9333631,"792 St, City 39",58,107.53276049841308,24.82556396301113,0
8141,Retailer 8141,555-3707133,"65 St, City 40",64,90.54703255678504,9.789941591213696,0
8142,Retailer 8142,555-5819523,"117 St, City 41",48,96.7389030863263,32.94163156276926,0
8143,Retailer 8143,555-7622266,"665 St, City 42",58,108.7282455485365,16.95494256950883,0
8144,Retailer 8144,555-1053010,"156 St, City 43",47,74.49449250467457,2.6369361111094465,0
8145,Retailer 8145,555-6805333,"676 St, City 44",52,105.40750832497835,65.38973816412339,0
8146,Retailer 8146,555-6516552,"82 St, City 45",44,103.43867317597962,19.467393008324233,0
8147,Retailer 8147,555-1907272,"518 St, City 46",47,68.79063712156646,76.8920748935385,0
8148,Retailer 8148,555-5074411,"834 St, City 47",67,153.3038772351489,14.372163061707473,0
8149,Retailer 8149,555-1536364,"67 St, City 48",48,92.47079345576033,23.4688866291265,0
8150,Retailer 8150,555-1903057,"238 St, City 49",55,78.64825095470366,62.040049932717366,0
8151,Retailer 8151,555-2750652,"584 St, City 50",51,129.40324543361027,18.608927864720048,0
8152,Retailer 8152,555-3619909,"607 St, City 51",49,74.74943247155005,30.082312308801026,0
8153,Retailer 8153,555-1663478,"816 St, City 52",51,87.50134736868313,8.513032994443158,0
8154,Retailer 8154,555-5139524,"979 St, City 53",52,102.80765315662069,8.159152017010673,0
8155,Retailer 8155,555-1990993,"326 St, City 54",32,87.9796263608304,23.46909378360127,0
8156,Retailer 8156,555-7394544,"590 St, City 55",45,110.47277940535925,28.494490668308924,0
8157,Retailer 8157,555-2588049,"67 St, City 56",51,110.83322414175174,31.99391202813247,0
8158,Retailer 8158,555-1959296,"176 St, City 57",55,84.29330873999434,43.913291083528904,0
8159,Retailer 8159,555-9337746,"833 St, City 58",54,129.33672963008388,76.75499289327051,0
8160,Retailer 8160,555-8914933,"684 St, City 59",50,93.77788100882401,8.238782596488448,0
8161,Retailer 8161,555-1262530,"478 St, City 60",55,103.98535610871217,28.985226286759133,0
8162,Retailer 8162,555-4631097,"255 St, City 61",46,92.18307729247847,17.562555260497447,0
8163,Retailer 8163,555-6708824,"63 St, City 62",43,91.07872517433611,2.8038831937143023,0
8164,Retailer 8164,555-3042361,"814 St, City 63",67,98.55620679096654,18.129830323920576,0
8165,Retailer 8165,555-1217767,"403 St, City 64",42,136.92499936512013,46.91839118926914,0
8166,Retailer 8166,555-2109970,"758 St, City 65",44,108.37767416233811,2.4728120140359144,0
8167,Retailer 8167,555-4870033,"192 St, City 66",44,78.92142079254631,27.95874424380643,0
8168,Retailer 8168,555-6882545,"979 St, City 67",45,101.57840841981258,15.832614145779937,0
8169,Retailer 8169,555-1187486,"329 St, City 68",48,88.75810335108453,31.84519750466624,0
8170,Retailer 8170,555-8263776,"71 St, City 69",50,119.41565423391825,51.673109700744774,0
8171,Retailer 8171,555-2628782,"878 St, City 70",43,97.75613910881006,23.403385888741827,0
8172,Retailer 8172,555-4388284,"741 St, City 71",51,71.55253248235702,10.870198796865346,0
8173,Retailer 8173,555-2733391,"946 St, City 72",45,108.13567740333784,2.8342879516934856,0
8174,Retailer 8174,555-9755198,"63 St, City 73",48,83.40181669685096,10.219864999960565,0
8175,Retailer 8175,555-9483310,"297 St, City 74",35,108.06586968354105,13.607492928276754,0
8176,Retailer 8176,555-3202661,"245 St, City 75",36,119.1309105614315,30.755893976942343,0
8177,Retailer 8177,555-5550056,"519 St, City 76",55,94.28362247226926,14.747946404277398,0
8178,Retailer 8178,555-2162886,"393 St, City 77",50,96.76831757878223,15.460170611100732,0
8179,Retailer 8179,555-5075341,"772 St, City 78",56,103.41216775882518,10.295482637832675,0
8180,Retailer 8180,555-3929386,"601 St, City 79",42,86.75037462494792,13.524057435618833,0
8181,Retailer 8181,555-7401391,"177 St, City 80",64,101.79622609086827,9.278517516141575,0
8182,Retailer 8182,555-4263647,"204 St, City 81",39,104.16984977217223,39.742314961166784,0
8183,Retailer 8183,555-1958101,"646 St, City 82",55,82.26554024060466,122.1684654528279,0
8184,Retailer 8184,555-1069519,"594 St, City 83",35,123.96038970483491,39.800746160475335,0
8185,Retailer 8185,555-8838236,"533 St, City 84",52,65.57894330816148,2.294412103831729,0
8186,Retailer 8186,555-1960655,"911 St, City 85",48,116.14797057807154,30.047989982266124,0
8187,Retailer 8187,555-3141924,"128 St, City 86",61,127.58994130000704,36.40999423758802,0
8188,Retailer 8188,555-3979674,"195 St, City 87",41,115.7792056762193,45.185411700790475,0
8189,Retailer 8189,555-3292056,"194 St, City 88",54,78.84659388984261,43.15117268823405,0
8190,Retailer 8190,555-9547596,"184 St, City 89",58,117.30131946405771,21.301986219257437,0
8191,Retailer 8191,555-8122759,"247 St, City 90",30,142.0855238813415,9.13152799250076,0
8192,Retailer 8192,555-3611895,"873 St, City 91",52,96.4011434777529,3.8551660514923456,0
8193,Retailer 8193,555-5233384,"872 St, City 92",43,99.9878327296581,0.25223532980566366,0
8194,Retailer 8194,555-8369080,"324 St, City 93",55,115.4211053819211,0.045554231843852364,0
8195,Retailer 8195,555-6852373,"160 St, City 94",43,82.54770198764425,82.56324481447982,0
8196,Retailer 8196,555-8656887,"706 St, City 95",59,69.31963212077207,28.091285012017376,0
8197,Retailer 8197,555-5450696,"622 St, City 96",46,108.4242741571687,25.6132942161356,0
8198,Retailer 8198,555-3873382,"925 St, City 97",47,100.7307156212347,14.17977374602274,0
8199,Retailer 8199,555-2390179,"66 St, City 98",62,79.27318248758506,48.06291472041006,0
8200,Retailer 8200,555-9113324,"930 St, City 99",48,107.7039802354439,7.460755214838766,0
8201,Retailer 8201,555-8128080,"254 St, City 0",57,93.02526966898502,40.19157443186073,0
8202,Retailer 8202,555-6851361,"283 St, City 1",56,107.51315781702793,13.520005859736507,0
8203,Retailer 8203,555-9314052,"60 St, City 2",48,103.77297621833395,36.90518036997274,0
8204,Retailer 8204,555-4771414,"118 St, City 3",45,102.68609664601453,36.76564011852133,0
8205,Retailer 8205,555-1746470,"423 St, City 4",214,11.09961487799498,11.363485517492833,1
8206,Retailer 8206,555-8068566,"556 St, City 5",66,64.93063239342385,81.66001153896202,0
8207,Retailer 8207,555-2918517,"998 St, City 6",55,69.93718568026989,21.25769079330698,0
8208,Retailer 8208,555-4459544,"722 St, City 7",47,135.94653092412483,8.94148539071737,0
8209,Retailer 8209,555-8272268,"36 St, City 8",55,127.68640402289773,33.606714562673666,0
8210,Retailer 8210,555-3830095,"531 St, City 9",45,94.4555523216443,41.69275489522136,0
8211,Retailer 8211,555-4429985,"91 St, City 10",40,108.57965020974184,90.28539321288487,0
8212,Retailer 8212,555-2311414,"301 St, City 11",42,66.59150805787988,2.2829143079532823,0
8213,Retailer 8213,555-5185727,"724 St, City 12",47,70.26210836510721,23.292116821864994,0
8214,Retailer 8214,555-9404196,"917 St, City 13",63,41.05115424861098,20.222411174884947,0
8215,Retailer 8215,555-3814268,"919 St, City 14",62,78.41465881646641,11.142653184081619,0
8216,Retailer 8216,555-9845909,"734 St, City 15",40,86.99763814918566,43.80636113888112,0
8217,Retailer 8217,555-8058175,"217 St, City 16",63,114.14106264862549,6.480077649178489,0
8218,Retailer 8218,555-5017763,"735 St, City 17",49,95.33656790074812,11.914079107329071,0
8219,Retailer 8219,555-8931827,"923 St, City 18",47,105.31527965242326,43.59251714861198,0
8220,Retailer 8220,555-9435969,"98 St, City 19",52,92.60121022122665,19.46070146420169,0
8221,Retailer 8221,555-8136735,"456 St, City 20",59,97.30221300847516,4.388782155826783,0
8222,Retailer 8222,555-9232823,"531 St, City 21",48,92.69770752789792,67.40424922692202,0
8223,Retailer 8223,555-3239665,"809 St, City 22",54,105.18208669477053,39.36988896397717,0
8224,Retailer 8224,555-7363395,"538 St, City 23",47,45.242347312869384,24.816964345000756,0
8225,Retailer 8225,555-4423604,"28 St, City 24",57,99.91704760443051,28.19642234537151,0
8226,Retailer 8226,555-7084556,"576 St, City 25",54,96.88614796122748,29.503889449675878,0
8227,Retailer 8227,555-2844348,"324 St, City 26",39,133.33933032918304,20.752095897512767,0
8228,Retailer 8228,555-1759848,"223 St, City 27",43,104.54671083292234,40.96430189298024,0
8229,Retailer 8229,555-8100282,"80 St, City 28",45,131.79528063903405,37.692186089852356,0
8230,Retailer 8230,555-2592023,"563 St, City 29",38,84.26214833599737,0.0838199708352402,0
8231,Retailer 8231,555-9510974,"458 St, City 30",43,84.9170168087366,3.514587137931501,0
8232,Retailer 8232,555-3293316,"614 St, City 31",50,133.56912964050377,0.7691074174525648,0
8233,Retailer 8233,555-2539152,"176 St, City 32",43,95.2540219190938,5.550342883071377,0
8234,Retailer 8234,555-1823837,"522 St, City 33",53,83.83873981563266,2.2508084603204797,0
8235,Retailer 8235,555-9781384,"749 St, City 34",47,100.42605631536722,6.4624409867625054,0
8236,Retailer 8236,555-1356440,"457 St, City 35",48,103.8116363022657,23.198971860046456,0
8237,Retailer 8237,555-1841618,"423 St, City 36",47,124.6789967618568,33.232327354249435,0
8238,Retailer 8238,555-6991233,"100 St, City 37",41,83.94555533307368,75.24543790639504,0
8239,Retailer 8239,555-5729124,"890 St, City 38",44,114.82066957517395,40.33098880034325,0
8240,Retailer 8240,555-2035340,"740 St, City 39",53,135.04411266023084,0.9601265818965361,0
8241,Retailer 8241,555-9366126,"403 St, City 40",42,122.35161485103622,18.97339084176422,0
8242,Retailer 8242,555-1103021,"576 St, City 41",56,136.1657199111191,33.77671664157248,0
8243,Retailer 8243,555-8081159,"380 St, City 42",46,100.24191103824121,11.35573728400641,0
8244,Retailer 8244,555-3011562,"531 St, City 43",62,112.0844391888577,13.808541779627562,0
8245,Retailer 8245,555-9388817,"332 St, City 44",57,84.52238358235374,48.706387714711084,0
8246,Retailer 8246,555-9610679,"318 St, City 45",40,149.24811384725425,1.4453103610394613,0
8247,Retailer 8247,555-4806627,"653 St, City 46",47,117.94499856077752,23.274108141688725,0
8248,Retailer 8248,555-3903561,"537 St, City 47",60,104.60175066253396,48.96475381315133,0
8249,Retailer 8249,555-6473024,"740 St, City 48",56,98.90955884919815,47.89769324178684,0
8250,Retailer 8250,555-1216194,"89 St, City 49",48,57.35107805692923,3.854643085701867,0
8251,Retailer 8251,555-3454082,"604 St, City 50",51,56.59336510385248,55.903775604816964,0
8252,Retailer 8252,555-7474467,"511 St, City 51",36,78.13599238334666,2.412738491650862,0
8253,Retailer 8253,555-7965410,"42 St, City 52",46,89.1664347008547,77.33625420964887,0
8254,Retailer 8254,555-4597326,"885 St, City 53",44,112.97487448748795,7.311833730074992,0
8255,Retailer 8255,555-9396007,"807 St, City 54",41,116.16809097088532,3.6730745444064494,0
8256,Retailer 8256,555-6757122,"926 St, City 55",43,99.9968778452228,2.3049607099647367,0
8257,Retailer 8257,555-5857162,"389 St, City 56",35,106.4663492773828,12.620748167753645,0
8258,Retailer 8258,555-7132138,"81 St, City 57",56,96.40514897582136,12.85771935375758,0
8259,Retailer 8259,555-7664677,"402 St, City 58",43,121.92262183735947,22.40591111140473,0
8260,Retailer 8260,555-2034023,"107 St, City 59",54,85.39647273477979,39.60920773054809,0
8261,Retailer 8261,555-9177088,"111 St, City 60",50,93.71673006682256,21.385291380544622,0
8262,Retailer 8262,555-9782153,"277 St, City 61",49,103.82356799391958,115.82162281692369,0
8263,Retailer 8263,555-1300763,"214 St, City 62",37,84.55592328193815,7.083906207766875,0
8264,Retailer 8264,555-4849182,"743 St, City 63",64,70.17261781146443,7.0928274808929945,0
8265,Retailer 8265,555-2564458,"818 St, City 64",56,107.13901034850228,36.61685527132302,0
8266,Retailer 8266,555-8919584,"506 St, City 65",54,145.05724629222703,11.314082494301827,0
8267,Retailer 8267,555-5242154,"121 St, City 66",59,102.2535371578533,5.647864010113928,0
8268,Retailer 8268,555-2577586,"134 St, City 67",58,114.94722693967232,47.170859658274246,0
8269,Retailer 8269,555-5474220,"818 St, City 68",43,93.22854660320351,7.694066111695207,0
8270,Retailer 8270,555-9736857,"720 St, City 69",56,107.97247241564796,41.459118298631324,0
8271,Retailer 8271,555-1986275,"962 St, City 70",54,71.70842300139637,6.9462639744912575,0
8272,Retailer 8272,555-2410124,"371 St, City 71",43,78.41057267031081,84.11165542874429,0
8273,Retailer 8273,555-3532000,"257 St, City 72",38,112.20497632254582,10.49103216281715,0
8274,Retailer 8274,555-4394020,"697 St, City 73",49,95.25659244542996,41.55578704828745,0
8275,Retailer 8275,555-1810586,"798 St, City 74",55,66.69893532002925,55.24854878302356,0
8276,Retailer 8276,555-8753302,"954 St, City 75",44,91.61756501698936,3.925053022501555,0
8277,Retailer 8277,555-2599826,"875 St, City 76",42,118.45786018224466,2.1136962971189455,0
8278,Retailer 8278,555-2348483,"180 St, City 77",47,87.48947239900991,27.365284614335582,0
8279,Retailer 8279,555-1981598,"933 St, City 78",57,54.636754094753655,29.03498426049567,0
8280,Retailer 8280,555-5042974,"48 St, City 79",43,135.13367312694325,29.24580926778918,0
8281,Retailer 8281,555-9420149,"599 St, City 80",47,102.2902329681663,18.27366444237792,0
8282,Retailer 8282,555-9864367,"897 St, City 81",202,9.937969228093582,81.86674098912194,1
8283,Retailer 8283,555-3844510,"19 St, City 82",41,107.04899413617187,35.3395626454045,0
8284,Retailer 8284,555-5323492,"46 St, City 83",62,87.0040661404635,2.3134517861344195,0
8285,Retailer 8285,555-1208150,"451 St, City 84",63,107.09261234474063,46.11459838084774,0
8286,Retailer 8286,555-3573338,"898 St, City 85",50,106.34859397960253,9.667879821589873,0
8287,Retailer 8287,555-2858777,"56 St, City 86",53,136.68583655740508,38.51573695519582,0
8288,Retailer 8288,555-7510529,"741 St, City 87",50,125.70454867053832,1.8310499148228843,0
8289,Retailer 8289,555-1480620,"657 St, City 88",49,113.7100521659527,43.66187881947237,0
8290,Retailer 8290,555-5935500,"92 St, City 89",51,107.67362437341878,23.47682302532122,0
8291,Retailer 8291,555-5863099,"82 St, City 90",57,101.61272160637313,38.26959811859913,0
8292,Retailer 8292,555-5919314,"737 St, City 91",58,88.40426883703306,20.451642319639173,0
8293,Retailer 8293,555-7993152,"79 St, City 92",42,121.522414441683,48.450724923125776,0
8294,Retailer 8294,555-7196519,"662 St, City 93",45,91.54348535360961,88.13899382591097,0
8295,Retailer 8295,555-2122207,"873 St, City 94",45,95.14259995936317,40.700459872165844,0
8296,Retailer 8296,555-3690927,"283 St, City 95",53,101.37243724405027,40.89691725627526,0
8297,Retailer 8297,555-4036124,"311 St, City 96",45,87.48109955159903,7.327088340009626,0
8298,Retailer 8298,555-1427557,"997 St, City 97",46,91.05295374839073,13.130404207027498,0
8299,Retailer 8299,555-3165456,"160 St, City 98",42,100.04731999706316,4.007384908455303,0
8300,Retailer 8300,555-1365750,"316 St, City 99",55,98.41959442218997,22.806132992107223,0
8301,Retailer 8301,555-8517618,"877 St, City 0",49,129.1151285186118,17.747944707469635,0
8302,Retailer 8302,555-8767227,"979 St, City 1",38,69.4424608414684,10.473993600120808,0
8303,Retailer 8303,555-1484103,"668 St, City 2",52,111.24724254343776,2.151007593606702,0
8304,Retailer 8304,555-3152259,"156 St, City 3",58,90.36371984638942,80.38101063882273,0
8305,Retailer 8305,555-4390919,"888 St, City 4",41,93.04293321425287,27.897374015911147,0
8306,Retailer 8306,555-7641497,"714 St, City 5",64,52.45233663477787,11.791059343564454,0
8307,Retailer 8307,555-8412609,"468 St, City 6",54,85.09250168036318,12.818524110944509,0
8308,Retailer 8308,555-8031119,"921 St, City 7",47,110.38173055457074,15.0963152942149,0
8309,Retailer 8309,555-5455237,"853 St, City 8",57,86.16139803434967,50.08055466930404,0
8310,Retailer 8310,555-6871348,"462 St, City 9",54,90.4739916925081,7.088328806321868,0
8311,Retailer 8311,555-3379220,"854 St, City 10",50,93.91795453612714,58.23613903888758,0
8312,Retailer 8312,555-4519065,"117 St, City 11",51,104.05111287045507,11.192320065541645,0
8313,Retailer 8313,555-7960698,"666 St, City 12",37,133.2554485679738,61.452314866334206,0
8314,Retailer 8314,555-2784210,"364 St, City 13",56,98.53662539921224,67.86833190402318,0
8315,Retailer 8315,555-6198363,"843 St, City 14",50,157.80865391153947,35.78751237527607,0
8316,Retailer 8316,555-8341127,"631 St, City 15",42,151.71219174349082,67.53673581660847,0
8317,Retailer 8317,555-3463501,"711 St, City 16",41,132.78058822416972,41.24321733565897,0
8318,Retailer 8318,555-3819127,"913 St, City 17",52,120.353238207043,4.683470434905678,0
8319,Retailer 8319,555-7779865,"466 St, City 18",37,106.92653789638531,93.82074778703667,0
8320,Retailer 8320,555-6026014,"775 St, City 19",52,130.3717856321952,6.325583567178489,0
8321,Retailer 8321,555-2932919,"184 St, City 20",45,142.24377033597492,20.473852959277963,0
8322,Retailer 8322,555-7250674,"960 St, City 21",44,102.23250903269579,14.509478821845585,0
8323,Retailer 8323,555-8620520,"660 St, City 22",63,105.34035587733865,12.83802887713929,0
8324,Retailer 8324,555-9651964,"166 St, City 23",45,115.42403398738493,45.921304886356715,0
8325,Retailer 8325,555-8984705,"75 St, City 24",53,97.97826338775785,10.315234574515546,0
8326,Retailer 8326,555-9731896,"748 St, City 25",51,129.54700465104779,23.144770305380487,0
8327,Retailer 8327,555-3002507,"826 St, City 26",60,75.36632809486343,12.312027204991104,0
8328,Retailer 8328,555-3652808,"272 St, City 27",53,106.89849410191843,67.18152043214259,0
8329,Retailer 8329,555-5777376,"691 St, City 28",42,76.24805504176415,5.056761360417734,0
8330,Retailer 8330,555-8366829,"503 St, City 29",45,99.22326713375986,5.7890783516394455,0
8331,Retailer 8331,555-2358293,"795 St, City 30",50,85.27546758609877,3.5373271736139626,0
8332,Retailer 8332,555-2911128,"563 St, City 31",51,98.88381642542231,42.53957661686374,0
8333,Retailer 8333,555-5756497,"587 St, City 32",36,66.47840088502255,5.283954199111504,0
8334,Retailer 8334,555-6133381,"656 St, City 33",62,111.97851734110736,22.84951919394144,0
8335,Retailer 8335,555-4786065,"343 St, City 34",40,92.30412578024921,43.67327124317282,0
8336,Retailer 8336,555-5848243,"700 St, City 35",45,121.2488061639443,3.6827630305897903,0
8337,Retailer 8337,555-3425358,"635 St, City 36",45,98.9084182344844,79.9810152210069,0
8338,Retailer 8338,555-8645639,"844 St, City 37",57,116.82013778721038,10.023611351116843,0
8339,Retailer 8339,555-4917430,"251 St, City 38",46,90.6936319725335,47.15061952959153,0
8340,Retailer 8340,555-3105777,"808 St, City 39",57,116.01521311532173,47.3323946553735,0
8341,Retailer 8341,555-6544223,"835 St, City 40",66,142.17861532205552,12.847149937524437,0
8342,Retailer 8342,555-3390514,"130 St, City 41",48,84.7278813670674,23.993952185019996,0
8343,Retailer 8343,555-6942712,"764 St, City 42",48,116.21876965707038,29.895533355872363,0
8344,Retailer 8344,555-2171758,"358 St, City 43",52,75.11963859645331,16.112667761904184,0
8345,Retailer 8345,555-6276085,"944 St, City 44",42,97.25438780926797,13.289503242262311,0
8346,Retailer 8346,555-8449116,"692 St, City 45",48,63.048077094893,57.3429928518872,0
8347,Retailer 8347,555-8185180,"408 St, City 46",55,113.27715439563963,6.766764503983441,0
8348,Retailer 8348,555-1942639,"861 St, City 47",35,88.17813266928265,47.53276370475972,0
8349,Retailer 8349,555-9023556,"495 St, City 48",59,114.94523625426638,6.8343347410910225,0
8350,Retailer 8350,555-6171666,"622 St, City 49",58,106.09223808096198,36.131062176963844,0
8351,Retailer 8351,555-8099492,"482 St, City 50",53,95.18414818654345,10.174829457029059,0
8352,Retailer 8352,555-2280280,"980 St, City 51",47,115.55134144899569,78.67454820984334,0
8353,Retailer 8353,555-8457451,"850 St, City 52",55,121.24213024808792,27.8949327249069,0
8354,Retailer 8354,555-6546811,"78 St, City 53",69,91.61881162326213,22.876026035934238,0
8355,Retailer 8355,555-8127470,"978 St, City 54",56,122.00752269013296,10.495026811360452,0
8356,Retailer 8356,555-3850310,"514 St, City 55",56,95.46809773379076,21.318851586239028,0
8357,Retailer 8357,555-5015789,"321 St, City 56",52,45.175828109903904,2.0440822750515677,0
8358,Retailer 8358,555-5986518,"788 St, City 57",55,104.3181277256736,4.641669991952154,0
8359,Retailer 8359,555-9979666,"290 St, City 58",63,87.04228145313559,10.488194313697722,0
8360,Retailer 8360,555-4727661,"297 St, City 59",54,92.33561110077262,89.4308890730341,0
8361,Retailer 8361,555-2279372,"681 St, City 60",56,59.64381150147549,18.926334094395663,0
8362,Retailer 8362,555-5095228,"752 St, City 61",62,105.98094174037467,15.345787236907821,0
8363,Retailer 8363,555-6767034,"971 St, City 62",48,86.20885316144356,44.42568253645013,0
8364,Retailer 8364,555-9837010,"475 St, City 63",56,89.53953977764232,35.49472176299204,0
8365,Retailer 8365,555-9103292,"23 St, City 64",52,121.14171145536103,32.71515600127344,0
8366,Retailer 8366,555-3449851,"806 St, City 65",57,57.855690113901915,27.918956686161017,0
8367,Retailer 8367,555-7507552,"172 St, City 66",44,107.4356705150966,4.17667137071461,0
8368,Retailer 8368,555-9670441,"835 St, City 67",40,107.82664666779581,14.857239128512647,0
8369,Retailer 8369,555-2535834,"318 St, City 68",43,104.74830746930148,69.43243110872564,0
8370,Retailer 8370,555-3442547,"908 St, City 69",59,122.11557566739894,96.31972229038017,0
8371,Retailer 8371,555-2236968,"798 St, City 70",59,117.68439250250844,17.004908748417574,0
8372,Retailer 8372,555-4078882,"991 St, City 71",61,102.59934823863559,0.031669487413808844,0
8373,Retailer 8373,555-2521093,"855 St, City 72",52,84.96228329675301,20.753912347791164,0
8374,Retailer 8374,555-2988022,"193 St, City 73",48,91.0315143733039,7.731146451590563,0
8375,Retailer 8375,555-6281592,"681 St, City 74",52,99.53652344411842,6.250215280174364,0
8376,Retailer 8376,555-8536381,"916 St, City 75",59,53.341683518277776,10.013553973987937,0
8377,Retailer 8377,555-9411159,"118 St, City 76",45,89.99242374790349,3.924727011739836,0
8378,Retailer 8378,555-4193796,"6 St, City 77",51,123.91271598876381,1.4084578143339315,0
8379,Retailer 8379,555-9482216,"843 St, City 78",43,92.17611894099677,17.647443065779708,0
8380,Retailer 8380,555-9357038,"483 St, City 79",37,116.14582057345405,9.136755713982827,0
8381,Retailer 8381,555-9675147,"132 St, City 80",39,117.45144254641366,8.879257253313998,0
8382,Retailer 8382,555-7539108,"93 St, City 81",45,124.23018797995113,7.513731462233142,0
8383,Retailer 8383,555-4049307,"763 St, City 82",53,93.6406402274668,20.593564169413007,0
8384,Retailer 8384,555-7542683,"522 St, City 83",51,94.94211327920296,39.640637299088965,0
8385,Retailer 8385,555-3801818,"563 St, City 84",59,106.18255728022784,32.09259179970131,0
8386,Retailer 8386,555-6919586,"861 St, City 85",52,84.08637968305058,111.81120703569313,0
8387,Retailer 8387,555-5045721,"294 St, City 86",41,85.98059179178533,73.60301607511401,0
8388,Retailer 8388,555-2863032,"641 St, City 87",46,120.01619234753929,16.204491797434645,0
8389,Retailer 8389,555-5944614,"392 St, City 88",35,86.09454557995117,50.29619509243648,0
8390,Retailer 8390,555-8852016,"249 St, City 89",61,110.21051128264291,6.117557682793535,0
8391,Retailer 8391,555-8774066,"614 St, City 90",64,107.94705724749582,7.1594544254236565,0
8392,Retailer 8392,555-8870267,"849 St, City 91",52,99.80756634035772,36.21166997181459,0
8393,Retailer 8393,555-4089809,"595 St, City 92",63,105.34194728753124,7.327514627960649,0
8394,Retailer 8394,555-8819488,"703 St, City 93",36,113.63877624448351,18.000158614492005,0
8395,Retailer 8395,555-2378148,"417 St, City 94",39,128.76046926526965,11.660259341965428,0
8396,Retailer 8396,555-4044410,"143 St, City 95",43,81.1979163147053,7.9439069124978365,0
8397,Retailer 8397,555-5062118,"237 St, City 96",52,80.48973372935797,5.033016785938598,0
8398,Retailer 8398,555-1238826,"287 St, City 97",49,98.0185258609351,28.390835525277186,0
8399,Retailer 8399,555-2717354,"277 St, City 98",52,107.07506429643085,1.734878697381122,0
8400,Retailer 8400,555-1481809,"387 St, City 99",39,105.63508080088995,36.37550472113135,0
8401,Retailer 8401,555-9262369,"382 St, City 0",53,134.3906312546883,67.53615105578442,0
8402,Retailer 8402,555-8284390,"450 St, City 1",51,80.82708840601865,12.623689303344833,0
8403,Retailer 8403,555-2818182,"291 St, City 2",50,66.9600310921835,15.993075970257141,0
8404,Retailer 8404,555-5367209,"169 St, City 3",54,110.27595949187959,26.79060916043052,0
8405,Retailer 8405,555-9782389,"443 St, City 4",43,104.46177646816385,32.91990397984158,0
8406,Retailer 8406,555-6416797,"656 St, City 5",49,97.26677019252716,23.61124037768054,0
8407,Retailer 8407,555-3689290,"184 St, City 6",53,116.14877768290552,35.16931997996814,0
8408,Retailer 8408,555-1037180,"45 St, City 7",48,67.32845213633956,49.59527929602048,0
8409,Retailer 8409,555-8546691,"755 St, City 8",67,65.3666781325478,138.29006645115635,0
8410,Retailer 8410,555-6611544,"827 St, City 9",43,59.970671467270016,14.96390612779329,0
8411,Retailer 8411,555-6370015,"946 St, City 10",50,85.80952790389401,26.36125938020003,0
8412,Retailer 8412,555-3251347,"981 St, City 11",55,124.43411212948517,14.157117406024875,0
8413,Retailer 8413,555-5792030,"268 St, City 12",47,70.33688406709737,8.151457380754184,0
8414,Retailer 8414,555-3619893,"476 St, City 13",49,100.77463006162687,180.70474483716998,0
8415,Retailer 8415,555-7702245,"253 St, City 14",43,106.09871404702754,0.41941484437161713,0
8416,Retailer 8416,555-4791860,"396 St, City 15",43,130.94146462916714,2.0066124070522897,0
8417,Retailer 8417,555-9745662,"289 St, City 16",66,82.75906472898356,26.243232619050882,0
8418,Retailer 8418,555-8396526,"212 St, City 17",43,81.95828451920812,37.12028464440671,0
8419,Retailer 8419,555-2881986,"689 St, City 18",54,120.70080111089005,39.15101376200203,0
8420,Retailer 8420,555-1989924,"21 St, City 19",49,78.55430664484943,36.45235270002008,0
8421,Retailer 8421,555-2965629,"316 St, City 20",45,124.18931240540593,46.62017412232493,0
8422,Retailer 8422,555-2103248,"564 St, City 21",43,107.13806398321657,40.954264736931066,0
8423,Retailer 8423,555-9210125,"438 St, City 22",45,64.68833993522284,23.688231301762244,0
8424,Retailer 8424,555-5263528,"423 St, City 23",44,113.06379292987955,19.052788990576282,0
8425,Retailer 8425,555-9215869,"233 St, City 24",58,109.03385674202146,38.218070591317414,0
8426,Retailer 8426,555-9623353,"945 St, City 25",47,95.15839625822575,39.53987844875007,0
8427,Retailer 8427,555-4583650,"123 St, City 26",41,87.47865602935013,12.128722344297493,0
8428,Retailer 8428,555-3363319,"874 St, City 27",51,132.31010507534026,0.08877710102108764,0
8429,Retailer 8429,555-2818222,"960 St, City 28",59,51.02617273860038,11.319792291997102,0
8430,Retailer 8430,555-6410687,"612 St, City 29",45,69.74607101391088,22.95465107827511,0
8431,Retailer 8431,555-9199423,"214 St, City 30",41,89.42941195101167,22.40341561880694,0
8432,Retailer 8432,555-1563506,"922 St, City 31",52,109.67045366742764,14.3346211779061,0
8433,Retailer 8433,555-8834767,"839 St, City 32",51,99.95062400068159,80.79442800776611,0
8434,Retailer 8434,555-9904337,"647 St, City 33",56,85.86902419057571,19.408219841937704,0
8435,Retailer 8435,555-6472646,"968 St, City 34",46,110.59891792945488,4.491551299045373,0
8436,Retailer 8436,555-9251043,"830 St, City 35",50,65.24903199136739,6.453607785884015,0
8437,Retailer 8437,555-6045416,"730 St, City 36",44,107.26972676512753,2.980865962693807,0
8438,Retailer 8438,555-6273897,"600 St, City 37",48,93.99990068051484,9.370679919370723,0
8439,Retailer 8439,555-1354182,"792 St, City 38",47,113.42099335138329,10.903504045198106,0
8440,Retailer 8440,555-6142798,"40 St, City 39",42,109.87233651163442,12.201331927568743,0
8441,Retailer 8441,555-3640955,"752 St, City 40",52,115.23615635120328,54.268512880509505,0
8442,Retailer 8442,555-3498002,"332 St, City 41",47,87.78618808950138,43.506272679807836,0
8443,Retailer 8443,555-3916585,"943 St, City 42",46,85.26483287230877,20.561950791656276,0
8444,Retailer 8444,555-2574255,"648 St, City 43",48,103.88890438016242,17.628404858858303,0
8445,Retailer 8445,555-8012022,"182 St, City 44",52,70.84369676582678,14.249131450278329,0
8446,Retailer 8446,555-4779404,"265 St, City 45",45,144.30532504199476,0.40972840785088294,0
8447,Retailer 8447,555-6547239,"771 St, City 46",57,132.15585586485597,75.66964155647119,0
8448,Retailer 8448,555-6910122,"694 St, City 47",47,68.87210300441504,10.337919313038025,0
8449,Retailer 8449,555-3769785,"533 St, City 48",69,104.56212289910658,55.33527210922572,0
8450,Retailer 8450,555-4514078,"863 St, City 49",58,123.64463386445172,40.50862423952193,0
8451,Retailer 8451,555-6963132,"432 St, City 50",44,92.15004733647774,3.645054009233458,0
8452,Retailer 8452,555-3664119,"943 St, City 51",50,85.00127194834826,11.27273224430781,0
8453,Retailer 8453,555-3097951,"984 St, City 52",52,123.61302046967235,19.887490477202647,0
8454,Retailer 8454,555-2579889,"196 St, City 53",45,127.05820930983613,9.120854480925432,0
8455,Retailer 8455,555-9927377,"724 St, City 54",50,67.75897930636879,15.430445662385697,0
8456,Retailer 8456,555-1287555,"509 St, City 55",46,102.34775785306184,9.956538007758294,0
8457,Retailer 8457,555-4775944,"447 St, City 56",57,97.58551106746171,30.294903110645134,0
8458,Retailer 8458,555-3744454,"528 St, City 57",43,64.83051871892312,13.419606744277235,0
8459,Retailer 8459,555-9796785,"202 St, City 58",43,67.86830857399951,12.753052409829847,0
8460,Retailer 8460,555-4197418,"875 St, City 59",44,81.58232646901743,9.505993356288487,0
8461,Retailer 8461,555-3788647,"730 St, City 60",54,100.31508488243686,48.51287154769454,0
8462,Retailer 8462,555-7224898,"605 St, City 61",35,125.83090874867672,31.14820067833778,0
8463,Retailer 8463,555-7378384,"133 St, City 62",51,44.36848666143771,38.292521685313375,0
8464,Retailer 8464,555-2570497,"139 St, City 63",54,102.372948148137,15.019627037494573,0
8465,Retailer 8465,555-1734158,"669 St, City 64",55,80.95027706217523,54.87878910611239,0
8466,Retailer 8466,555-3692205,"493 St, City 65",47,110.62477314010539,16.15487237883509,0
8467,Retailer 8467,555-7159729,"847 St, City 66",48,120.36308307145504,5.82564794113923,0
8468,Retailer 8468,555-2422771,"70 St, City 67",59,120.96082144524473,21.441102843897877,0
8469,Retailer 8469,555-7945685,"816 St, City 68",52,98.04857291865395,17.65871858416291,0
8470,Retailer 8470,555-9218616,"15 St, City 69",63,93.28392373190914,2.886728051209052,0
8471,Retailer 8471,555-8729395,"747 St, City 70",63,126.65794582799069,32.60109842906575,0
8472,Retailer 8472,555-9276869,"212 St, City 71",58,93.37704858867917,50.1387234251135,0
8473,Retailer 8473,555-3479129,"802 St, City 72",194,9.922795733924607,13.209075529115765,1
8474,Retailer 8474,555-1855434,"60 St, City 73",50,90.75648485110139,42.71531869859474,0
8475,Retailer 8475,555-1308697,"252 St, City 74",52,106.70321371407638,26.445991923456017,0
8476,Retailer 8476,555-4715799,"446 St, City 75",49,72.66595506718468,9.564805524971261,0
8477,Retailer 8477,555-5719707,"2 St, City 76",48,94.12916108243643,12.646775243763473,0
8478,Retailer 8478,555-8279074,"748 St, City 77",48,101.84429029898904,87.63288639777059,0
8479,Retailer 8479,555-9461516,"336 St, City 78",52,120.677687991526,7.292343423905396,0
8480,Retailer 8480,555-7032290,"19 St, City 79",38,96.56413051889385,4.9433698207485515,0
8481,Retailer 8481,555-5203726,"994 St, City 80",51,50.92095576903237,2.3606269700656646,0
8482,Retailer 8482,555-1842606,"561 St, City 81",41,88.19118059468778,62.52415973767894,0
8483,Retailer 8483,555-6732452,"78 St, City 82",57,129.179569675753,33.4532895878006,0
8484,Retailer 8484,555-8377775,"472 St, City 83",39,103.14183197546569,3.721527467935919,0
8485,Retailer 8485,555-4871549,"28 St, City 84",46,85.51659858579016,43.52905900857033,0
8486,Retailer 8486,555-9839023,"560 St, City 85",41,79.82121880198395,29.78001722241413,0
8487,Retailer 8487,555-6635312,"608 St, City 86",51,107.47105202778738,128.5239048904799,0
8488,Retailer 8488,555-8724954,"165 St, City 87",46,86.25655468433438,21.487377077422767,0
8489,Retailer 8489,555-4699446,"458 St, City 88",52,100.54685327291917,21.796122808631445,0
8490,Retailer 8490,555-5223138,"945 St, City 89",40,84.67348142960992,8.601178087487702,0
8491,Retailer 8491,555-1548723,"877 St, City 90",61,82.15431751292579,6.355865847155391,0
8492,Retailer 8492,555-4232940,"176 St, City 91",58,92.28800211552488,39.67516484472888,0
8493,Retailer 8493,555-5773147,"585 St, City 92",51,97.54128955916185,13.988070149653016,0
8494,Retailer 8494,555-9473958,"984 St, City 93",49,98.88523676226178,38.66163207179108,0
8495,Retailer 8495,555-3885579,"868 St, City 94",45,94.43297524636755,44.67525971216201,0
8496,Retailer 8496,555-6912084,"29 St, City 95",44,121.94866441528413,70.08135552446737,0
8497,Retailer 8497,555-8355554,"956 St, City 96",45,91.83081245909047,16.72904183833334,0
8498,Retailer 8498,555-2440352,"669 St, City 97",53,128.7945727223578,3.0225092687477852,0
8499,Retailer 8499,555-2877330,"826 St, City 98",56,96.76405822926715,0.6588383136463658,0
8500,Retailer 8500,555-6082070,"816 St, City 99",58,86.76436278573114,10.354296671101435,0
8501,Retailer 8501,555-9943742,"279 St, City 0",54,105.93296087061026,80.85860502092775,0
8502,Retailer 8502,555-6054379,"283 St, City 1",56,114.96428739408302,41.325939337568606,0
8503,Retailer 8503,555-8269056,"479 St, City 2",62,83.64870615070004,24.571443862185156,0
8504,Retailer 8504,555-5147036,"519 St, City 3",46,71.31296193276283,8.217953021718637,0
8505,Retailer 8505,555-7208087,"305 St, City 4",49,119.93105015558906,37.43084423885458,0
8506,Retailer 8506,555-2048278,"694 St, City 5",44,126.79395060923858,40.51015991241289,0
8507,Retailer 8507,555-8035483,"109 St, City 6",44,110.75416349187438,7.858324191304221,0
8508,Retailer 8508,555-1123182,"324 St, City 7",38,85.09246763549652,36.94291522301537,0
8509,Retailer 8509,555-5242895,"206 St, City 8",49,96.9671248278286,3.8429537148176087,0
8510,Retailer 8510,555-8491818,"234 St, City 9",45,76.02676442644471,3.216934687359509,0
8511,Retailer 8511,555-6217975,"938 St, City 10",44,120.60013706623553,1.7045033201492958,0
8512,Retailer 8512,555-9472714,"458 St, City 11",40,104.37583437904162,49.85330504245398,0
8513,Retailer 8513,555-1164486,"187 St, City 12",49,108.98161179549248,9.466456597015158,0
8514,Retailer 8514,555-4846556,"940 St, City 13",50,102.59316217595787,27.80357566665497,0
8515,Retailer 8515,555-7259225,"482 St, City 14",42,100.07454640461353,4.681479024018926,0
8516,Retailer 8516,555-1735062,"922 St, City 15",43,104.17828461053941,17.524783563421785,0
8517,Retailer 8517,555-1727468,"407 St, City 16",37,99.99016107175048,0.842760985347755,0
8518,Retailer 8518,555-3064618,"841 St, City 17",44,123.34664054514835,58.973041189083695,0
8519,Retailer 8519,555-4454707,"509 St, City 18",58,71.94709149853574,23.279463271034047,0
8520,Retailer 8520,555-5872587,"869 St, City 19",50,82.6632794737767,66.35774780913174,0
8521,Retailer 8521,555-7284179,"520 St, City 20",38,92.74537514775544,18.92114441403715,0
8522,Retailer 8522,555-7914128,"53 St, City 21",50,96.29422287648795,11.408285494478019,0
8523,Retailer 8523,555-3798658,"398 St, City 22",53,120.03724515190908,15.364919872160044,0
8524,Retailer 8524,555-8662208,"199 St, City 23",50,72.73955477227146,8.385459490680315,0
8525,Retailer 8525,555-2424241,"391 St, City 24",50,110.84943456468535,65.0317217531168,0
8526,Retailer 8526,555-1902810,"649 St, City 25",48,97.21894232184822,10.512970625052217,0
8527,Retailer 8527,555-6541543,"771 St, City 26",52,117.0615049215558,10.368124216732824,0
8528,Retailer 8528,555-4714528,"846 St, City 27",45,107.883034572346,29.95909991374777,0
8529,Retailer 8529,555-6169619,"913 St, City 28",49,97.45059852284216,3.9281782868093553,0
8530,Retailer 8530,555-7395021,"498 St, City 29",60,80.12170119119203,7.422302756900451,0
8531,Retailer 8531,555-7961507,"172 St, City 30",60,106.84942770738297,16.85839417856238,0
8532,Retailer 8532,555-4695611,"86 St, City 31",43,92.08062270597591,6.049146838544547,0
8533,Retailer 8533,555-6431159,"558 St, City 32",58,97.85375778652421,8.924898558587648,0
8534,Retailer 8534,555-4392389,"858 St, City 33",43,115.65263550089034,36.1119769972862,0
8535,Retailer 8535,555-4416502,"186 St, City 34",58,129.51336047466177,9.848501347298432,0
8536,Retailer 8536,555-9351870,"156 St, City 35",53,67.38507517575351,30.416785545783217,0
8537,Retailer 8537,555-7225175,"493 St, City 36",43,115.73448648457497,20.460707600216473,0
8538,Retailer 8538,555-2001622,"910 St, City 37",59,125.96986519967311,43.782016325036444,0
8539,Retailer 8539,555-4246319,"521 St, City 38",38,96.70877083618852,41.67566782138903,0
8540,Retailer 8540,555-2636617,"627 St, City 39",46,76.93875792738936,6.602473967852176,0
8541,Retailer 8541,555-3466704,"666 St, City 40",43,107.18947648336997,86.0677336467089,0
8542,Retailer 8542,555-9750519,"130 St, City 41",33,96.34327145140023,48.61603439834267,0
8543,Retailer 8543,555-2046251,"843 St, City 42",66,170.24391793937818,22.818096733674523,0
8544,Retailer 8544,555-1285356,"81 St, City 43",41,106.68253600832054,24.61292196790713,0
8545,Retailer 8545,555-4003337,"384 St, City 44",50,90.30967181815807,52.95410043640718,0
8546,Retailer 8546,555-7563484,"802 St, City 45",58,70.60859582351011,19.858318026366092,0
8547,Retailer 8547,555-9505089,"659 St, City 46",47,80.55700853152555,19.530640409285557,0
8548,Retailer 8548,555-5262563,"295 St, City 47",40,117.71340092292616,29.8425419339407,0
8549,Retailer 8549,555-4275654,"978 St, City 48",42,65.33036447682373,2.7735933702847193,0
8550,Retailer 8550,555-4674777,"269 St, City 49",50,66.00724217823468,26.1782749505637,0
8551,Retailer 8551,555-7233550,"645 St, City 50",54,119.92613859629827,7.604526403082183,0
8552,Retailer 8552,555-9122734,"562 St, City 51",47,92.49167288109857,3.722857453293618,0
8553,Retailer 8553,555-6925313,"535 St, City 52",56,94.68125168778245,50.68924341123219,0
8554,Retailer 8554,555-5395102,"378 St, City 53",48,111.57231553545621,14.42911218091957,0
8555,Retailer 8555,555-9045021,"376 St, City 54",50,95.21206623769018,20.96375233289396,0
8556,Retailer 8556,555-9059562,"88 St, City 55",46,68.09999898496072,10.421135451820009,0
8557,Retailer 8557,555-7824125,"925 St, City 56",53,86.79951565045224,0.9418107364878607,0
8558,Retailer 8558,555-3242019,"624 St, City 57",46,109.38023979788896,17.52296260219678,0
8559,Retailer 8559,555-1312051,"111 St, City 58",54,101.33570956716255,41.62014943360438,0
8560,Retailer 8560,555-7170022,"584 St, City 59",49,129.98360148995306,42.60558028875261,0
8561,Retailer 8561,555-3791004,"154 St, City 60",59,108.23563873346524,76.54900447175731,0
8562,Retailer 8562,555-7262748,"463 St, City 61",47,82.77709121746412,55.05319438905927,0
8563,Retailer 8563,555-4568125,"569 St, City 62",48,128.1267332410335,121.0823103660459,0
8564,Retailer 8564,555-7656669,"769 St, City 63",60,129.46868330548565,25.43293530459875,0
8565,Retailer 8565,555-3442905,"156 St, City 64",202,5.351628542184045,1.568381205399351,1
8566,Retailer 8566,555-2412210,"625 St, City 65",44,111.25557967280739,59.71999706510219,0
8567,Retailer 8567,555-7025140,"318 St, City 66",43,113.32604046195769,91.11835036139881,0
8568,Retailer 8568,555-7362781,"559 St, City 67",58,106.79549714949074,18.71831742926344,0
8569,Retailer 8569,555-4163257,"238 St, City 68",42,72.45388588187367,3.6289966622066334,0
8570,Retailer 8570,555-3674986,"334 St, City 69",53,159.76667017594963,0.7479614702711443,0
8571,Retailer 8571,555-4415814,"106 St, City 70",50,91.445394722558,28.519492174297316,0
8572,Retailer 8572,555-7036860,"482 St, City 71",46,107.20101537896052,33.04462214065543,0
8573,Retailer 8573,555-2950256,"699 St, City 72",53,118.37804363261932,0.49044557762061625,0
8574,Retailer 8574,555-3803528,"671 St, City 73",52,91.73387444929168,89.43177853148671,0
8575,Retailer 8575,555-6310825,"710 St, City 74",59,124.79936213239208,23.44210925165097,0
8576,Retailer 8576,555-5254284,"382 St, City 75",41,99.9835577344225,28.423682131265778,0
8577,Retailer 8577,555-1165301,"689 St, City 76",47,87.29481995147819,24.91375613250145,0
8578,Retailer 8578,555-5814974,"261 St, City 77",46,71.45076559301094,11.434983790374158,0
8579,Retailer 8579,555-1297180,"799 St, City 78",46,92.45067226802647,69.25257083413375,0
8580,Retailer 8580,555-4405914,"293 St, City 79",49,107.26023385266528,0.11451234829728271,0
8581,Retailer 8581,555-9165786,"335 St, City 80",37,93.69439931651958,41.25392046219082,0
8582,Retailer 8582,555-5177927,"655 St, City 81",54,113.09221086630775,13.427589401424008,0
8583,Retailer 8583,555-5876831,"820 St, City 82",54,133.10825810712106,6.329921007301381,0
8584,Retailer 8584,555-6032403,"709 St, City 83",37,93.92970620596849,17.186679923041616,0
8585,Retailer 8585,555-4229065,"476 St, City 84",45,122.88540464699705,6.62070628601753,0
8586,Retailer 8586,555-1587426,"225 St, City 85",63,103.58020575619567,60.93800180646405,0
8587,Retailer 8587,555-4430460,"907 St, City 86",56,106.1425534271176,47.6311804667783,0
8588,Retailer 8588,555-2131614,"555 St, City 87",52,100.227942577776,58.346653686639684,0
8589,Retailer 8589,555-9003029,"454 St, City 88",51,107.88329275085687,54.21305922089905,0
8590,Retailer 8590,555-3466507,"663 St, City 89",50,83.62788245468562,52.2571627962685,0
8591,Retailer 8591,555-6418673,"296 St, City 90",53,85.41898515911052,26.126878501070205,0
8592,Retailer 8592,555-1776385,"575 St, City 91",46,87.98911057078779,69.6733640404069,0
8593,Retailer 8593,555-8464370,"642 St, City 92",50,65.00824299492346,1.8291355917482455,0
8594,Retailer 8594,555-5559512,"767 St, City 93",40,75.77707268956058,10.100906107700409,0
8595,Retailer 8595,555-7519453,"463 St, City 94",54,98.16825770646493,7.169206018123246,0
8596,Retailer 8596,555-7846090,"855 St, City 95",49,88.50251134630675,3.871856160490868,0
8597,Retailer 8597,555-9607964,"214 St, City 96",59,99.0826419079263,0.19112923871072612,0
8598,Retailer 8598,555-3995353,"585 St, City 97",47,112.51570397523918,15.457283822941083,0
8599,Retailer 8599,555-2675255,"943 St, City 98",47,104.96976913407934,38.62073295283392,0
8600,Retailer 8600,555-9873208,"616 St, City 99",56,97.80675725889624,31.059506744793083,0
8601,Retailer 8601,555-2908151,"158 St, City 0",43,63.06070125002394,31.584486564008355,0
8602,Retailer 8602,555-4289363,"272 St, City 1",51,100.9928962364704,65.71016408569383,0
8603,Retailer 8603,555-3786202,"827 St, City 2",54,86.47196614150835,94.6439151462568,0
8604,Retailer 8604,555-8713409,"238 St, City 3",51,113.85122192866281,34.23852726736399,0
8605,Retailer 8605,555-5209229,"303 St, City 4",42,84.05608840699277,2.6624440119891624,0
8606,Retailer 8606,555-2649379,"884 St, City 5",43,77.10530102947837,33.8755399735638,0
8607,Retailer 8607,555-6551093,"670 St, City 6",43,128.40388182594526,24.275263679944118,0
8608,Retailer 8608,555-3392001,"621 St, City 7",53,63.93553252725143,1.9970094991189546,0
8609,Retailer 8609,555-3316830,"521 St, City 8",60,133.79406454501236,8.91648493949208,0
8610,Retailer 8610,555-2233387,"321 St, City 9",46,102.11926885934693,8.142458679440026,0
8611,Retailer 8611,555-8625417,"59 St, City 10",52,93.26995093673646,44.45852588499903,0
8612,Retailer 8612,555-9439426,"358 St, City 11",49,91.34911588689474,12.703082837584823,0
8613,Retailer 8613,555-3249119,"704 St, City 12",59,117.60016977252218,20.83430696704362,0
8614,Retailer 8614,555-3451603,"648 St, City 13",44,104.34873348174176,46.21491578904845,0
8615,Retailer 8615,555-2497116,"251 St, City 14",47,103.4787350948658,82.70814330491814,0
8616,Retailer 8616,555-6571944,"891 St, City 15",47,98.68655249879578,23.179615035001568,0
8617,Retailer 8617,555-9584036,"436 St, City 16",53,90.78294566841767,24.310449808977854,0
8618,Retailer 8618,555-5595772,"146 St, City 17",56,125.00169916609373,3.023339339750094,0
8619,Retailer 8619,555-5289991,"859 St, City 18",40,90.50220984557653,20.455414164899786,0
8620,Retailer 8620,555-6741638,"978 St, City 19",41,74.34035926972858,34.79549131187435,0
8621,Retailer 8621,555-7052677,"352 St, City 20",60,106.11436901969871,6.286537733348495,0
8622,Retailer 8622,555-4807114,"570 St, City 21",40,71.37762944139655,3.5385701391356172,0
8623,Retailer 8623,555-9224767,"689 St, City 22",53,129.47994630073399,59.70695287987239,0
8624,Retailer 8624,555-7582123,"800 St, City 23",68,108.22423928217614,3.660844871626018,0
8625,Retailer 8625,555-7805969,"245 St, City 24",49,57.669299375852376,73.28172433742775,0
8626,Retailer 8626,555-4981048,"560 St, City 25",51,107.61717108587122,9.591957473225616,0
8627,Retailer 8627,555-7079422,"301 St, City 26",59,92.53603201047727,12.012700279400118,0
8628,Retailer 8628,555-6636589,"438 St, City 27",52,125.48771821982676,22.36984342882801,0
8629,Retailer 8629,555-8946321,"868 St, City 28",46,97.19024622583058,6.251480053683295,0
8630,Retailer 8630,555-2671179,"100 St, City 29",77,97.6398114814966,34.99582625953152,0
8631,Retailer 8631,555-9484102,"725 St, City 30",47,91.9951400004517,22.263335721043735,0
8632,Retailer 8632,555-4228409,"814 St, City 31",53,94.08735282509215,87.62593336034071,0
8633,Retailer 8633,555-9227953,"480 St, City 32",57,58.33635817226818,72.64683650113922,0
8634,Retailer 8634,555-5898841,"415 St, City 33",49,88.61620694429402,44.05289062998922,0
8635,Retailer 8635,555-9324878,"165 St, City 34",50,79.9209544962539,6.130124693564084,0
8636,Retailer 8636,555-4014130,"912 St, City 35",44,91.60801803886159,7.216007674607045,0
8637,Retailer 8637,555-8592443,"942 St, City 36",55,121.84734504207745,9.37866353957361,0
8638,Retailer 8638,555-9328736,"638 St, City 37",42,132.37517119309678,53.89912437108082,0
8639,Retailer 8639,555-5747492,"302 St, City 38",44,104.18222624884369,31.3190823087634,0
8640,Retailer 8640,555-3111278,"974 St, City 39",51,87.9469359283803,5.792263043503906,0
8641,Retailer 8641,555-8975518,"121 St, City 40",47,71.69156367761315,18.388963617646716,0
8642,Retailer 8642,555-1216651,"88 St, City 41",47,90.17547859777301,110.54698931370253,0
8643,Retailer 8643,555-9305530,"217 St, City 42",53,75.03779678164261,39.53113465284819,0
8644,Retailer 8644,555-7620661,"573 St, City 43",55,95.51490673125768,81.67318206348658,0
8645,Retailer 8645,555-7367038,"814 St, City 44",46,98.81928995329044,49.63898038176019,0
8646,Retailer 8646,555-8572491,"179 St, City 45",51,103.73804119080206,38.73601536270983,0
8647,Retailer 8647,555-1605502,"702 St, City 46",45,102.01784273443677,53.14455634648996,0
8648,Retailer 8648,555-3535244,"163 St, City 47",59,61.47119296506765,35.38522682353356,0
8649,Retailer 8649,555-2560155,"593 St, City 48",52,80.80125236584689,25.13594576124777,0
8650,Retailer 8650,555-2611589,"170 St, City 49",36,81.17676912838232,39.94124974714876,0
8651,Retailer 8651,555-1468163,"301 St, City 50",48,91.06375090209713,7.820092321519398,0
8652,Retailer 8652,555-1770008,"374 St, City 51",39,102.03755512467305,20.220878634899123,0
8653,Retailer 8653,555-5498907,"708 St, City 52",55,84.61038511109348,90.71796882840385,0
8654,Retailer 8654,555-4000102,"203 St, City 53",49,163.21404226872414,49.60364169058021,0
8655,Retailer 8655,555-7589763,"47 St, City 54",45,124.56354076739638,78.2327040857253,0
8656,Retailer 8656,555-8686906,"463 St, City 55",60,79.26346447340384,102.74789210488488,0
8657,Retailer 8657,555-3378772,"670 St, City 56",57,126.55894561321298,26.5412525187556,0
8658,Retailer 8658,555-4476452,"408 St, City 57",51,133.29595386235826,6.551241156396081,0
8659,Retailer 8659,555-4397559,"194 St, City 58",56,74.98682800290844,40.53362756133711,0
8660,Retailer 8660,555-9737345,"427 St, City 59",50,76.305451415466,0.22075053541780137,0
8661,Retailer 8661,555-3821562,"930 St, City 60",37,102.49647174253607,2.8010313206734647,0
8662,Retailer 8662,555-6740592,"791 St, City 61",55,121.2056931047185,10.110977528696484,0
8663,Retailer 8663,555-2512185,"317 St, City 62",36,106.53781801950288,0.4591164012578252,0
8664,Retailer 8664,555-9570209,"479 St, City 63",63,65.54683260292532,34.49905046456856,0
8665,Retailer 8665,555-5262986,"421 St, City 64",53,84.12246208252927,50.88001748734968,0
8666,Retailer 8666,555-4368737,"269 St, City 65",44,88.23293981572063,42.04450611430082,0
8667,Retailer 8667,555-3544544,"481 St, City 66",36,116.80769240431073,4.681396543700693,0
8668,Retailer 8668,555-6325910,"711 St, City 67",46,71.59561315938562,48.874756890680246,0
8669,Retailer 8669,555-6363240,"736 St, City 68",60,74.79715919159412,52.893420059979796,0
8670,Retailer 8670,555-3028217,"263 St, City 69",49,101.1897579660183,3.0453115365945482,0
8671,Retailer 8671,555-1659297,"426 St, City 70",46,99.92461870087729,20.341080542139018,0
8672,Retailer 8672,555-7985481,"166 St, City 71",63,118.04626687535489,34.95459959205425,0
8673,Retailer 8673,555-6748777,"692 St, City 72",51,87.54864267764114,15.66090742215258,0
8674,Retailer 8674,555-8226460,"428 St, City 73",53,121.6008742566353,66.01873941752974,0
8675,Retailer 8675,555-6506774,"704 St, City 74",48,118.26074025374544,22.595934296286725,0
8676,Retailer 8676,555-9977914,"397 St, City 75",46,97.93499125176412,3.9073506185910385,0
8677,Retailer 8677,555-6237264,"216 St, City 76",49,89.22230525462831,22.678403940499383,0
8678,Retailer 8678,555-2445819,"796 St, City 77",57,133.7372449363141,25.84266989323591,0
8679,Retailer 8679,555-3233969,"864 St, City 78",57,109.34740530822873,92.13303005580413,0
8680,Retailer 8680,555-1192803,"107 St, City 79",47,94.23439489714876,16.444834066861297,0
8681,Retailer 8681,555-3453039,"978 St, City 80",53,80.59546421010118,67.05694644164541,0
8682,Retailer 8682,555-6959776,"98 St, City 81",50,126.04666595384683,11.568560214032077,0
8683,Retailer 8683,555-8352182,"880 St, City 82",47,87.08245056210353,18.061030252625645,0
8684,Retailer 8684,555-6431369,"482 St, City 83",40,89.2395405473073,33.742898767098126,0
8685,Retailer 8685,555-7153283,"499 St, City 84",38,84.8800875332117,65.01686254173467,0
8686,Retailer 8686,555-7132469,"230 St, City 85",63,92.46937341024704,44.63215257709539,0
8687,Retailer 8687,555-7491212,"257 St, City 86",53,108.00412240175629,5.068927454504319,0
8688,Retailer 8688,555-9220879,"43 St, City 87",57,89.73815089632079,6.45889137359122,0
8689,Retailer 8689,555-8205273,"242 St, City 88",53,98.03644491547621,2.1196566817361178,0
8690,Retailer 8690,555-5528458,"554 St, City 89",47,85.89101330703417,29.144504532813784,0
8691,Retailer 8691,555-5327219,"95 St, City 90",53,109.76206494738584,17.412355674289184,0
8692,Retailer 8692,555-1777150,"946 St, City 91",67,97.98473359809583,62.584626781441926,0
8693,Retailer 8693,555-7316851,"766 St, City 92",68,75.37051049025116,136.43155015831172,0
8694,Retailer 8694,555-6472587,"188 St, City 93",65,97.49755442113381,63.24941137320748,0
8695,Retailer 8695,555-3321991,"385 St, City 94",57,104.6613621950907,1.4323510926687857,0
8696,Retailer 8696,555-6462762,"819 St, City 95",50,91.74579977649604,86.6649178227184,0
8697,Retailer 8697,555-2676099,"400 St, City 96",48,58.43200982209854,3.2606123277020536,0
8698,Retailer 8698,555-3090651,"506 St, City 97",61,125.03859251602259,17.783040084948187,0
8699,Retailer 8699,555-6855113,"167 St, City 98",42,79.87324392337896,10.586042196952079,0
8700,Retailer 8700,555-1527169,"783 St, City 99",62,112.32269928591072,5.1039046278232965,0
8701,Retailer 8701,555-8123801,"125 St, City 0",47,92.40997154007951,5.634647075202732,0
8702,Retailer 8702,555-4781876,"673 St, City 1",58,98.08466497681113,12.731822230362711,0
8703,Retailer 8703,555-6065521,"87 St, City 2",49,96.0300681132421,0.7716622408314087,0
8704,Retailer 8704,555-2897465,"821 St, City 3",53,120.06018037643722,2.0052410156152662,0
8705,Retailer 8705,555-3263567,"489 St, City 4",43,104.66357894551581,37.582278102018314,0
8706,Retailer 8706,555-6698485,"226 St, City 5",44,102.89561668956392,29.523653937020736,0
8707,Retailer 8707,555-5665770,"657 St, City 6",44,75.63982096834985,3.139415079980751,0
8708,Retailer 8708,555-9536341,"345 St, City 7",47,129.95548812841187,16.987213223818294,0
8709,Retailer 8709,555-9683585,"760 St, City 8",51,69.60071868883759,28.07256633513807,0
8710,Retailer 8710,555-3724006,"874 St, City 9",207,13.043171228603196,3.082367828926761,1
8711,Retailer 8711,555-2119816,"518 St, City 10",59,63.47548664972491,107.26304749057346,0
8712,Retailer 8712,555-6168949,"31 St, City 11",48,136.2441486390606,56.61568421213356,0
8713,Retailer 8713,555-4971183,"709 St, City 12",46,108.24804670897389,7.733859827668432,0
8714,Retailer 8714,555-4972369,"744 St, City 13",62,89.68979013372305,21.9481181591364,0
8715,Retailer 8715,555-5550038,"296 St, City 14",46,72.33441366211423,21.259053321423288,0
8716,Retailer 8716,555-4226250,"414 St, City 15",61,99.68027574703916,12.203466936842785,0
8717,Retailer 8717,555-3470950,"837 St, City 16",50,109.17500129596175,42.76801400238949,0
8718,Retailer 8718,555-7410563,"972 St, City 17",44,101.14758360309516,32.213431287273224,0
8719,Retailer 8719,555-9789784,"135 St, City 18",48,91.8555204596902,59.900991052955035,0
8720,Retailer 8720,555-2043423,"525 St, City 19",48,85.4572659238811,0.15340068932688222,0
8721,Retailer 8721,555-9315308,"4 St, City 20",46,123.62619314894542,27.79044118541706,0
8722,Retailer 8722,555-3517626,"178 St, City 21",45,93.6070983823607,147.8329994723403,0
8723,Retailer 8723,555-1092889,"746 St, City 22",51,107.40416496406189,46.7060039300449,0
8724,Retailer 8724,555-1717884,"259 St, City 23",56,110.92983150248843,12.662285831605898,0
8725,Retailer 8725,555-5609635,"652 St, City 24",50,75.16839352963613,5.091660614559822,0
8726,Retailer 8726,555-3798945,"65 St, City 25",51,97.97287100030391,16.773154142795008,0
8727,Retailer 8727,555-5415880,"795 St, City 26",43,126.26449359522258,16.563464663552384,0
8728,Retailer 8728,555-4102923,"363 St, City 27",46,105.81234389911545,26.404085524309416,0
8729,Retailer 8729,555-7616243,"818 St, City 28",50,108.91403469916195,2.050481516468412,0
8730,Retailer 8730,555-8615487,"717 St, City 29",49,91.51978618880544,14.691084730266153,0
8731,Retailer 8731,555-4137877,"17 St, City 30",200,2.827270816825295,57.88809212691785,1
8732,Retailer 8732,555-5448388,"200 St, City 31",52,139.0392343836352,30.952930269328938,0
8733,Retailer 8733,555-9518074,"544 St, City 32",54,84.482356576335,17.1118168313826,0
8734,Retailer 8734,555-8370563,"212 St, City 33",57,115.71113964698804,11.142775933411043,0
8735,Retailer 8735,555-8751066,"435 St, City 34",45,72.47392619238204,9.845964866477063,0
8736,Retailer 8736,555-2594575,"273 St, City 35",63,112.16935628906691,41.39967561327931,0
8737,Retailer 8737,555-7145660,"290 St, City 36",55,108.80813925114872,16.79412217137783,0
8738,Retailer 8738,555-2732329,"803 St, City 37",40,77.11722230968282,8.479891344282017,0
8739,Retailer 8739,555-2857084,"483 St, City 38",48,118.51104002466698,50.25476733492313,0
8740,Retailer 8740,555-2394994,"998 St, City 39",55,80.07807055196832,9.261350643750092,0
8741,Retailer 8741,555-5514057,"234 St, City 40",64,138.65616287021643,1.9982840746524135,0
8742,Retailer 8742,555-2546557,"408 St, City 41",57,102.87222722538777,23.82835414750538,0
8743,Retailer 8743,555-8398512,"694 St, City 42",46,96.91693098908472,9.81566455562845,0
8744,Retailer 8744,555-8084932,"146 St, City 43",53,86.65334262260623,0.1468648147933532,0
8745,Retailer 8745,555-5968901,"562 St, City 44",43,112.157974313208,20.88809728455027,0
8746,Retailer 8746,555-4200890,"430 St, City 45",39,106.82303811060548,67.48385994087039,0
8747,Retailer 8747,555-1029882,"432 St, City 46",42,102.84781807348391,30.996033140810866,0
8748,Retailer 8748,555-3675518,"615 St, City 47",49,84.99379895695957,0.5496342922350899,0
8749,Retailer 8749,555-2398705,"545 St, City 48",55,94.64334390007858,14.281447466751432,0
8750,Retailer 8750,555-7211715,"497 St, City 49",58,85.24525877684914,8.5123379216206,0
8751,Retailer 8751,555-7804327,"983 St, City 50",53,65.70312285126494,33.30013485015604,0
8752,Retailer 8752,555-5817530,"89 St, City 51",50,97.20444427272493,18.314396233853294,0
8753,Retailer 8753,555-7934063,"997 St, City 52",43,77.72641245214132,5.68885807839004,0
8754,Retailer 8754,555-1556831,"411 St, City 53",40,140.3701652657582,18.280061175509818,0
8755,Retailer 8755,555-7711987,"897 St, City 54",51,137.54131913884237,80.3813513443587,0
8756,Retailer 8756,555-5597577,"853 St, City 55",49,107.0601430060048,15.86960744564839,0
8757,Retailer 8757,555-6132869,"827 St, City 56",56,63.39536058598179,61.28314686806311,0
8758,Retailer 8758,555-9762127,"241 St, City 57",51,109.15550342257379,19.355868083574773,0
8759,Retailer 8759,555-8482426,"778 St, City 58",49,95.63637414108346,42.52109684824943,0
8760,Retailer 8760,555-8934132,"223 St, City 59",60,122.29150880601762,46.23226151090327,0
8761,Retailer 8761,555-8111905,"748 St, City 60",46,120.37817883961475,42.9067865129031,0
8762,Retailer 8762,555-3030888,"665 St, City 61",51,84.86457841135503,30.524665119744615,0
8763,Retailer 8763,555-2037904,"468 St, City 62",48,92.69565806868468,91.40336799563471,0
8764,Retailer 8764,555-6634222,"569 St, City 63",52,91.23095192895806,79.17441802296662,0
8765,Retailer 8765,555-7046941,"322 St, City 64",66,91.65586432729845,10.819788842616164,0
8766,Retailer 8766,555-7388406,"375 St, City 65",53,68.32073737568263,35.5899969780647,0
8767,Retailer 8767,555-5369246,"112 St, City 66",47,107.64771600762475,32.789949038337205,0
8768,Retailer 8768,555-9353170,"527 St, City 67",57,101.62713918324191,6.704097561357534,0
8769,Retailer 8769,555-8642897,"412 St, City 68",38,93.46954588528583,9.23932280404377,0
8770,Retailer 8770,555-9661351,"269 St, City 69",33,105.4904684847887,11.164710856903628,0
8771,Retailer 8771,555-9723346,"626 St, City 70",53,106.5277732404355,12.085442144216275,0
8772,Retailer 8772,555-7767414,"252 St, City 71",54,123.31440373031012,57.7990808799516,0
8773,Retailer 8773,555-6901179,"374 St, City 72",51,117.91589888356211,42.48445023285636,0
8774,Retailer 8774,555-9254080,"654 St, City 73",47,120.63748431475723,49.46632941340321,0
8775,Retailer 8775,555-8013383,"626 St, City 74",40,82.04215430292635,73.2639954223896,0
8776,Retailer 8776,555-1197170,"450 St, City 75",60,77.57933310771615,21.66752174053213,0
8777,Retailer 8777,555-6614058,"802 St, City 76",52,119.02624174773571,54.13294560909256,0
8778,Retailer 8778,555-6423444,"995 St, City 77",49,134.16301160086874,35.65664451038521,0
8779,Retailer 8779,555-8360983,"869 St, City 78",41,116.96834566101276,18.753072342811997,0
8780,Retailer 8780,555-5374296,"537 St, City 79",59,106.59716940976354,6.464712238475371,0
8781,Retailer 8781,555-5765358,"368 St, City 80",52,100.13786313424947,16.877859736357085,0
8782,Retailer 8782,555-8499455,"822 St, City 81",51,157.21350525914795,6.942022792327361,0
8783,Retailer 8783,555-3574584,"255 St, City 82",47,116.65845187234845,10.15520333203883,0
8784,Retailer 8784,555-8782634,"463 St, City 83",32,96.00201061211045,10.001919232153679,0
8785,Retailer 8785,555-5990044,"268 St, City 84",53,139.6766117854428,42.94293491747939,0
8786,Retailer 8786,555-3565513,"126 St, City 85",58,134.44287653215548,21.265429316837043,0
8787,Retailer 8787,555-4567008,"393 St, City 86",56,71.34038205225913,47.27179722765053,0
8788,Retailer 8788,555-1447095,"762 St, City 87",63,75.44969016522172,62.96663529480582,0
8789,Retailer 8789,555-7824464,"799 St, City 88",44,95.87640791462859,28.376970922716378,0
8790,Retailer 8790,555-3701433,"334 St, City 89",44,125.51574628041311,15.687198596681704,0
8791,Retailer 8791,555-7600713,"989 St, City 90",51,88.4057150296509,58.29956528749612,0
8792,Retailer 8792,555-1835358,"565 St, City 91",50,79.60293870181208,25.14763165612113,0
8793,Retailer 8793,555-2971472,"368 St, City 92",56,116.28105306758746,58.334050465177164,0
8794,Retailer 8794,555-2079229,"555 St, City 93",54,61.40636753466986,9.253782973971369,0
8795,Retailer 8795,555-2140441,"678 St, City 94",55,92.9746459161013,25.024650461561727,0
8796,Retailer 8796,555-2194447,"554 St, City 95",46,78.52357260659528,7.1381330963190095,0
8797,Retailer 8797,555-7539991,"892 St, City 96",48,99.83535523804083,35.95535015089539,0
8798,Retailer 8798,555-2587916,"456 St, City 97",61,81.04604048943062,26.521314362524336,0
8799,Retailer 8799,555-3234268,"688 St, City 98",50,96.96526410340998,24.357905035403892,0
8800,Retailer 8800,555-7442399,"67 St, City 99",42,108.43016048154661,30.575294556264517,0
8801,Retailer 8801,555-3603087,"66 St, City 0",42,102.5953351886605,14.119455016405187,0
8802,Retailer 8802,555-5961826,"912 St, City 1",54,89.25485900497993,6.394924407879771,0
8803,Retailer 8803,555-6199648,"595 St, City 2",49,93.16243520157614,49.26080197478966,0
8804,Retailer 8804,555-7636708,"862 St, City 3",50,145.0910292034735,14.553263263995095,0
8805,Retailer 8805,555-1049892,"617 St, City 4",52,117.65670511697246,135.12211885772058,0
8806,Retailer 8806,555-7473049,"400 St, City 5",50,95.3621491964729,19.675667876360436,0
8807,Retailer 8807,555-6072237,"287 St, City 6",48,103.56646565992146,20.201166348075173,0
8808,Retailer 8808,555-8030736,"886 St, City 7",56,109.03012743225635,33.97920123351462,0
8809,Retailer 8809,555-9734143,"186 St, City 8",36,84.7615803627973,32.9647154516129,0
8810,Retailer 8810,555-7571520,"284 St, City 9",58,100.04316470526723,5.972512794080507,0
8811,Retailer 8811,555-4118113,"516 St, City 10",51,78.53290637988349,9.536416508978455,0
8812,Retailer 8812,555-7060297,"650 St, City 11",55,80.1257863331277,7.9000815830168944,0
8813,Retailer 8813,555-3222854,"691 St, City 12",45,117.50876098786814,1.6465220679295012,0
8814,Retailer 8814,555-4292239,"237 St, City 13",51,120.1116411539182,0.6799821730398785,0
8815,Retailer 8815,555-1915108,"18 St, City 14",42,123.06711350662874,31.068404933132555,0
8816,Retailer 8816,555-5877323,"815 St, City 15",43,98.56888255710894,20.71002135760902,0
8817,Retailer 8817,555-3384272,"928 St, City 16",41,90.13273895680065,67.49853405215937,0
8818,Retailer 8818,555-3820377,"414 St, City 17",46,100.21260447690354,10.73331835758649,0
8819,Retailer 8819,555-2418351,"932 St, City 18",50,64.189920035863,46.46631014537004,0
8820,Retailer 8820,555-5917970,"9 St, City 19",49,127.75771684594642,3.2661345856574364,0
8821,Retailer 8821,555-4726713,"420 St, City 20",47,45.81936887540571,50.856682145180635,0
8822,Retailer 8822,555-9983278,"29 St, City 21",40,119.4612975427159,76.21204948276069,0
8823,Retailer 8823,555-1180116,"656 St, City 22",42,80.2107692122554,29.61244542418274,0
8824,Retailer 8824,555-1787001,"348 St, City 23",53,99.83812759097374,39.94965370226773,0
8825,Retailer 8825,555-6048245,"661 St, City 24",48,82.97756675897233,132.17674409035374,0
8826,Retailer 8826,555-9683790,"576 St, City 25",56,83.28275820642413,14.25347843934685,0
8827,Retailer 8827,555-2252825,"879 St, City 26",50,51.19088524062705,0.894026436546689,0
8828,Retailer 8828,555-3302690,"450 St, City 27",53,74.60384601474638,34.42806211768338,0
8829,Retailer 8829,555-1722153,"380 St, City 28",51,118.20817528248331,0.40258217653927353,0
8830,Retailer 8830,555-4446010,"699 St, City 29",54,75.50420269413377,25.201514231137622,0
8831,Retailer 8831,555-7492922,"366 St, City 30",37,74.65492417988747,27.30016077581624,0
8832,Retailer 8832,555-8315845,"227 St, City 31",55,97.8388323207139,26.34823130913617,0
8833,Retailer 8833,555-3569395,"118 St, City 32",34,53.43238351644551,5.442739259545151,0
8834,Retailer 8834,555-4332951,"412 St, City 33",58,92.98434741684872,2.3932549709297337,0
8835,Retailer 8835,555-1311416,"951 St, City 34",55,105.16946851711458,71.49553705194047,0
8836,Retailer 8836,555-1137980,"356 St, City 35",36,107.4196934631894,23.400481072232637,0
8837,Retailer 8837,555-3501212,"254 St, City 36",46,79.25185082761423,11.70624641059156,0
8838,Retailer 8838,555-8129343,"543 St, City 37",48,124.15828133816689,44.31879409824317,0
8839,Retailer 8839,555-6835615,"673 St, City 38",40,120.4250128678475,76.39871809388396,0
8840,Retailer 8840,555-5924191,"727 St, City 39",49,65.44745694812809,15.536327199740565,0
8841,Retailer 8841,555-1824765,"444 St, City 40",50,114.28831491811451,3.104375771192735,0
8842,Retailer 8842,555-1907651,"681 St, City 41",60,103.0317368865765,35.389787662152465,0
8843,Retailer 8843,555-2350417,"81 St, City 42",51,110.19867999208128,71.4253644334003,0
8844,Retailer 8844,555-7046946,"46 St, City 43",63,87.67516462280129,117.97758776316424,0
8845,Retailer 8845,555-7702705,"49 St, City 44",53,74.14130059894546,50.38646080998228,0
8846,Retailer 8846,555-1990391,"449 St, City 45",51,97.02578019058421,9.368124833246084,0
8847,Retailer 8847,555-5249367,"810 St, City 46",49,107.5648371531876,13.305302531162162,0
8848,Retailer 8848,555-7835084,"407 St, City 47",50,107.93108795341577,4.4111706561261395,0
8849,Retailer 8849,555-1587069,"880 St, City 48",51,106.85083989334201,37.421608764975275,0
8850,Retailer 8850,555-4947061,"283 St, City 49",58,78.4915525313377,5.562950123208584,0
8851,Retailer 8851,555-4156366,"473 St, City 50",47,127.41176436759699,16.967224894564154,0
8852,Retailer 8852,555-7198980,"416 St, City 51",47,123.85484929654453,22.762946657660933,0
8853,Retailer 8853,555-3315138,"979 St, City 52",57,104.93278096965417,14.463875940669212,0
8854,Retailer 8854,555-6549348,"600 St, City 53",49,80.93920924747555,4.864841647597393,0
8855,Retailer 8855,555-5415972,"121 St, City 54",50,105.25103961793629,10.267123390707857,0
8856,Retailer 8856,555-7586242,"3 St, City 55",45,91.44329749169854,30.052602101463407,0
8857,Retailer 8857,555-1549666,"316 St, City 56",38,92.954722330555,38.929132602019315,0
8858,Retailer 8858,555-4983027,"460 St, City 57",50,113.41126029083121,28.607016996363882,0
8859,Retailer 8859,555-8675862,"227 St, City 58",45,91.61785005880508,101.22381663950542,0
8860,Retailer 8860,555-9347131,"79 St, City 59",53,128.2822423145284,28.52881467758274,0
8861,Retailer 8861,555-6605085,"657 St, City 60",203,14.827439901276025,7.659913610896957,1
8862,Retailer 8862,555-5782969,"754 St, City 61",45,120.15689399319152,20.26233687954623,0
8863,Retailer 8863,555-8076083,"544 St, City 62",39,82.07031573069403,54.27865399749259,0
8864,Retailer 8864,555-5773283,"775 St, City 63",47,87.65569854813393,11.826926579360768,0
8865,Retailer 8865,555-3059417,"723 St, City 64",45,75.12632527796733,40.07154687378012,0
8866,Retailer 8866,555-8797551,"71 St, City 65",55,126.40505557022215,46.140310444603784,0
8867,Retailer 8867,555-8794087,"896 St, City 66",43,157.5876730000274,81.52721262307436,0
8868,Retailer 8868,555-5188432,"197 St, City 67",50,110.40941161786462,15.383595716017123,0
8869,Retailer 8869,555-3408359,"58 St, City 68",45,105.18112049415573,9.009820310158602,0
8870,Retailer 8870,555-5810374,"424 St, City 69",52,90.46012742219077,21.275141968637,0
8871,Retailer 8871,555-2832760,"469 St, City 70",50,132.33594020118232,151.93678631458644,0
8872,Retailer 8872,555-3442367,"624 St, City 71",49,99.10433138176045,69.72344741595118,0
8873,Retailer 8873,555-7847101,"48 St, City 72",39,87.04492682336914,10.020370613250014,0
8874,Retailer 8874,555-3539065,"435 St, City 73",44,70.47215413939449,6.571398736532197,0
8875,Retailer 8875,555-3026091,"185 St, City 74",56,79.10477436076424,19.44280266460763,0
8876,Retailer 8876,555-4731622,"879 St, City 75",61,101.40497397456703,5.437546318986771,0
8877,Retailer 8877,555-8785363,"839 St, City 76",57,63.33928331296595,42.56840706849007,0
8878,Retailer 8878,555-4087686,"165 St, City 77",43,75.47320103265773,1.1189899219142632,0
8879,Retailer 8879,555-1954227,"727 St, City 78",69,133.26519206130666,7.636152991515013,0
8880,Retailer 8880,555-5072476,"331 St, City 79",49,116.58786129027041,0.5516655272553629,0
8881,Retailer 8881,555-5827976,"330 St, City 80",52,93.4955816426338,7.714130303143455,0
8882,Retailer 8882,555-4398499,"121 St, City 81",187,12.24920702932715,1.6119063001117682,1
8883,Retailer 8883,555-1058031,"213 St, City 82",45,84.6991650020689,33.584567921834456,0
8884,Retailer 8884,555-9259282,"823 St, City 83",37,115.58975608937865,25.33821237808493,0
8885,Retailer 8885,555-3451550,"507 St, City 84",51,92.74154130888766,7.220667664918533,0
8886,Retailer 8886,555-3081552,"553 St, City 85",53,139.38604509950898,6.885307663813076,0
8887,Retailer 8887,555-8310982,"865 St, City 86",46,77.24753223867867,10.325181625622474,0
8888,Retailer 8888,555-2178642,"916 St, City 87",56,130.60620053528393,48.01626592108939,0
8889,Retailer 8889,555-6381862,"801 St, City 88",34,97.44100230601353,4.893335551494984,0
8890,Retailer 8890,555-8604869,"168 St, City 89",52,62.434636226253666,3.893039628220187,0
8891,Retailer 8891,555-8979633,"995 St, City 90",50,106.18599683494531,21.28136623256769,0
8892,Retailer 8892,555-5111932,"546 St, City 91",49,113.97812728638746,60.06333570458089,0
8893,Retailer 8893,555-2734441,"830 St, City 92",42,129.98509798019134,7.612374478604167,0
8894,Retailer 8894,555-2252876,"996 St, City 93",63,115.22775957826536,3.3700867358815794,0
8895,Retailer 8895,555-8937108,"987 St, City 94",42,81.39707809190317,20.299828579456022,0
8896,Retailer 8896,555-3960841,"787 St, City 95",48,120.76503524470424,39.52039149556587,0
8897,Retailer 8897,555-8745073,"427 St, City 96",49,101.08054791727074,28.895365311315626,0
8898,Retailer 8898,555-3592859,"709 St, City 97",55,68.37560109678543,16.247085608745788,0
8899,Retailer 8899,555-8992388,"703 St, City 98",37,98.31196820712944,1.2371016589890493,0
8900,Retailer 8900,555-6767204,"221 St, City 99",46,76.46563809466147,10.725685773695986,0
8901,Retailer 8901,555-8696124,"10 St, City 0",42,97.20537207977779,75.49244830652698,0
8902,Retailer 8902,555-2918715,"120 St, City 1",51,114.56978176228931,7.564137936308315,0
8903,Retailer 8903,555-7854795,"635 St, City 2",46,77.46923977519202,28.554012390445187,0
8904,Retailer 8904,555-9880121,"247 St, City 3",50,105.88472086361028,71.39783263692401,0
8905,Retailer 8905,555-3177890,"360 St, City 4",49,121.66615929212654,20.089334631575234,0
8906,Retailer 8906,555-5267905,"909 St, City 5",60,87.50113016595155,17.732822630055534,0
8907,Retailer 8907,555-4175601,"221 St, City 6",44,94.31482856771146,4.561824195424099,0
8908,Retailer 8908,555-2740584,"773 St, City 7",53,121.36814806618045,118.29247030362582,0
8909,Retailer 8909,555-4217196,"506 St, City 8",50,122.27965109703405,5.831931387699021,0
8910,Retailer 8910,555-6251208,"58 St, City 9",41,76.82939159180485,19.702013484460462,0
8911,Retailer 8911,555-9526013,"827 St, City 10",62,79.1871563122331,5.637976830249592,0
8912,Retailer 8912,555-8067263,"460 St, City 11",41,115.80608307745702,12.848971757216892,0
8913,Retailer 8913,555-9509781,"128 St, City 12",39,95.37855817980738,64.62723237170971,0
8914,Retailer 8914,555-1046638,"699 St, City 13",57,96.89743282082924,30.927548096289886,0
8915,Retailer 8915,555-6444555,"717 St, City 14",43,64.85101143513447,0.29679069653117857,0
8916,Retailer 8916,555-2162496,"86 St, City 15",40,90.77356643072356,102.12226817276297,0
8917,Retailer 8917,555-9236843,"104 St, City 16",54,96.73102300448181,45.96146091753124,0
8918,Retailer 8918,555-5151538,"143 St, City 17",42,114.46152203457392,180.1788710141105,0
8919,Retailer 8919,555-8776018,"205 St, City 18",56,92.54810274049935,43.17398599455862,0
8920,Retailer 8920,555-3105039,"641 St, City 19",37,114.52133394246962,43.42641677363678,0
8921,Retailer 8921,555-3064798,"758 St, City 20",48,96.5537074950056,36.05712836416138,0
8922,Retailer 8922,555-3850418,"38 St, City 21",49,125.11602353065892,16.510188592044,0
8923,Retailer 8923,555-4119810,"363 St, City 22",55,99.71230081352866,11.347695310326257,0
8924,Retailer 8924,555-1821929,"621 St, City 23",49,89.6876982067298,22.345033298155794,0
8925,Retailer 8925,555-7647162,"309 St, City 24",56,85.37814435904504,5.889118171640956,0
8926,Retailer 8926,555-5910673,"52 St, City 25",56,79.2521755624372,38.45058771796326,0
8927,Retailer 8927,555-8846540,"1 St, City 26",46,106.27386870985224,177.6484180425791,0
8928,Retailer 8928,555-4772217,"11 St, City 27",48,139.20174894937085,27.558891636399416,0
8929,Retailer 8929,555-3027842,"826 St, City 28",42,115.71339226316155,58.23372916714722,0
8930,Retailer 8930,555-6212281,"747 St, City 29",68,108.25390899623606,5.6741779862998785,0
8931,Retailer 8931,555-1734459,"640 St, City 30",50,75.35721951783181,52.30115872570137,0
8932,Retailer 8932,555-8718742,"936 St, City 31",52,76.38272825394523,71.39480839435964,0
8933,Retailer 8933,555-3306648,"214 St, City 32",55,119.00846189202025,54.765859790369674,0
8934,Retailer 8934,555-3789850,"995 St, City 33",215,15.938961541251205,29.606187239682466,1
8935,Retailer 8935,555-3703934,"956 St, City 34",39,87.29366414667739,78.26517897947679,0
8936,Retailer 8936,555-9697318,"755 St, City 35",48,65.69208943445867,97.68721034086762,0
8937,Retailer 8937,555-5541912,"556 St, City 36",48,96.02960460781443,50.68101123737026,0
8938,Retailer 8938,555-4903869,"518 St, City 37",53,82.02497923106914,23.76348730249894,0
8939,Retailer 8939,555-6371159,"668 St, City 38",55,89.43256127943344,54.10872218565604,0
8940,Retailer 8940,555-3451976,"415 St, City 39",48,74.32491123853447,13.953620972273686,0
8941,Retailer 8941,555-4197860,"8 St, City 40",65,116.12908637360661,12.766579628144617,0
8942,Retailer 8942,555-5680018,"5 St, City 41",50,87.79318204862425,12.827062989499435,0
8943,Retailer 8943,555-3780596,"362 St, City 42",53,110.2236031912856,6.665004695415161,0
8944,Retailer 8944,555-5040015,"694 St, City 43",44,107.73196064539889,29.26091554447759,0
8945,Retailer 8945,555-5870807,"112 St, City 44",47,88.36460599824095,32.494999425433306,0
8946,Retailer 8946,555-4237355,"273 St, City 45",50,96.2965591014365,58.90626023389442,0
8947,Retailer 8947,555-1122772,"422 St, City 46",53,135.19511197062496,35.5752202358754,0
8948,Retailer 8948,555-5077411,"265 St, City 47",53,79.41621224891755,45.415261679478185,0
8949,Retailer 8949,555-6472295,"458 St, City 48",58,83.1984489315335,35.02268081176753,0
8950,Retailer 8950,555-7957038,"212 St, City 49",46,57.999471128702794,35.825180238902625,0
8951,Retailer 8951,555-6756157,"78 St, City 50",40,97.06008416586414,12.490402746781596,0
8952,Retailer 8952,555-8356148,"782 St, City 51",50,58.06443065267619,101.34034512787663,0
8953,Retailer 8953,555-3801329,"666 St, City 52",51,90.24321021458883,30.548944801249988,0
8954,Retailer 8954,555-7525438,"221 St, City 53",45,63.83115448352984,26.539149137331194,0
8955,Retailer 8955,555-9680407,"369 St, City 54",45,114.52465929827058,56.36204355566953,0
8956,Retailer 8956,555-9577482,"958 St, City 55",47,96.6340896731043,16.391306868050485,0
8957,Retailer 8957,555-8223153,"347 St, City 56",48,33.361704854510094,3.036158013611406,0
8958,Retailer 8958,555-7727897,"25 St, City 57",46,80.64443933715627,8.237154618361313,0
8959,Retailer 8959,555-6433962,"976 St, City 58",46,90.46475395774635,49.52212734647707,0
8960,Retailer 8960,555-1473818,"420 St, City 59",44,110.53683764274176,39.48227825901681,0
8961,Retailer 8961,555-4035865,"354 St, City 60",52,117.37636819861439,3.7393169990637887,0
8962,Retailer 8962,555-4883424,"720 St, City 61",60,107.8937141465635,2.165920410170763,0
8963,Retailer 8963,555-4231365,"417 St, City 62",59,106.05497459536761,29.178388515429962,0
8964,Retailer 8964,555-7766699,"515 St, City 63",55,108.28042657932953,83.73394756192641,0
8965,Retailer 8965,555-4828295,"215 St, City 64",51,112.96577045999643,5.768272687652111,0
8966,Retailer 8966,555-2724833,"907 St, City 65",49,100.22840253526024,23.890112250617126,0
8967,Retailer 8967,555-9975979,"112 St, City 66",61,95.67182207871191,50.13420473229668,0
8968,Retailer 8968,555-9193421,"954 St, City 67",35,103.68682191533406,22.567345498398012,0
8969,Retailer 8969,555-6864719,"704 St, City 68",49,123.30497867206986,12.97552050332923,0
8970,Retailer 8970,555-4764040,"914 St, City 69",58,52.97355133739895,46.90141728671891,0
8971,Retailer 8971,555-7110793,"559 St, City 70",46,54.11597836459039,44.250613101109984,0
8972,Retailer 8972,555-7553855,"428 St, City 71",53,111.20369848820121,53.24448523576469,0
8973,Retailer 8973,555-4660880,"733 St, City 72",48,82.04250290444163,87.06828582663138,0
8974,Retailer 8974,555-9596235,"699 St, City 73",49,101.39599169183694,4.897850767011252,0
8975,Retailer 8975,555-6782655,"562 St, City 74",47,99.37088091737513,12.500975936055148,0
8976,Retailer 8976,555-4646277,"709 St, City 75",39,143.25425083342412,128.03376680313932,0
8977,Retailer 8977,555-2592210,"216 St, City 76",53,113.50861168459099,27.081714531080063,0
8978,Retailer 8978,555-3918634,"413 St, City 77",47,120.09327621989577,33.27169347111536,0
8979,Retailer 8979,555-7562344,"733 St, City 78",62,93.78932243518796,64.64959765609771,0
8980,Retailer 8980,555-8401628,"380 St, City 79",52,83.89071839067813,35.236702173245,0
8981,Retailer 8981,555-4884485,"602 St, City 80",51,83.07159759983287,34.487724251106926,0
8982,Retailer 8982,555-2991226,"232 St, City 81",47,124.51833668944855,3.311291933919983,0
8983,Retailer 8983,555-1829119,"835 St, City 82",57,110.48962688238466,21.207704716693904,0
8984,Retailer 8984,555-2054853,"258 St, City 83",53,101.52138132815284,33.55160476355292,0
8985,Retailer 8985,555-6042596,"665 St, City 84",43,134.23163686303798,49.397335091772476,0
8986,Retailer 8986,555-7424788,"256 St, City 85",60,97.21611241801415,15.994084729730432,0
8987,Retailer 8987,555-4386243,"403 St, City 86",47,84.58644002592932,3.95575703051187,0
8988,Retailer 8988,555-9124897,"424 St, City 87",58,93.15470478664963,13.66293969723,0
8989,Retailer 8989,555-9675493,"770 St, City 88",58,121.49945483398724,16.84964190380124,0
8990,Retailer 8990,555-4445083,"979 St, City 89",52,72.57737926285392,41.71015070319413,0
8991,Retailer 8991,555-5977037,"65 St, City 90",49,99.04639924394749,0.5993748784147003,0
8992,Retailer 8992,555-2535410,"190 St, City 91",54,132.19334577933188,14.622933799362736,0
8993,Retailer 8993,555-1349760,"603 St, City 92",38,108.12387375532515,17.819892444423832,0
8994,Retailer 8994,555-8490526,"950 St, City 93",47,96.05920867177201,23.962938263419794,0
8995,Retailer 8995,555-6827278,"173 St, City 94",42,138.51960830365692,105.19623023699424,0
8996,Retailer 8996,555-1296177,"759 St, City 95",72,106.97994120581095,40.48175872775366,0
8997,Retailer 8997,555-7074525,"768 St, City 96",44,67.7764167303735,7.547419720592115,0
8998,Retailer 8998,555-4406433,"628 St, City 97",53,96.55643754157975,30.12599159270573,0
8999,Retailer 8999,555-1012938,"561 St, City 98",50,124.31308543757757,12.74531232452799,0
9000,Retailer 9000,555-2179418,"227 St, City 99",55,103.35747098818193,50.04612559550788,0
9001,Retailer 9001,555-1994199,"581 St, City 0",53,131.0534187713617,5.628577085057827,0
9002,Retailer 9002,555-6507298,"934 St, City 1",65,78.52569675444173,4.682183848237327,0
9003,Retailer 9003,555-2919398,"388 St, City 2",50,98.2763536386441,3.207314098470739,0
9004,Retailer 9004,555-7716487,"401 St, City 3",47,107.12363542445574,23.564761973107363,0
9005,Retailer 9005,555-4614962,"638 St, City 4",39,75.10477431952148,3.946175119461472,0
9006,Retailer 9006,555-6133783,"949 St, City 5",54,99.88146497292755,1.2795100908687234,0
9007,Retailer 9007,555-2185622,"213 St, City 6",44,108.495647495686,12.124501036109436,0
9008,Retailer 9008,555-5192907,"53 St, City 7",43,74.7130360199406,48.00937771651812,0
9009,Retailer 9009,555-7630064,"624 St, City 8",52,70.3734139378161,5.09070723386157,0
9010,Retailer 9010,555-1545501,"671 St, City 9",58,123.75551361294568,13.289881902356752,0
9011,Retailer 9011,555-6199039,"752 St, City 10",54,102.31825278692119,17.167099718743142,0
9012,Retailer 9012,555-6567768,"662 St, City 11",57,53.1134110268875,62.61698864931255,0
9013,Retailer 9013,555-7964587,"139 St, City 12",47,86.4120850918316,19.40871815043436,0
9014,Retailer 9014,555-2511602,"418 St, City 13",40,101.58472963836171,21.52045529668709,0
9015,Retailer 9015,555-3346118,"625 St, City 14",57,54.50659141638546,8.816025122172189,0
9016,Retailer 9016,555-5639596,"143 St, City 15",46,81.56550072806881,33.12771347880432,0
9017,Retailer 9017,555-4465495,"882 St, City 16",50,93.59725900892343,0.779922564373697,0
9018,Retailer 9018,555-1689746,"509 St, City 17",46,93.60113607745747,100.09593210223784,0
9019,Retailer 9019,555-4517155,"650 St, City 18",53,78.90497584902855,20.681843885806014,0
9020,Retailer 9020,555-9744047,"486 St, City 19",45,97.18076238148649,1.9141877422845186,0
9021,Retailer 9021,555-5206330,"992 St, City 20",46,91.88951914789246,24.57290931766837,0
9022,Retailer 9022,555-3980858,"437 St, City 21",65,96.11819663663766,21.645298937667587,0
9023,Retailer 9023,555-9677596,"816 St, City 22",46,106.18462561687136,8.26084804953181,0
9024,Retailer 9024,555-3554293,"543 St, City 23",41,62.7910110157777,7.026499434563456,0
9025,Retailer 9025,555-8935145,"293 St, City 24",56,114.27859521466301,9.472811433754815,0
9026,Retailer 9026,555-6590572,"620 St, City 25",58,110.53893169608389,4.1686223979938575,0
9027,Retailer 9027,555-4856397,"284 St, City 26",50,109.6802327063734,22.741606790153526,0
9028,Retailer 9028,555-6831398,"671 St, City 27",50,96.4226674718544,63.34307189868133,0
9029,Retailer 9029,555-3007708,"838 St, City 28",48,96.00272435065419,76.968247341124,0
9030,Retailer 9030,555-9828452,"14 St, City 29",59,97.5280501047025,91.71997324366062,0
9031,Retailer 9031,555-1287249,"634 St, City 30",56,101.4834310564913,27.516799678287466,0
9032,Retailer 9032,555-9206294,"727 St, City 31",54,115.83681543563755,29.150064639479574,0
9033,Retailer 9033,555-7805995,"272 St, City 32",42,115.11282901503164,11.154386479848641,0
9034,Retailer 9034,555-5525605,"25 St, City 33",49,94.3581564104764,64.97497929572016,0
9035,Retailer 9035,555-2397955,"935 St, City 34",52,111.77874907604183,20.091448568808215,0
9036,Retailer 9036,555-1770802,"322 St, City 35",48,109.76989490935004,9.82632863739704,0
9037,Retailer 9037,555-5458795,"806 St, City 36",49,113.85426651778135,101.15020066383076,0
9038,Retailer 9038,555-4019579,"681 St, City 37",50,92.29707369603645,36.661877845881065,0
9039,Retailer 9039,555-5650291,"103 St, City 38",58,125.6825549349482,18.745117295835154,0
9040,Retailer 9040,555-5319230,"866 St, City 39",49,116.16085617130344,2.133179871671982,0
9041,Retailer 9041,555-9469755,"883 St, City 40",71,78.21507574383985,4.530324906963283,0
9042,Retailer 9042,555-8650311,"40 St, City 41",54,83.97404972848994,6.562472592862484,0
9043,Retailer 9043,555-2592063,"235 St, City 42",54,130.39660256119242,69.94211929439595,0
9044,Retailer 9044,555-9266602,"832 St, City 43",47,62.892319169217856,106.82914415503292,0
9045,Retailer 9045,555-7121602,"89 St, City 44",57,99.484976234275,9.317417391969,0
9046,Retailer 9046,555-7512324,"100 St, City 45",46,141.99920370472697,20.69348628070298,0
9047,Retailer 9047,555-3217939,"144 St, City 46",56,121.48960264442206,47.089979316580774,0
9048,Retailer 9048,555-7405883,"82 St, City 47",45,120.51303706621206,14.56631363514416,0
9049,Retailer 9049,555-7439519,"589 St, City 48",48,76.15868346116812,20.3405036315031,0
9050,Retailer 9050,555-7969369,"571 St, City 49",53,115.90699773996336,65.57701864558331,0
9051,Retailer 9051,555-5806085,"229 St, City 50",46,130.67459195560312,6.977301638008961,0
9052,Retailer 9052,555-7161018,"603 St, City 51",42,93.80484372939246,152.7511149165145,0
9053,Retailer 9053,555-9877241,"866 St, City 52",44,100.06128452547718,18.28107053379162,0
9054,Retailer 9054,555-3896355,"395 St, City 53",52,120.24948822521105,8.964432420585283,0
9055,Retailer 9055,555-7371332,"513 St, City 54",51,95.68487269198275,66.9062369018909,0
9056,Retailer 9056,555-7783564,"781 St, City 55",66,69.69735439205242,2.3876648912654552,0
9057,Retailer 9057,555-1167071,"798 St, City 56",47,45.46744918570377,30.843431094571415,0
9058,Retailer 9058,555-2775823,"197 St, City 57",52,106.31127934789265,1.9102215255470865,0
9059,Retailer 9059,555-7088960,"274 St, City 58",46,89.92230241619716,87.67033245912368,0
9060,Retailer 9060,555-8800757,"590 St, City 59",47,44.982556252973815,30.62616460000511,0
9061,Retailer 9061,555-8583754,"653 St, City 60",45,84.03461901773802,15.223470382401276,0
9062,Retailer 9062,555-7629383,"800 St, City 61",47,92.22040743071564,16.570427810188068,0
9063,Retailer 9063,555-3665880,"583 St, City 62",66,90.30827068195374,5.414613782330967,0
9064,Retailer 9064,555-5761631,"968 St, City 63",56,122.60020027105917,13.388993398164612,0
9065,Retailer 9065,555-3414551,"562 St, City 64",39,113.16445305091011,70.23945775548223,0
9066,Retailer 9066,555-9460827,"967 St, City 65",48,97.09686805656166,49.10041285104585,0
9067,Retailer 9067,555-3807501,"372 St, City 66",64,74.51841086404869,32.49535202879012,0
9068,Retailer 9068,555-2846252,"881 St, City 67",45,114.12321930624348,103.05706487403926,0
9069,Retailer 9069,555-4764610,"80 St, City 68",48,129.39281119505824,25.55983353358089,0
9070,Retailer 9070,555-8660771,"235 St, City 69",49,134.6344087968681,5.817670251853082,0
9071,Retailer 9071,555-5912894,"287 St, City 70",56,94.53719791603204,37.51256256960231,0
9072,Retailer 9072,555-1366042,"819 St, City 71",41,111.84140247638285,26.888392162377723,0
9073,Retailer 9073,555-6533395,"667 St, City 72",46,87.09058438641227,17.210144388362238,0
9074,Retailer 9074,555-7451406,"572 St, City 73",38,83.50058585122429,4.769227795618934,0
9075,Retailer 9075,555-3264381,"545 St, City 74",46,114.45788318198328,33.96436102542415,0
9076,Retailer 9076,555-6248794,"437 St, City 75",49,74.97325535802624,17.613162166030865,0
9077,Retailer 9077,555-8212648,"127 St, City 76",52,90.30742025712985,25.927563429912176,0
9078,Retailer 9078,555-8527467,"733 St, City 77",54,122.96122581617385,11.367716940732654,0
9079,Retailer 9079,555-7910957,"712 St, City 78",43,89.98110099672732,5.078401678631914,0
9080,Retailer 9080,555-3503821,"417 St, City 79",56,79.33834957242898,13.38427902757312,0
9081,Retailer 9081,555-5872367,"638 St, City 80",40,139.87253811897938,57.337546601482586,0
9082,Retailer 9082,555-2238669,"41 St, City 81",50,111.28606713660784,5.215103204726868,0
9083,Retailer 9083,555-3191951,"787 St, City 82",68,67.21555276563761,19.116238987361974,0
9084,Retailer 9084,555-5816977,"469 St, City 83",40,106.71115937706836,10.597927718317099,0
9085,Retailer 9085,555-8051398,"297 St, City 84",35,97.58651675587986,98.36851989628241,0
9086,Retailer 9086,555-9339150,"597 St, City 85",53,116.22324454107722,2.65423450964591,0
9087,Retailer 9087,555-8428951,"601 St, City 86",59,110.05022090516162,8.44499575789579,0
9088,Retailer 9088,555-1924914,"42 St, City 87",48,99.1177281474788,17.910942023580724,0
9089,Retailer 9089,555-1605750,"632 St, City 88",58,105.28983800775468,8.521783666757077,0
9090,Retailer 9090,555-1179340,"279 St, City 89",48,106.36239074303901,36.785810835360024,0
9091,Retailer 9091,555-8371191,"459 St, City 90",65,108.01088644697262,13.903242500661513,0
9092,Retailer 9092,555-5236343,"33 St, City 91",54,92.48145028510277,45.52996490004113,0
9093,Retailer 9093,555-3854414,"276 St, City 92",48,71.19210137013788,24.040247722103405,0
9094,Retailer 9094,555-3796175,"665 St, City 93",48,95.56972957965601,16.69687431853384,0
9095,Retailer 9095,555-8945223,"90 St, City 94",47,90.8697655498253,13.618056376596988,0
9096,Retailer 9096,555-4055068,"616 St, City 95",46,98.79426115447603,7.531582615572241,0
9097,Retailer 9097,555-6361878,"948 St, City 96",51,122.0640519973401,8.732972838510157,0
9098,Retailer 9098,555-9629932,"524 St, City 97",62,129.10564552448727,5.821369827138883,0
9099,Retailer 9099,555-5622887,"160 St, City 98",47,114.37345214420172,57.264695998284644,0
9100,Retailer 9100,555-4659248,"929 St, City 99",48,116.24762911298666,23.84102827654398,0
9101,Retailer 9101,555-7166197,"458 St, City 0",51,98.15676194514327,19.78413001064857,0
9102,Retailer 9102,555-9621837,"708 St, City 1",50,92.27766219733,11.669349727886583,0
9103,Retailer 9103,555-1837876,"399 St, City 2",42,114.71804943776762,21.824018600063052,0
9104,Retailer 9104,555-2088894,"819 St, City 3",54,119.4551658430359,64.25333552590811,0
9105,Retailer 9105,555-3789530,"774 St, City 4",62,119.18833438097589,58.158815072561154,0
9106,Retailer 9106,555-9512686,"91 St, City 5",47,97.16128968172674,27.420627829271204,0
9107,Retailer 9107,555-9428367,"709 St, City 6",48,101.66706702761657,22.647935774099167,0
9108,Retailer 9108,555-8835958,"581 St, City 7",71,138.7583653391676,7.677050602770995,0
9109,Retailer 9109,555-6923808,"466 St, City 8",56,51.471543952881504,35.42020419136734,0
9110,Retailer 9110,555-3950161,"220 St, City 9",47,119.61166338745717,57.584621890791304,0
9111,Retailer 9111,555-5561679,"419 St, City 10",41,93.19102474090467,10.945158473672485,0
9112,Retailer 9112,555-7976915,"379 St, City 11",59,93.1958553460626,17.15661417125919,0
9113,Retailer 9113,555-7725311,"726 St, City 12",47,94.29031182770066,3.3853328118823467,0
9114,Retailer 9114,555-8671388,"930 St, City 13",57,62.97144585629646,58.5996116983397,0
9115,Retailer 9115,555-6691357,"447 St, City 14",45,95.80280598627688,3.0845276991891324,0
9116,Retailer 9116,555-8107936,"964 St, City 15",51,125.58718709527541,36.55609165030522,0
9117,Retailer 9117,555-4017721,"146 St, City 16",60,94.123607276465,6.209975424219875,0
9118,Retailer 9118,555-6638132,"233 St, City 17",52,96.87723905412186,39.68817369881284,0
9119,Retailer 9119,555-6653020,"371 St, City 18",51,82.19607629113042,30.873604470229296,0
9120,Retailer 9120,555-8400236,"922 St, City 19",65,100.43538652018489,35.17378234891034,0
9121,Retailer 9121,555-8897164,"234 St, City 20",69,48.819805608868194,30.30139243053313,0
9122,Retailer 9122,555-5443131,"726 St, City 21",58,84.1360273638182,15.1587600329688,0
9123,Retailer 9123,555-9633864,"367 St, City 22",46,107.73952209101249,29.042778001365658,0
9124,Retailer 9124,555-7635543,"481 St, City 23",65,73.46603216518446,8.022807571554035,0
9125,Retailer 9125,555-1410275,"573 St, City 24",47,75.24190013497888,9.603565413690324,0
9126,Retailer 9126,555-8887372,"363 St, City 25",56,90.66331538352152,2.0205370603032597,0
9127,Retailer 9127,555-2829210,"590 St, City 26",54,109.95240851871513,28.46656047907833,0
9128,Retailer 9128,555-1594091,"511 St, City 27",52,120.2251247895932,55.12687551673041,0
9129,Retailer 9129,555-1071524,"95 St, City 28",42,100.02397914301805,14.266166793007905,0
9130,Retailer 9130,555-8040326,"842 St, City 29",58,93.72646246264503,7.021519750771313,0
9131,Retailer 9131,555-5785613,"216 St, City 30",37,108.10575022565111,52.10614401022205,0
9132,Retailer 9132,555-3832761,"725 St, City 31",56,95.53438695677332,30.99539256901867,0
9133,Retailer 9133,555-7573643,"816 St, City 32",54,114.6969331583724,67.19666374430776,0
9134,Retailer 9134,555-3092195,"712 St, City 33",47,129.70349573733182,0.18789679915596702,0
9135,Retailer 9135,555-8342451,"864 St, City 34",56,96.84557042836036,15.382647171053465,0
9136,Retailer 9136,555-1768976,"543 St, City 35",49,77.2128819897393,69.36635845423848,0
9137,Retailer 9137,555-5631004,"802 St, City 36",216,8.707684588283573,33.75327137687544,1
9138,Retailer 9138,555-2243517,"855 St, City 37",46,140.29128160023052,18.982236635468734,0
9139,Retailer 9139,555-7145779,"985 St, City 38",58,106.33665080826327,16.061174365797676,0
9140,Retailer 9140,555-5534945,"135 St, City 39",47,80.35855096251174,67.65973358504633,0
9141,Retailer 9141,555-4283287,"83 St, City 40",56,100.7179340960951,53.477171943836105,0
9142,Retailer 9142,555-4992852,"391 St, City 41",53,98.54251400245779,0.37164610069365844,0
9143,Retailer 9143,555-9306946,"47 St, City 42",53,83.37864890270424,3.8721852292572163,0
9144,Retailer 9144,555-4137358,"392 St, City 43",62,125.22677373839244,21.542586688455685,0
9145,Retailer 9145,555-6184975,"718 St, City 44",46,112.35695437494523,3.652699482953806,0
9146,Retailer 9146,555-5542709,"385 St, City 45",54,123.19168228119858,9.637746630897666,0
9147,Retailer 9147,555-5385500,"381 St, City 46",55,38.15721725357178,54.0377004171253,0
9148,Retailer 9148,555-8784197,"77 St, City 47",45,105.6007737070331,14.639615887854262,0
9149,Retailer 9149,555-2762204,"259 St, City 48",64,101.56451651382096,17.985037265696292,0
9150,Retailer 9150,555-4380795,"949 St, City 49",55,80.33993887215736,5.741753442224442,0
9151,Retailer 9151,555-9076693,"604 St, City 50",47,108.75555284502039,27.66277828312608,0
9152,Retailer 9152,555-5531536,"934 St, City 51",53,80.7022616391793,3.8455763179539484,0
9153,Retailer 9153,555-9298836,"947 St, City 52",48,67.87215097743359,29.84552424750882,0
9154,Retailer 9154,555-6423666,"399 St, City 53",41,114.52699142190475,41.19966671926937,0
9155,Retailer 9155,555-8146423,"100 St, City 54",50,96.90045021758488,62.05122904193531,0
9156,Retailer 9156,555-8405382,"501 St, City 55",51,67.24016001168056,26.200377576575498,0
9157,Retailer 9157,555-3278569,"383 St, City 56",46,128.73272643577843,12.101967711876142,0
9158,Retailer 9158,555-7532134,"707 St, City 57",53,101.20436833961882,57.250835792501974,0
9159,Retailer 9159,555-1343275,"192 St, City 58",48,83.91854060944321,27.236604810120376,0
9160,Retailer 9160,555-7118225,"580 St, City 59",40,67.35631097107273,13.30143997301492,0
9161,Retailer 9161,555-8681122,"901 St, City 60",190,15.250074099334885,11.68211414578987,1
9162,Retailer 9162,555-2225619,"754 St, City 61",46,67.32039056706984,11.596981884277199,0
9163,Retailer 9163,555-5328974,"602 St, City 62",38,134.25856253258638,1.7397899734577735,0
9164,Retailer 9164,555-4662667,"345 St, City 63",39,139.99645702507593,3.2053276643238413,0
9165,Retailer 9165,555-4756150,"10 St, City 64",54,124.52645415592208,2.81966842843651,0
9166,Retailer 9166,555-3203092,"264 St, City 65",46,66.80068888764447,11.227190684908848,0
9167,Retailer 9167,555-6171748,"268 St, City 66",57,110.81766186142963,19.272292422739767,0
9168,Retailer 9168,555-3683525,"832 St, City 67",36,146.67038390441377,4.79027777251528,0
9169,Retailer 9169,555-1456195,"630 St, City 68",43,83.94653811393627,52.799325552100115,0
9170,Retailer 9170,555-5512276,"762 St, City 69",43,98.18804581468179,2.036046182324165,0
9171,Retailer 9171,555-2539998,"571 St, City 70",40,135.90903226445192,87.18314324533111,0
9172,Retailer 9172,555-4524756,"195 St, City 71",55,106.96706965892366,2.3204962350245726,0
9173,Retailer 9173,555-5973198,"987 St, City 72",45,113.36093278989532,67.51862806611786,0
9174,Retailer 9174,555-2528362,"562 St, City 73",48,86.3102466798606,9.0618782790297,0
9175,Retailer 9175,555-4701339,"407 St, City 74",56,70.74360302045463,129.7054011459818,0
9176,Retailer 9176,555-1881037,"296 St, City 75",47,109.63367865579468,22.102179403487042,0
9177,Retailer 9177,555-4626307,"890 St, City 76",47,90.0987586500531,0.5543202467539092,0
9178,Retailer 9178,555-9643155,"97 St, City 77",46,86.89230235037314,9.96653824002983,0
9179,Retailer 9179,555-7601568,"462 St, City 78",66,84.07607841846402,84.4841341438667,0
9180,Retailer 9180,555-3368403,"639 St, City 79",46,116.53652532635049,10.685929675941756,0
9181,Retailer 9181,555-5650215,"758 St, City 80",44,109.57446685108818,13.370256266909967,0
9182,Retailer 9182,555-9223269,"87 St, City 81",50,138.28901166979972,1.3545721918429727,0
9183,Retailer 9183,555-8659150,"991 St, City 82",44,123.13856323143955,8.761002045531349,0
9184,Retailer 9184,555-9412054,"77 St, City 83",42,103.07413788529266,9.005604116203697,0
9185,Retailer 9185,555-7024587,"889 St, City 84",56,102.08794935450913,37.76066662276888,0
9186,Retailer 9186,555-9332715,"716 St, City 85",46,121.19841496657288,21.142523980399016,0
9187,Retailer 9187,555-3625263,"483 St, City 86",65,102.99674340488139,5.2666118156950334,0
9188,Retailer 9188,555-3241678,"146 St, City 87",51,124.87113748611527,47.6302034558214,0
9189,Retailer 9189,555-6122028,"661 St, City 88",49,103.60814086477782,28.36531117764908,0
9190,Retailer 9190,555-9593770,"111 St, City 89",41,113.38976156255927,9.378072833446845,0
9191,Retailer 9191,555-3763049,"641 St, City 90",45,130.12696397879026,7.599719647555721,0
9192,Retailer 9192,555-3203087,"765 St, City 91",62,68.8525811479738,77.6712646381204,0
9193,Retailer 9193,555-3952718,"678 St, City 92",42,128.1866718608941,30.405224294084054,0
9194,Retailer 9194,555-5952297,"297 St, City 93",58,129.48407007173432,49.4168017561712,0
9195,Retailer 9195,555-1376924,"426 St, City 94",55,95.46582801045273,7.666803857299302,0
9196,Retailer 9196,555-1387688,"649 St, City 95",55,102.4449574488348,26.655600961417303,0
9197,Retailer 9197,555-7094899,"791 St, City 96",59,93.96990498737816,1.649199181427926,0
9198,Retailer 9198,555-3435016,"334 St, City 97",62,88.96618322507517,27.095338883043645,0
9199,Retailer 9199,555-2070648,"523 St, City 98",55,125.61195114118887,6.8289548577663695,0
9200,Retailer 9200,555-4890026,"583 St, City 99",49,72.1099555967536,33.17751870081574,0
9201,Retailer 9201,555-5558708,"671 St, City 0",66,103.19124654951233,80.63260870480268,0
9202,Retailer 9202,555-5593577,"728 St, City 1",47,74.47851438771863,18.413988690446423,0
9203,Retailer 9203,555-7322372,"538 St, City 2",40,89.88072480621115,10.93241552029787,0
9204,Retailer 9204,555-9940164,"798 St, City 3",62,77.9665459580729,3.946590397993265,0
9205,Retailer 9205,555-5188136,"162 St, City 4",53,102.21702372102686,33.31372018126292,0
9206,Retailer 9206,555-5490741,"430 St, City 5",48,110.9882748557372,26.32492298096221,0
9207,Retailer 9207,555-8347075,"614 St, City 6",60,123.99227599649771,23.595443411678332,0
9208,Retailer 9208,555-8249602,"69 St, City 7",58,100.08940597906029,82.45026306287889,0
9209,Retailer 9209,555-8859498,"133 St, City 8",46,139.56002633725996,114.7139318237899,0
9210,Retailer 9210,555-3906868,"189 St, City 9",46,91.53204633779228,37.86753318963738,0
9211,Retailer 9211,555-5058961,"723 St, City 10",55,115.78153170756369,6.544284392538245,0
9212,Retailer 9212,555-4246532,"755 St, City 11",56,127.98517150644471,87.99028537316897,0
9213,Retailer 9213,555-5263304,"678 St, City 12",42,93.51211240816238,12.690242473140609,0
9214,Retailer 9214,555-5125339,"924 St, City 13",46,111.99106247299169,2.4739044023549663,0
9215,Retailer 9215,555-2900057,"922 St, City 14",42,50.331894359818044,8.275956585688068,0
9216,Retailer 9216,555-1784514,"573 St, City 15",52,123.02451223292786,53.225209286639725,0
9217,Retailer 9217,555-2919587,"874 St, City 16",50,83.8682234487517,6.83582005500505,0
9218,Retailer 9218,555-7760510,"279 St, City 17",52,131.39596703611733,15.079146734461276,0
9219,Retailer 9219,555-6051702,"430 St, City 18",61,99.52194370842513,9.585754505353849,0
9220,Retailer 9220,555-5639848,"625 St, City 19",57,119.62507538100387,1.4699596085783595,0
9221,Retailer 9221,555-3866792,"542 St, City 20",216,3.6346285468844854,24.746859228260192,1
9222,Retailer 9222,555-6834564,"835 St, City 21",42,163.6134025801227,29.726954706214887,0
9223,Retailer 9223,555-5673794,"988 St, City 22",46,104.00243918984661,46.983771160500304,0
9224,Retailer 9224,555-3153883,"161 St, City 23",48,147.1896543186918,16.066898323600824,0
9225,Retailer 9225,555-8415042,"746 St, City 24",46,100.2897221841801,4.571134824083884,0
9226,Retailer 9226,555-3346243,"899 St, City 25",46,93.52938812726114,31.680017904062932,0
9227,Retailer 9227,555-5265630,"453 St, City 26",55,113.81834684614316,66.23603347323653,0
9228,Retailer 9228,555-9726458,"889 St, City 27",57,124.67519921865691,3.8289119231006223,0
9229,Retailer 9229,555-4679020,"851 St, City 28",35,118.64683887911107,6.049421795848014,0
9230,Retailer 9230,555-8455050,"170 St, City 29",50,111.45150307850764,11.978443254290369,0
9231,Retailer 9231,555-1488968,"830 St, City 30",43,101.2084812265075,31.520085668710824,0
9232,Retailer 9232,555-5248949,"698 St, City 31",53,117.44119364395814,22.258299123577267,0
9233,Retailer 9233,555-2580096,"57 St, City 32",41,108.58745129138677,37.38225509599464,0
9234,Retailer 9234,555-6821934,"240 St, City 33",56,97.41838498606414,0.9551754461672657,0
9235,Retailer 9235,555-2693465,"769 St, City 34",63,97.08873346604078,49.89430364932462,0
9236,Retailer 9236,555-5275892,"358 St, City 35",50,129.10372577878246,131.41890258776047,0
9237,Retailer 9237,555-8976726,"201 St, City 36",47,73.92003545630342,1.4336513078496569,0
9238,Retailer 9238,555-3107719,"444 St, City 37",46,117.80485013416342,20.52059724040819,0
9239,Retailer 9239,555-8602495,"837 St, City 38",50,115.6539810192371,40.40231323820544,0
9240,Retailer 9240,555-8430037,"827 St, City 39",59,144.9099621916688,19.410781746256298,0
9241,Retailer 9241,555-6990266,"302 St, City 40",64,36.602123240561426,26.963823867608674,0
9242,Retailer 9242,555-1699438,"106 St, City 41",35,69.31463627379657,76.12149704316627,0
9243,Retailer 9243,555-6069398,"802 St, City 42",64,82.36724042358293,23.285664639782354,0
9244,Retailer 9244,555-4691316,"101 St, City 43",53,87.42235436639595,8.0989921126797,0
9245,Retailer 9245,555-8153588,"97 St, City 44",51,119.05083020801523,40.25418484228867,0
9246,Retailer 9246,555-5192896,"665 St, City 45",50,73.49962204108652,14.120721323836493,0
9247,Retailer 9247,555-6687041,"938 St, City 46",51,94.30609146620921,10.069010935659875,0
9248,Retailer 9248,555-3677049,"29 St, City 47",58,86.29287765133128,8.566747338822285,0
9249,Retailer 9249,555-3288786,"506 St, City 48",70,94.26099110509604,2.4807036021487847,0
9250,Retailer 9250,555-5986439,"665 St, City 49",51,127.9975474822433,81.05041886993111,0
9251,Retailer 9251,555-3845157,"438 St, City 50",45,111.51178498075235,24.85921871079953,0
9252,Retailer 9252,555-6568139,"379 St, City 51",49,87.7768723802576,93.0999348264325,0
9253,Retailer 9253,555-6220761,"73 St, City 52",51,72.3837076136519,59.369174420505445,0
9254,Retailer 9254,555-1219162,"254 St, City 53",54,110.76375642181472,0.9208433573281689,0
9255,Retailer 9255,555-5053492,"963 St, City 54",46,86.94886888957086,8.522068275419572,0
9256,Retailer 9256,555-3841852,"911 St, City 55",48,94.65023471058528,11.365917971249457,0
9257,Retailer 9257,555-4313723,"516 St, City 56",176,10.064655747729967,20.18985662724447,1
9258,Retailer 9258,555-2340522,"749 St, City 57",48,122.22914141500739,37.77701834826486,0
9259,Retailer 9259,555-2401051,"550 St, City 58",59,93.04419305615639,34.25515410409919,0
9260,Retailer 9260,555-8269122,"20 St, City 59",56,91.80056680782066,130.9183909184623,0
9261,Retailer 9261,555-4270514,"625 St, City 60",43,81.75760631438041,77.04444833086565,0
9262,Retailer 9262,555-4738163,"535 St, City 61",50,84.83923964514075,6.183678921743331,0
9263,Retailer 9263,555-9934971,"421 St, City 62",50,118.33620226842321,58.954927622374704,0
9264,Retailer 9264,555-8349336,"446 St, City 63",60,100.14963039245362,55.532916488384096,0
9265,Retailer 9265,555-8722905,"879 St, City 64",48,96.09947036851574,25.655755764966074,0
9266,Retailer 9266,555-4462087,"136 St, City 65",56,73.51654401831951,12.380165528488462,0
9267,Retailer 9267,555-8745769,"505 St, City 66",56,79.31801478980995,7.019189167353774,0
9268,Retailer 9268,555-1286172,"933 St, City 67",52,110.7220895975903,7.165132855075251,0
9269,Retailer 9269,555-9082668,"760 St, City 68",51,95.66778955258398,12.36681541717626,0
9270,Retailer 9270,555-1561133,"301 St, City 69",66,95.65056040931539,21.03214528702473,0
9271,Retailer 9271,555-7116130,"609 St, City 70",56,107.13375971797362,26.299186107804434,0
9272,Retailer 9272,555-2649258,"33 St, City 71",54,112.89837964228431,11.793058952922097,0
9273,Retailer 9273,555-5369535,"647 St, City 72",65,113.88008710836971,13.228687027304353,0
9274,Retailer 9274,555-8420754,"767 St, City 73",40,94.3580863862777,0.40834764454705513,0
9275,Retailer 9275,555-5159962,"278 St, City 74",41,97.6352286739689,0.06365291723118596,0
9276,Retailer 9276,555-5481678,"133 St, City 75",44,110.54331901562081,71.31358741727537,0
9277,Retailer 9277,555-2665418,"750 St, City 76",47,55.28041566035452,0.4233853497105682,0
9278,Retailer 9278,555-1695519,"527 St, City 77",57,103.29217899436567,1.0104706649082826,0
9279,Retailer 9279,555-9629348,"789 St, City 78",49,114.24005149086958,6.906378398284991,0
9280,Retailer 9280,555-5449720,"126 St, City 79",51,86.14470672234347,40.8069278568864,0
9281,Retailer 9281,555-2310704,"345 St, City 80",46,74.48603842950024,34.08198774333899,0
9282,Retailer 9282,555-6641335,"17 St, City 81",55,128.57178537639896,31.25366935428476,0
9283,Retailer 9283,555-7121263,"824 St, City 82",54,84.1920352864121,25.66667735196546,0
9284,Retailer 9284,555-6555910,"562 St, City 83",49,99.1621003776977,6.75808667243273,0
9285,Retailer 9285,555-7396153,"647 St, City 84",46,106.22046233832923,15.221633219131313,0
9286,Retailer 9286,555-8048586,"630 St, City 85",51,81.80551863501083,19.50837980350089,0
9287,Retailer 9287,555-6221995,"378 St, City 86",46,68.49612374937361,26.20001276345729,0
9288,Retailer 9288,555-8846989,"818 St, City 87",46,105.62437971391893,6.635463395481633,0
9289,Retailer 9289,555-2587361,"60 St, City 88",209,18.651435314893668,39.17282069154358,1
9290,Retailer 9290,555-9646079,"637 St, City 89",40,113.49070768346932,11.084756575383029,0
9291,Retailer 9291,555-2763190,"467 St, City 90",51,97.01000542855809,32.38406723735902,0
9292,Retailer 9292,555-2157593,"628 St, City 91",58,142.9494296705369,21.645360476911154,0
9293,Retailer 9293,555-1855817,"391 St, City 92",48,102.85768222932509,26.910416452671193,0
9294,Retailer 9294,555-7509676,"936 St, City 93",48,85.70999443392398,15.989499379903334,0
9295,Retailer 9295,555-4250881,"685 St, City 94",53,115.79492430365964,17.667347866998227,0
9296,Retailer 9296,555-1558114,"187 St, City 95",44,121.50674071812,60.79128143027675,0
9297,Retailer 9297,555-5828626,"498 St, City 96",43,73.10222327554179,19.38077151269205,0
9298,Retailer 9298,555-9320901,"600 St, City 97",55,108.63985969596378,47.38018693361068,0
9299,Retailer 9299,555-2657106,"715 St, City 98",57,106.89315642390712,15.077023729011355,0
9300,Retailer 9300,555-2958074,"361 St, City 99",51,119.35543329703401,36.172445584903656,0
9301,Retailer 9301,555-2622964,"823 St, City 0",53,79.49540420316127,7.953955456620234,0
9302,Retailer 9302,555-9085491,"832 St, City 1",55,114.41857719022869,74.67430867888568,0
9303,Retailer 9303,555-7154482,"449 St, City 2",65,108.25534218541051,102.58970143991387,0
9304,Retailer 9304,555-1358349,"694 St, City 3",50,95.16875106174314,69.47751864683161,0
9305,Retailer 9305,555-2061385,"864 St, City 4",45,153.45344887519786,12.758589045820836,0
9306,Retailer 9306,555-6831618,"680 St, City 5",48,76.24644092623107,9.709230231388256,0
9307,Retailer 9307,555-8303950,"181 St, City 6",50,95.15079153826771,6.042915734293241,0
9308,Retailer 9308,555-7102102,"812 St, City 7",58,82.09664647763873,61.905693563924984,0
9309,Retailer 9309,555-9741073,"959 St, City 8",42,106.76738219157214,3.7878716710887077,0
9310,Retailer 9310,555-5763090,"130 St, City 9",47,134.1281898980225,30.844359444878833,0
9311,Retailer 9311,555-8980571,"975 St, City 10",48,128.64959303593955,12.07995018516751,0
9312,Retailer 9312,555-4096750,"149 St, City 11",54,47.441984489942755,6.244618570069669,0
9313,Retailer 9313,555-7682115,"472 St, City 12",48,131.58438289647023,6.1180748635589435,0
9314,Retailer 9314,555-7354054,"818 St, City 13",41,90.00272882609389,61.43133146025741,0
9315,Retailer 9315,555-6517263,"721 St, City 14",37,86.01556880337458,58.94495375733863,0
9316,Retailer 9316,555-1818706,"623 St, City 15",52,102.98754854645276,9.524812482564416,0
9317,Retailer 9317,555-2734802,"948 St, City 16",39,94.28651121232251,1.0305061587501079,0
9318,Retailer 9318,555-9837718,"500 St, City 17",45,93.25172064445252,60.996618203348895,0
9319,Retailer 9319,555-7137875,"649 St, City 18",54,85.31452535012912,1.771021951467067,0
9320,Retailer 9320,555-2774474,"355 St, City 19",42,106.41900777809812,2.655763569854155,0
9321,Retailer 9321,555-4212174,"916 St, City 20",50,124.356380915771,51.765789918928306,0
9322,Retailer 9322,555-1553360,"211 St, City 21",48,102.91701635232229,50.984095307160814,0
9323,Retailer 9323,555-5228021,"658 St, City 22",53,98.01514040170441,6.7878155927164245,0
9324,Retailer 9324,555-1384533,"596 St, City 23",52,112.37676188867334,1.1690346566930472,0
9325,Retailer 9325,555-5303829,"30 St, City 24",52,125.35358532482603,1.9515899433357524,0
9326,Retailer 9326,555-4602294,"577 St, City 25",41,102.5565246576384,18.12054968324408,0
9327,Retailer 9327,555-2261668,"24 St, City 26",65,96.79972852387458,16.250639239279614,0
9328,Retailer 9328,555-4150374,"984 St, City 27",57,112.66124974330037,6.037387733456063,0
9329,Retailer 9329,555-3399009,"943 St, City 28",53,86.26471068674435,71.92014917602536,0
9330,Retailer 9330,555-2378656,"723 St, City 29",32,58.94127554236563,24.116276745442416,0
9331,Retailer 9331,555-5478633,"222 St, City 30",56,112.23046956791367,49.40468151968664,0
9332,Retailer 9332,555-9735015,"602 St, City 31",48,91.62807144274227,3.2852737710232236,0
9333,Retailer 9333,555-8045472,"618 St, City 32",57,89.42364822478136,108.87141312671928,0
9334,Retailer 9334,555-9965003,"684 St, City 33",54,61.95681334809455,49.78054058935563,0
9335,Retailer 9335,555-1769153,"742 St, City 34",45,85.05003466623526,10.182907990643042,0
9336,Retailer 9336,555-2508346,"925 St, City 35",33,92.93704643254082,0.6301383418869622,0
9337,Retailer 9337,555-1803995,"589 St, City 36",42,128.80732029471017,5.392063460609859,0
9338,Retailer 9338,555-9666453,"580 St, City 37",55,135.0668493439204,16.264647303796423,0
9339,Retailer 9339,555-2248720,"877 St, City 38",67,96.37372362437767,0.0896975322496365,0
9340,Retailer 9340,555-6160025,"401 St, City 39",46,110.96388920989091,1.2509372393801212,0
9341,Retailer 9341,555-9302146,"865 St, City 40",76,77.04983688801522,3.1153839452574337,0
9342,Retailer 9342,555-3836934,"901 St, City 41",45,102.49663029808515,49.777200092392306,0
9343,Retailer 9343,555-7944075,"604 St, City 42",52,91.78544380058376,23.74700883159871,0
9344,Retailer 9344,555-2087241,"512 St, City 43",54,68.43040303215095,6.357977331736489,0
9345,Retailer 9345,555-4929301,"88 St, City 44",47,122.63275167401794,9.21476648854212,0
9346,Retailer 9346,555-3210980,"465 St, City 45",48,103.97939347402877,30.831651468412257,0
9347,Retailer 9347,555-8997018,"50 St, City 46",64,113.86455106968158,11.50862031970611,0
9348,Retailer 9348,555-2139391,"103 St, City 47",38,92.18403347679154,34.38361992564303,0
9349,Retailer 9349,555-6970653,"368 St, City 48",59,53.782610252503,45.183196491215796,0
9350,Retailer 9350,555-4970471,"936 St, City 49",47,71.47168209386999,10.985504489183274,0
9351,Retailer 9351,555-5226660,"492 St, City 50",68,118.26755249596232,13.695459380680857,0
9352,Retailer 9352,555-6508833,"558 St, City 51",59,95.10006755673066,1.5411427262581545,0
9353,Retailer 9353,555-2869883,"691 St, City 52",36,112.19219168988509,51.410361472741336,0
9354,Retailer 9354,555-1271609,"779 St, City 53",48,91.50545363180707,27.947488886263088,0
9355,Retailer 9355,555-4867183,"268 St, City 54",53,101.8648934772613,65.74969682918223,0
9356,Retailer 9356,555-4481716,"397 St, City 55",53,100.01127280965152,6.281643391672523,0
9357,Retailer 9357,555-3293474,"320 St, City 56",46,81.54524745466,97.02002031047085,0
9358,Retailer 9358,555-7337479,"520 St, City 57",51,105.20895645128996,36.80042806211985,0
9359,Retailer 9359,555-6868518,"449 St, City 58",57,130.8652293931935,6.5674628408956055,0
9360,Retailer 9360,555-9566304,"777 St, City 59",48,90.15429453725373,18.65114088872172,0
9361,Retailer 9361,555-2589291,"476 St, City 60",51,66.76902997847222,36.014461759197104,0
9362,Retailer 9362,555-1426492,"898 St, City 61",43,114.39779766201367,0.5135500265913828,0
9363,Retailer 9363,555-3955227,"590 St, City 62",52,72.57906663937855,45.462945141394556,0
9364,Retailer 9364,555-3307236,"909 St, City 63",41,80.31113647742609,88.51146035570716,0
9365,Retailer 9365,555-4224400,"240 St, City 64",54,94.5242601256122,2.5502825151765496,0
9366,Retailer 9366,555-7613889,"258 St, City 65",40,112.62398250628885,68.51812959672004,0
9367,Retailer 9367,555-6653278,"708 St, City 66",49,109.69785411588192,18.733490611056336,0
9368,Retailer 9368,555-1463723,"972 St, City 67",47,93.58686281784804,21.745248565299605,0
9369,Retailer 9369,555-8784160,"944 St, City 68",37,73.63785316817925,54.997703071726484,0
9370,Retailer 9370,555-6138717,"842 St, City 69",36,153.6521929241804,26.722937849138674,0
9371,Retailer 9371,555-1686763,"643 St, City 70",45,103.67035692872105,12.98936385694056,0
9372,Retailer 9372,555-8585291,"964 St, City 71",44,116.40065443972203,39.56929067435954,0
9373,Retailer 9373,555-7301816,"390 St, City 72",41,109.67940917524025,4.466388278056225,0
9374,Retailer 9374,555-8099312,"343 St, City 73",48,130.08420711336646,32.92315233460541,0
9375,Retailer 9375,555-3145943,"773 St, City 74",49,78.77101963690976,44.699525246873534,0
9376,Retailer 9376,555-5590585,"754 St, City 75",44,107.29916574171813,12.228659105878839,0
9377,Retailer 9377,555-2323020,"387 St, City 76",45,93.5964104449368,105.43033362139244,0
9378,Retailer 9378,555-3654810,"394 St, City 77",42,78.31053519559673,30.699734835880633,0
9379,Retailer 9379,555-5919495,"683 St, City 78",43,126.05323136366249,3.0171168092774887,0
9380,Retailer 9380,555-8367241,"659 St, City 79",48,81.12775531742861,101.69386293752957,0
9381,Retailer 9381,555-9890111,"270 St, City 80",45,109.65751203225936,40.8765224940248,0
9382,Retailer 9382,555-5477375,"149 St, City 81",56,133.72381634271056,35.68679191665636,0
9383,Retailer 9383,555-4704595,"380 St, City 82",52,133.29403036166698,8.760734549117561,0
9384,Retailer 9384,555-2844040,"811 St, City 83",42,81.54789762154294,19.22500478757147,0
9385,Retailer 9385,555-7908998,"28 St, City 84",53,119.48615588185501,69.39449249553012,0
9386,Retailer 9386,555-1864845,"149 St, City 85",51,111.81048721712713,11.05177313859051,0
9387,Retailer 9387,555-3006811,"420 St, City 86",61,76.40356011640384,16.514648680977,0
9388,Retailer 9388,555-8977848,"280 St, City 87",51,62.883607278592784,8.901764515307487,0
9389,Retailer 9389,555-2434636,"182 St, City 88",49,100.1260088048238,7.296625197246375,0
9390,Retailer 9390,555-4908308,"166 St, City 89",55,124.18183899538326,1.3409805041021823,0
9391,Retailer 9391,555-8332827,"17 St, City 90",49,158.1982114525229,40.05660460567724,0
9392,Retailer 9392,555-1705314,"150 St, City 91",46,87.88436386324386,2.8543594683965128,0
9393,Retailer 9393,555-4394070,"339 St, City 92",44,103.64197663108439,22.7353219982962,0
9394,Retailer 9394,555-4889453,"45 St, City 93",53,79.20752981571786,1.532341018206576,0
9395,Retailer 9395,555-4957874,"502 St, City 94",43,131.7399682007656,123.82514186124831,0
9396,Retailer 9396,555-4578687,"842 St, City 95",48,106.43059851286672,37.078951458354055,0
9397,Retailer 9397,555-2182200,"189 St, City 96",46,108.79694820818465,29.858770837377737,0
9398,Retailer 9398,555-5775219,"651 St, City 97",41,102.59354022305733,6.188350457539493,0
9399,Retailer 9399,555-2093956,"61 St, City 98",46,83.29054869710954,22.52672514695888,0
9400,Retailer 9400,555-9063736,"294 St, City 99",39,118.21970319368002,21.00866340107721,0
9401,Retailer 9401,555-4648338,"834 St, City 0",59,120.5679567497671,13.325336956744124,0
9402,Retailer 9402,555-2431041,"33 St, City 1",51,125.63232102769533,5.0920629002971145,0
9403,Retailer 9403,555-8859371,"299 St, City 2",42,121.18611328856737,13.724751796288094,0
9404,Retailer 9404,555-6025764,"415 St, City 3",48,80.94292322283997,28.179417564582565,0
9405,Retailer 9405,555-7962111,"624 St, City 4",44,96.09059940801922,20.044879980832878,0
9406,Retailer 9406,555-7142453,"803 St, City 5",51,108.64351531092676,25.322188989906664,0
9407,Retailer 9407,555-8289165,"549 St, City 6",50,87.4271096984701,25.460216488277876,0
9408,Retailer 9408,555-1272667,"431 St, City 7",35,77.1422646494558,8.418206311173623,0
9409,Retailer 9409,555-4453402,"495 St, City 8",46,94.38352830099777,3.528904405631957,0
9410,Retailer 9410,555-9123445,"100 St, City 9",47,103.0597371704621,22.12873825910338,0
9411,Retailer 9411,555-1112035,"23 St, City 10",46,166.86107573764588,66.8722794942253,0
9412,Retailer 9412,555-6698238,"420 St, City 11",61,125.9171318826882,161.22978121111572,0
9413,Retailer 9413,555-1340526,"424 St, City 12",44,85.68288299357404,46.23930024129203,0
9414,Retailer 9414,555-2216733,"487 St, City 13",52,85.40300420529917,7.496825389478279,0
9415,Retailer 9415,555-6687453,"730 St, City 14",54,78.62632194316619,29.853798157175778,0
9416,Retailer 9416,555-1865144,"89 St, City 15",51,115.09560133305348,8.18839182850001,0
9417,Retailer 9417,555-2418137,"209 St, City 16",46,92.36586219561313,25.77267454090654,0
9418,Retailer 9418,555-3307306,"271 St, City 17",46,97.3055106176791,19.657515093151787,0
9419,Retailer 9419,555-1522797,"933 St, City 18",43,90.42692253542506,14.416444168320231,0
9420,Retailer 9420,555-6868590,"749 St, City 19",52,145.89006105763204,30.786454710311972,0
9421,Retailer 9421,555-4497172,"900 St, City 20",218,12.671164351661453,58.497055103913475,1
9422,Retailer 9422,555-7560230,"406 St, City 21",43,80.09015300032851,12.350977700632317,0
9423,Retailer 9423,555-7652469,"721 St, City 22",44,77.1651721999516,19.980815336382875,0
9424,Retailer 9424,555-9142165,"278 St, City 23",45,124.16557306975093,18.254524913996715,0
9425,Retailer 9425,555-6388811,"977 St, City 24",38,80.9399935173477,8.599437215944395,0
9426,Retailer 9426,555-1414399,"206 St, City 25",48,126.29493915958572,16.399364861117622,0
9427,Retailer 9427,555-8175173,"590 St, City 26",47,114.55471356661752,0.6546259081487416,0
9428,Retailer 9428,555-6884724,"913 St, City 27",46,81.59385130193843,21.85900440012636,0
9429,Retailer 9429,555-5449113,"328 St, City 28",50,113.07818076148352,38.27402810010746,0
9430,Retailer 9430,555-8251204,"610 St, City 29",49,108.15317479417293,13.74753699612818,0
9431,Retailer 9431,555-1729672,"858 St, City 30",47,68.37666202943802,41.18052365176658,0
9432,Retailer 9432,555-6257901,"877 St, City 31",51,100.11157710779551,41.66766813162209,0
9433,Retailer 9433,555-9837389,"862 St, City 32",50,92.89325919833631,124.27208542771099,0
9434,Retailer 9434,555-2147417,"982 St, City 33",52,107.35935106487848,23.686051661827587,0
9435,Retailer 9435,555-1160786,"336 St, City 34",52,96.68545678917387,15.528665252879076,0
9436,Retailer 9436,555-3075414,"606 St, City 35",59,107.51916338234112,30.609923972735135,0
9437,Retailer 9437,555-8598498,"592 St, City 36",34,87.64277848582049,29.551245948848138,0
9438,Retailer 9438,555-6722078,"38 St, City 37",51,97.63284439988392,131.08441814350908,0
9439,Retailer 9439,555-8883060,"920 St, City 38",48,73.59603913658384,36.89861157977238,0
9440,Retailer 9440,555-2314530,"228 St, City 39",42,91.95940592714769,10.983602025155616,0
9441,Retailer 9441,555-1910175,"483 St, City 40",54,91.56855313482151,6.229544871008357,0
9442,Retailer 9442,555-8225529,"134 St, City 41",57,71.24076831927471,47.211437037173575,0
9443,Retailer 9443,555-6501188,"708 St, City 42",51,101.22279138906322,5.944733835589247,0
9444,Retailer 9444,555-7056095,"978 St, City 43",53,132.39937461281593,29.620922551565005,0
9445,Retailer 9445,555-1121701,"390 St, City 44",65,85.80000648867573,4.257839111165762,0
9446,Retailer 9446,555-8680223,"794 St, City 45",59,123.3070470961943,38.05058490493944,0
9447,Retailer 9447,555-4941631,"613 St, City 46",62,105.6912726397882,45.82119661168674,0
9448,Retailer 9448,555-6174895,"987 St, City 47",51,60.76625920953839,139.82018669683734,0
9449,Retailer 9449,555-2064641,"425 St, City 48",36,149.3400801720104,92.51526897972724,0
9450,Retailer 9450,555-2433043,"587 St, City 49",57,81.71814634623748,37.53266729211142,0
9451,Retailer 9451,555-7637056,"806 St, City 50",45,100.45262806855317,9.7523816521546,0
9452,Retailer 9452,555-7789177,"510 St, City 51",48,107.67477671438753,1.3410768365622654,0
9453,Retailer 9453,555-1248924,"720 St, City 52",48,99.32023705860308,24.306716134296835,0
9454,Retailer 9454,555-9145618,"595 St, City 53",43,116.36349616837401,43.57051378539349,0
9455,Retailer 9455,555-3090923,"427 St, City 54",40,124.52761880795492,0.3204176298335937,0
9456,Retailer 9456,555-2940711,"949 St, City 55",39,81.9392858234259,22.320665858656252,0
9457,Retailer 9457,555-2363307,"655 St, City 56",51,95.54660179063771,64.33871168561905,0
9458,Retailer 9458,555-6925237,"474 St, City 57",47,86.53415681868272,30.418582504711026,0
9459,Retailer 9459,555-7498391,"568 St, City 58",51,86.40983274976485,34.53961025349879,0
9460,Retailer 9460,555-4218451,"361 St, City 59",48,102.23269627593389,19.292573714419326,0
9461,Retailer 9461,555-4372021,"952 St, City 60",51,119.90591953070867,86.02017591159793,0
9462,Retailer 9462,555-1190477,"799 St, City 61",37,67.65647983489379,14.083181257477875,0
9463,Retailer 9463,555-7213415,"211 St, City 62",52,96.97178642982244,14.297408838330467,0
9464,Retailer 9464,555-8805819,"953 St, City 63",38,83.07495601080689,21.8780154492421,0
9465,Retailer 9465,555-5915782,"179 St, City 64",54,112.58794799717515,26.451765726106313,0
9466,Retailer 9466,555-9567962,"920 St, City 65",47,110.70769840563757,23.12840454736299,0
9467,Retailer 9467,555-6858893,"58 St, City 66",60,119.62030143411589,51.21674280601478,0
9468,Retailer 9468,555-6690912,"73 St, City 67",42,74.9164184637109,53.96587686233854,0
9469,Retailer 9469,555-3182931,"215 St, City 68",48,106.91286468450878,4.235341451436464,0
9470,Retailer 9470,555-2051636,"900 St, City 69",58,98.43034366031318,27.20238114380642,0
9471,Retailer 9471,555-7941550,"778 St, City 70",41,66.7602250101375,123.86661311622557,0
9472,Retailer 9472,555-8615907,"959 St, City 71",61,69.65237405104973,27.46310289474693,0
9473,Retailer 9473,555-7631430,"73 St, City 72",52,90.84831961226243,34.95834574348571,0
9474,Retailer 9474,555-8913436,"467 St, City 73",53,100.03023471613365,59.27832685748208,0
9475,Retailer 9475,555-3647765,"271 St, City 74",35,124.21114587421386,60.43251812029715,0
9476,Retailer 9476,555-4037253,"499 St, City 75",42,93.95496823127161,0.5202071043221196,0
9477,Retailer 9477,555-9744039,"354 St, City 76",56,107.31874995716626,8.21071107905841,0
9478,Retailer 9478,555-1015141,"234 St, City 77",38,101.74747210938989,59.60657349993395,0
9479,Retailer 9479,555-5524361,"319 St, City 78",50,81.43940472710132,32.99745450550581,0
9480,Retailer 9480,555-8986378,"19 St, City 79",47,90.43788708529307,29.966195184965947,0
9481,Retailer 9481,555-4782700,"625 St, City 80",56,100.50598936162562,58.971418426746375,0
9482,Retailer 9482,555-4561669,"575 St, City 81",48,75.21326984803427,49.28210079782296,0
9483,Retailer 9483,555-9963287,"372 St, City 82",59,111.51579972604874,41.7513426876918,0
9484,Retailer 9484,555-2693152,"184 St, City 83",49,128.91651884045848,1.4553199797733183,0
9485,Retailer 9485,555-6973300,"277 St, City 84",53,132.03854851170507,45.650348735444695,0
9486,Retailer 9486,555-3337099,"674 St, City 85",50,113.80294344159897,6.7171641106185165,0
9487,Retailer 9487,555-8155738,"755 St, City 86",50,106.7722276868835,0.7905890707717345,0
9488,Retailer 9488,555-2944741,"145 St, City 87",69,62.841728498089374,20.311711921478036,0
9489,Retailer 9489,555-1824255,"658 St, City 88",62,79.70479234459037,85.60622018795372,0
9490,Retailer 9490,555-7004327,"81 St, City 89",43,72.46554917806426,65.26619991103937,0
9491,Retailer 9491,555-9962292,"322 St, City 90",50,90.46834734357535,120.61704164577517,0
9492,Retailer 9492,555-4177640,"435 St, City 91",53,115.33261928347369,8.492067478392501,0
9493,Retailer 9493,555-9902284,"833 St, City 92",54,105.27439078941487,35.6619762222251,0
9494,Retailer 9494,555-9879521,"43 St, City 93",49,107.4677751519584,1.7239886023744693,0
9495,Retailer 9495,555-6287267,"313 St, City 94",36,109.4463305687184,48.80558034839349,0
9496,Retailer 9496,555-3375804,"906 St, City 95",44,85.05696591590456,22.25526079706939,0
9497,Retailer 9497,555-6550616,"293 St, City 96",46,95.48158325157492,167.87000903997446,0
9498,Retailer 9498,555-3730689,"688 St, City 97",52,104.2474271308864,8.232886568763082,0
9499,Retailer 9499,555-6023331,"888 St, City 98",57,122.27361595984405,46.064474523165714,0
9500,Retailer 9500,555-9529297,"69 St, City 99",47,97.3802466723512,5.6244503373679375,0
9501,Retailer 9501,555-8808516,"56 St, City 0",50,95.32493491024339,10.15587762577199,0
9502,Retailer 9502,555-2285801,"631 St, City 1",51,72.32749647822212,10.510693724529276,0
9503,Retailer 9503,555-5070161,"204 St, City 2",52,83.72355189843807,25.873046424828676,0
9504,Retailer 9504,555-1233725,"420 St, City 3",45,104.55744066242121,13.629086048015894,0
9505,Retailer 9505,555-7568056,"927 St, City 4",59,96.60998263337757,17.325796807810402,0
9506,Retailer 9506,555-2158175,"567 St, City 5",54,70.65984577125735,22.132162561496934,0
9507,Retailer 9507,555-9213140,"550 St, City 6",46,70.2739276712367,1.7358680924128331,0
9508,Retailer 9508,555-7640981,"243 St, City 7",64,78.57053282894975,32.841207102832485,0
9509,Retailer 9509,555-3368524,"201 St, City 8",56,94.36669724016255,31.431893114805227,0
9510,Retailer 9510,555-8099574,"748 St, City 9",57,119.48525745467246,100.40284678948365,0
9511,Retailer 9511,555-6877675,"474 St, City 10",41,105.20052914211323,4.29488928904053,0
9512,Retailer 9512,555-9549906,"527 St, City 11",53,80.79225434750522,0.9436916785445923,0
9513,Retailer 9513,555-1321243,"656 St, City 12",56,85.78734116121757,4.289340372384094,0
9514,Retailer 9514,555-5018920,"77 St, City 13",54,109.67636193618604,16.469579213920493,0
9515,Retailer 9515,555-5736605,"985 St, City 14",36,106.77907014280389,7.221415273950748,0
9516,Retailer 9516,555-8885766,"478 St, City 15",44,86.26263316214411,7.3125567384865215,0
9517,Retailer 9517,555-3081530,"821 St, City 16",34,53.88512850785277,61.0680229448601,0
9518,Retailer 9518,555-3988793,"440 St, City 17",39,106.124865602108,11.73936804036413,0
9519,Retailer 9519,555-8017191,"263 St, City 18",52,93.17342220433699,16.176612444636664,0
9520,Retailer 9520,555-5457005,"185 St, City 19",50,134.65106597770608,34.57471510175734,0
9521,Retailer 9521,555-5093898,"55 St, City 20",47,93.15895083218193,12.462828926415847,0
9522,Retailer 9522,555-3800212,"308 St, City 21",49,99.5072786378367,24.24707333671996,0
9523,Retailer 9523,555-1130878,"516 St, City 22",54,95.74647511560808,22.199407833249573,0
9524,Retailer 9524,555-7914887,"299 St, City 23",53,108.7490883209085,9.094784886278319,0
9525,Retailer 9525,555-3762108,"552 St, City 24",42,107.92616567521115,37.87924049342423,0
9526,Retailer 9526,555-2892508,"230 St, City 25",65,77.63607813259972,53.89356047079153,0
9527,Retailer 9527,555-3893713,"377 St, City 26",44,73.38812911197404,45.89878215475069,0
9528,Retailer 9528,555-7488574,"286 St, City 27",57,122.0557648952543,15.090172376248308,0
9529,Retailer 9529,555-5992332,"138 St, City 28",53,90.61435151250026,81.07330634138354,0
9530,Retailer 9530,555-7881099,"478 St, City 29",57,110.93728075406463,68.76850144009349,0
9531,Retailer 9531,555-4343473,"615 St, City 30",34,93.120490730892,9.311563380543811,0
9532,Retailer 9532,555-2947012,"7 St, City 31",58,62.64396106266038,3.9696662943778236,0
9533,Retailer 9533,555-7778105,"676 St, City 32",55,127.92639065728326,67.27515646393812,0
9534,Retailer 9534,555-7365898,"419 St, City 33",61,115.79587424780506,40.97789304233146,0
9535,Retailer 9535,555-5871482,"472 St, City 34",53,110.89300929684264,11.17500791524498,0
9536,Retailer 9536,555-3009326,"935 St, City 35",61,80.97017861098043,10.909983832028631,0
9537,Retailer 9537,555-5193513,"420 St, City 36",63,114.26577379318304,11.665682636532575,0
9538,Retailer 9538,555-4725614,"877 St, City 37",56,105.48745306059469,59.2706043173355,0
9539,Retailer 9539,555-7849502,"276 St, City 38",50,85.72558339808978,8.242235996572356,0
9540,Retailer 9540,555-5321613,"561 St, City 39",53,94.59764047285859,31.587955844430443,0
9541,Retailer 9541,555-7476137,"608 St, City 40",46,98.56771865304204,53.953339264311104,0
9542,Retailer 9542,555-4700568,"571 St, City 41",51,88.23981922256796,14.69861845674292,0
9543,Retailer 9543,555-1403552,"743 St, City 42",52,106.2792185590103,1.9038921291194988,0
9544,Retailer 9544,555-8899151,"689 St, City 43",56,117.25989527661707,42.67058243085423,0
9545,Retailer 9545,555-4189291,"90 St, City 44",49,90.78493448827103,0.6020853924777557,0
9546,Retailer 9546,555-4816707,"282 St, City 45",45,97.853674787195,53.314110924645355,0
9547,Retailer 9547,555-9622903,"548 St, City 46",48,97.77175945014991,13.428982804597144,0
9548,Retailer 9548,555-5811071,"171 St, City 47",36,116.61161256950359,48.481936931132324,0
9549,Retailer 9549,555-5074973,"638 St, City 48",62,103.67500191332793,23.64755897543619,0
9550,Retailer 9550,555-1008798,"995 St, City 49",51,120.60991999361164,13.35189611564604,0
9551,Retailer 9551,555-5874807,"811 St, City 50",59,86.88132807956566,68.87677588794045,0
9552,Retailer 9552,555-8127583,"355 St, City 51",42,99.78358514203211,43.70723396222932,0
9553,Retailer 9553,555-6668843,"204 St, City 52",51,111.5216228717099,2.524525759064508,0
9554,Retailer 9554,555-9108262,"289 St, City 53",48,114.06824576287492,80.03234679070123,0
9555,Retailer 9555,555-4900275,"868 St, City 54",43,92.4643532964312,18.87744687752233,0
9556,Retailer 9556,555-8593832,"462 St, City 55",46,99.3301890207441,4.839001418107031,0
9557,Retailer 9557,555-5728007,"609 St, City 56",45,83.58577965533246,44.24873491000222,0
9558,Retailer 9558,555-2977165,"750 St, City 57",66,61.37670293348275,21.87026643163437,0
9559,Retailer 9559,555-4553952,"173 St, City 58",60,93.74617765560299,33.509441361150465,0
9560,Retailer 9560,555-4757654,"301 St, City 59",50,93.82751071341869,35.528807858764786,0
9561,Retailer 9561,555-9379702,"600 St, City 60",49,91.60006024176197,6.589163535014002,0
9562,Retailer 9562,555-4603019,"911 St, City 61",54,78.38604518424847,106.07527379728988,0
9563,Retailer 9563,555-8741368,"863 St, City 62",44,111.27195236631223,3.3461563337336275,0
9564,Retailer 9564,555-9059777,"529 St, City 63",59,113.80080270154664,27.926488899568568,0
9565,Retailer 9565,555-5210563,"140 St, City 64",50,98.71528744246433,4.746328915765719,0
9566,Retailer 9566,555-7575699,"766 St, City 65",51,83.76517969884046,62.940187419833286,0
9567,Retailer 9567,555-2189297,"278 St, City 66",41,88.44007881552221,5.707449998007195,0
9568,Retailer 9568,555-6372274,"663 St, City 67",48,99.41592477384339,17.45016451940652,0
9569,Retailer 9569,555-2013295,"511 St, City 68",51,117.01616320966565,2.7263750054574576,0
9570,Retailer 9570,555-8661434,"346 St, City 69",41,73.46538693717845,17.828028364116726,0
9571,Retailer 9571,555-4317837,"846 St, City 70",51,88.89907351429792,0.12211672948849527,0
9572,Retailer 9572,555-6516829,"140 St, City 71",51,102.96081684582335,17.58103558442508,0
9573,Retailer 9573,555-9757529,"114 St, City 72",57,115.11560190794644,34.93220903228535,0
9574,Retailer 9574,555-8824641,"580 St, City 73",40,73.59983602559333,6.057244640617675,0
9575,Retailer 9575,555-2697590,"507 St, City 74",220,11.700639693157992,24.154943654643297,1
9576,Retailer 9576,555-3173367,"366 St, City 75",57,53.50833179878065,19.29550979114678,0
9577,Retailer 9577,555-6880077,"691 St, City 76",44,126.18678453134275,12.238184628182562,0
9578,Retailer 9578,555-2406085,"637 St, City 77",53,77.8470196256311,33.33259881890585,0
9579,Retailer 9579,555-4418857,"397 St, City 78",64,109.92361027324449,159.79041159611117,0
9580,Retailer 9580,555-8614567,"825 St, City 79",58,128.58464393466977,83.31193395421789,0
9581,Retailer 9581,555-9685116,"823 St, City 80",40,128.08783270903936,105.2999942200475,0
9582,Retailer 9582,555-5538847,"850 St, City 81",63,63.91742047568926,0.6126019885670226,0
9583,Retailer 9583,555-3611212,"875 St, City 82",51,120.29561958827057,8.887351485546144,0
9584,Retailer 9584,555-3321554,"924 St, City 83",56,116.2978155102324,76.82364912163898,0
9585,Retailer 9585,555-5761515,"870 St, City 84",43,119.21554601517698,1.4849375998795202,0
9586,Retailer 9586,555-9304932,"745 St, City 85",43,55.870637088992545,13.614885254169529,0
9587,Retailer 9587,555-3787352,"940 St, City 86",54,88.13271625534746,31.68401936984391,0
9588,Retailer 9588,555-6371045,"659 St, City 87",60,66.01482410975052,122.21326531247067,0
9589,Retailer 9589,555-3498544,"942 St, City 88",43,90.43666457851836,9.679471334398446,0
9590,Retailer 9590,555-9684281,"111 St, City 89",49,116.15831783327718,43.341078973299915,0
9591,Retailer 9591,555-1525957,"875 St, City 90",51,139.08345822823816,32.396870337040305,0
9592,Retailer 9592,555-7146685,"358 St, City 91",41,117.05467088960809,28.516239647738875,0
9593,Retailer 9593,555-4690339,"238 St, City 92",39,108.04884113741119,40.75273926138293,0
9594,Retailer 9594,555-3327654,"3 St, City 93",52,89.75579756447075,8.787899679102075,0
9595,Retailer 9595,555-8870341,"723 St, City 94",41,88.92351038356972,12.40572811416266,0
9596,Retailer 9596,555-1301951,"404 St, City 95",49,108.40746182290907,24.661064507632112,0
9597,Retailer 9597,555-1312499,"25 St, City 96",42,97.72999796203058,17.340022244157744,0
9598,Retailer 9598,555-9884263,"843 St, City 97",43,111.48221491904172,38.40318880072207,0
9599,Retailer 9599,555-2686279,"509 St, City 98",34,97.32893279888677,48.37749870290689,0
9600,Retailer 9600,555-4734049,"696 St, City 99",51,129.1951424401229,22.52392439174695,0
9601,Retailer 9601,555-9095979,"465 St, City 0",54,119.99661011278184,15.02409769481854,0
9602,Retailer 9602,555-7115790,"61 St, City 1",47,83.01892666249984,72.86009370233585,0
9603,Retailer 9603,555-6429048,"508 St, City 2",56,115.28547458984893,41.570714426667415,0
9604,Retailer 9604,555-2270242,"123 St, City 3",50,105.13437977531686,33.55613559887198,0
9605,Retailer 9605,555-9096173,"497 St, City 4",57,85.53483320815432,1.7701941028042534,0
9606,Retailer 9606,555-7578518,"55 St, City 5",43,141.40237356152892,22.513384759927064,0
9607,Retailer 9607,555-3290860,"163 St, City 6",55,106.09022420232742,3.886249987171185,0
9608,Retailer 9608,555-3811318,"974 St, City 7",56,107.05056457013048,32.40902742676157,0
9609,Retailer 9609,555-2189042,"699 St, City 8",52,115.80188461304373,10.684262755507815,0
9610,Retailer 9610,555-2173077,"39 St, City 9",43,111.37388577503917,40.24014523508986,0
9611,Retailer 9611,555-5978820,"697 St, City 10",48,119.62193311980587,45.172898389258805,0
9612,Retailer 9612,555-5811102,"83 St, City 11",45,75.50536573619195,10.717801465268659,0
9613,Retailer 9613,555-4027936,"707 St, City 12",56,128.08593040426666,112.22626656536137,0
9614,Retailer 9614,555-5754895,"546 St, City 13",46,107.86821869519987,21.813204649140914,0
9615,Retailer 9615,555-1551741,"113 St, City 14",44,104.916562451984,7.3720405355210605,0
9616,Retailer 9616,555-7090007,"425 St, City 15",46,85.08547008247544,44.77590071600841,0
9617,Retailer 9617,555-1723809,"918 St, City 16",39,81.95809833263837,42.90654722143043,0
9618,Retailer 9618,555-1156837,"230 St, City 17",45,81.48165495269149,16.02764238016604,0
9619,Retailer 9619,555-1519676,"283 St, City 18",43,90.35335000984726,32.2420909506701,0
9620,Retailer 9620,555-2610921,"917 St, City 19",47,101.18576564649155,0.6589841831678076,0
9621,Retailer 9621,555-5463593,"937 St, City 20",38,72.96868019556318,10.326721328887453,0
9622,Retailer 9622,555-7916950,"287 St, City 21",55,135.31379123360378,63.97849326569526,0
9623,Retailer 9623,555-3694670,"155 St, City 22",65,110.04267027189516,7.923345156665397,0
9624,Retailer 9624,555-7970746,"165 St, City 23",43,78.96010505419972,70.80202572864415,0
9625,Retailer 9625,555-6659848,"962 St, City 24",49,119.54852799915746,26.016187242976883,0
9626,Retailer 9626,555-5161460,"182 St, City 25",42,89.83288292171218,69.96391016013857,0
9627,Retailer 9627,555-8402072,"239 St, City 26",54,84.54293294931618,4.207916358087787,0
9628,Retailer 9628,555-6875836,"649 St, City 27",34,125.93028912069715,18.704647979785864,0
9629,Retailer 9629,555-9893396,"339 St, City 28",44,86.87240074659275,10.548877559781458,0
9630,Retailer 9630,555-2506440,"938 St, City 29",49,101.01558390469368,65.39028156066878,0
9631,Retailer 9631,555-9181494,"512 St, City 30",51,118.18676134682178,12.536416184159041,0
9632,Retailer 9632,555-5411045,"932 St, City 31",47,123.62022734583329,26.635684919327502,0
9633,Retailer 9633,555-2477482,"266 St, City 32",53,105.11507158995312,52.7455070947035,0
9634,Retailer 9634,555-7621504,"187 St, City 33",47,65.43924037368564,7.80290393915102,0
9635,Retailer 9635,555-7528925,"40 St, City 34",46,78.66434067175838,1.404592519645263,0
9636,Retailer 9636,555-2125664,"822 St, City 35",48,128.95993916073593,20.444843518874734,0
9637,Retailer 9637,555-3667107,"493 St, City 36",61,117.25648504486927,34.52862915408643,0
9638,Retailer 9638,555-4725563,"679 St, City 37",50,113.12112306833478,38.11001483689562,0
9639,Retailer 9639,555-8231445,"391 St, City 38",35,85.52722390365686,16.197141463422263,0
9640,Retailer 9640,555-7157703,"260 St, City 39",40,79.86780323339082,2.456463534941364,0
9641,Retailer 9641,555-4380635,"655 St, City 40",47,71.63748138836351,15.482575433605868,0
9642,Retailer 9642,555-3959532,"716 St, City 41",53,89.43740963175748,3.9029413946781712,0
9643,Retailer 9643,555-5150122,"176 St, City 42",195,11.580715727392498,2.248800349916836,1
9644,Retailer 9644,555-9198344,"774 St, City 43",45,129.03664183286287,10.84783499852192,0
9645,Retailer 9645,555-2106136,"764 St, City 44",42,97.9216939414196,45.047106324378994,0
9646,Retailer 9646,555-1901495,"329 St, City 45",38,99.48509327320399,43.87512282490945,0
9647,Retailer 9647,555-4120847,"931 St, City 46",47,118.70990646774227,28.097625858435435,0
9648,Retailer 9648,555-6131131,"200 St, City 47",53,90.31823004991453,52.502346936854074,0
9649,Retailer 9649,555-5474445,"711 St, City 48",47,97.05600613827708,20.843856009221287,0
9650,Retailer 9650,555-6168811,"196 St, City 49",50,101.65710087532305,8.369381038622738,0
9651,Retailer 9651,555-4149407,"826 St, City 50",53,89.60457363060584,25.31708630838094,0
9652,Retailer 9652,555-7779697,"589 St, City 51",47,109.76382350367216,77.01444050587361,0
9653,Retailer 9653,555-4710324,"531 St, City 52",45,102.52919614560408,1.1039428657971164,0
9654,Retailer 9654,555-8546128,"62 St, City 53",42,103.87906975116861,100.451181963108,0
9655,Retailer 9655,555-7986658,"327 St, City 54",55,80.20045803401422,40.91452470533425,0
9656,Retailer 9656,555-8278492,"906 St, City 55",63,116.32978725598443,34.77397588205251,0
9657,Retailer 9657,555-3544306,"281 St, City 56",51,133.67533951065144,28.544631519805435,0
9658,Retailer 9658,555-1529983,"940 St, City 57",49,114.81225978384475,8.94154708818194,0
9659,Retailer 9659,555-3323964,"762 St, City 58",37,84.96497379537604,65.07925255960366,0
9660,Retailer 9660,555-1582787,"227 St, City 59",51,68.66884522622183,106.69456988344764,0
9661,Retailer 9661,555-1023382,"639 St, City 60",57,97.56429885674292,77.36346480155588,0
9662,Retailer 9662,555-6617492,"58 St, City 61",62,111.83019742756174,3.4560404377104907,0
9663,Retailer 9663,555-8346796,"921 St, City 62",39,86.38086973658727,40.01246351922804,0
9664,Retailer 9664,555-5940560,"477 St, City 63",54,93.59868270378189,24.402238742598566,0
9665,Retailer 9665,555-2342643,"376 St, City 64",48,122.44690254290187,46.58278941324862,0
9666,Retailer 9666,555-2930719,"716 St, City 65",43,68.24238464954503,13.02919945343222,0
9667,Retailer 9667,555-9259150,"243 St, City 66",39,106.35120410011862,94.3746235571346,0
9668,Retailer 9668,555-4428811,"367 St, City 67",58,78.75011831248077,11.24552876545132,0
9669,Retailer 9669,555-3513614,"936 St, City 68",61,116.9948754654684,40.17987068514134,0
9670,Retailer 9670,555-5846113,"844 St, City 69",52,115.28119635647806,21.023906874545943,0
9671,Retailer 9671,555-3543173,"500 St, City 70",44,99.20951571308788,28.782630350840673,0
9672,Retailer 9672,555-4144720,"838 St, City 71",43,105.85640491804405,3.6876596115899662,0
9673,Retailer 9673,555-4791343,"252 St, City 72",51,81.78914561733721,28.312754277045634,0
9674,Retailer 9674,555-2622512,"906 St, City 73",45,116.83872681399869,24.871412995711168,0
9675,Retailer 9675,555-1450067,"322 St, City 74",51,107.97559204993176,38.07417533475195,0
9676,Retailer 9676,555-7192072,"376 St, City 75",37,99.00308501134002,10.177838924980586,0
9677,Retailer 9677,555-9744250,"409 St, City 76",45,84.40292234271497,53.56453489161471,0
9678,Retailer 9678,555-6010500,"711 St, City 77",57,101.89694818802086,87.16330596066689,0
9679,Retailer 9679,555-7061782,"488 St, City 78",60,92.51339150093423,64.11718942772265,0
9680,Retailer 9680,555-7461029,"343 St, City 79",48,115.84216112653226,14.895471272754701,0
9681,Retailer 9681,555-8397239,"240 St, City 80",51,132.8462959890987,43.09043749844636,0
9682,Retailer 9682,555-6377168,"139 St, City 81",61,113.23848977462015,13.62528682063469,0
9683,Retailer 9683,555-9017464,"122 St, City 82",52,92.92510633992659,59.65808864141362,0
9684,Retailer 9684,555-7421472,"420 St, City 83",48,129.08506369053998,14.118796700908485,0
9685,Retailer 9685,555-2697152,"561 St, City 84",58,91.96425656218629,6.175381535508789,0
9686,Retailer 9686,555-2159149,"304 St, City 85",45,105.72808453532878,20.145208504900534,0
9687,Retailer 9687,555-1120730,"115 St, City 86",53,91.68671778219347,4.353807943583715,0
9688,Retailer 9688,555-5081093,"343 St, City 87",57,100.44632049948947,26.523679263027702,0
9689,Retailer 9689,555-2839968,"251 St, City 88",46,65.34060654717919,25.780686620499537,0
9690,Retailer 9690,555-5213085,"7 St, City 89",46,75.977968519053,20.248112986129374,0
9691,Retailer 9691,555-2286793,"731 St, City 90",40,98.74911437201645,27.769793961875067,0
9692,Retailer 9692,555-8855506,"589 St, City 91",51,105.85492995113822,111.04717037294392,0
9693,Retailer 9693,555-2941042,"179 St, City 92",44,97.24106069745402,14.500073231782295,0
9694,Retailer 9694,555-3651222,"145 St, City 93",45,117.35918059399957,16.485676368800057,0
9695,Retailer 9695,555-4818067,"416 St, City 94",41,57.51831608948527,9.607313167496908,0
9696,Retailer 9696,555-9649769,"666 St, City 95",59,109.50116134905876,6.11695033995948,0
9697,Retailer 9697,555-7357722,"121 St, City 96",47,126.51908029902899,10.240385205032236,0
9698,Retailer 9698,555-8735491,"124 St, City 97",35,115.52809735890754,7.172017936151785,0
9699,Retailer 9699,555-6375653,"150 St, City 98",47,113.25943212669489,16.99380333190746,0
9700,Retailer 9700,555-4857469,"397 St, City 99",49,119.899452512897,7.970320425443432,0
9701,Retailer 9701,555-4851526,"381 St, City 0",53,75.81685199095682,21.853813758915145,0
9702,Retailer 9702,555-1335983,"780 St, City 1",40,75.72430135642011,10.119203298867134,0
9703,Retailer 9703,555-3466993,"839 St, City 2",45,93.72597351961687,16.58477260495247,0
9704,Retailer 9704,555-2115059,"1 St, City 3",39,97.93531978353185,4.152305462920315,0
9705,Retailer 9705,555-9788377,"673 St, City 4",52,103.70289440258877,5.372072918729139,0
9706,Retailer 9706,555-3654965,"244 St, City 5",45,75.89672660361116,28.56658280568657,0
9707,Retailer 9707,555-8551506,"887 St, City 6",57,94.76888552471459,24.994769977590707,0
9708,Retailer 9708,555-6338888,"398 St, City 7",41,119.25770838022903,5.633923378960122,0
9709,Retailer 9709,555-5920851,"251 St, City 8",45,92.86545951723159,10.478618061856315,0
9710,Retailer 9710,555-5463721,"879 St, City 9",52,68.0441997075181,7.510806859986495,0
9711,Retailer 9711,555-4472108,"576 St, City 10",49,68.46452898747351,47.90407802063884,0
9712,Retailer 9712,555-5925233,"299 St, City 11",50,119.87835988806233,13.614992371924275,0
9713,Retailer 9713,555-9523215,"760 St, City 12",38,129.5533637075336,15.62442525703396,0
9714,Retailer 9714,555-6768076,"954 St, City 13",53,84.49992971946433,32.79944894832634,0
9715,Retailer 9715,555-6495179,"297 St, City 14",56,117.15207985560103,11.815610882420957,0
9716,Retailer 9716,555-4346953,"977 St, City 15",41,112.59918131461008,14.235117673992372,0
9717,Retailer 9717,555-2156928,"964 St, City 16",49,71.48480360527738,47.969982685162535,0
9718,Retailer 9718,555-4241695,"500 St, City 17",38,110.0268770954137,47.47382476849954,0
9719,Retailer 9719,555-7642589,"115 St, City 18",55,113.88502583075876,27.833468890925083,0
9720,Retailer 9720,555-1212628,"807 St, City 19",55,94.21701583268023,24.55978484320327,0
9721,Retailer 9721,555-7643509,"1 St, City 20",56,91.90578790134083,5.990484101226165,0
9722,Retailer 9722,555-8763412,"553 St, City 21",49,104.59217834386487,19.22706572962779,0
9723,Retailer 9723,555-5327261,"685 St, City 22",59,84.38127567153708,9.620947887611344,0
9724,Retailer 9724,555-5771873,"600 St, City 23",50,123.39146211013681,39.25237712795257,0
9725,Retailer 9725,555-8645447,"482 St, City 24",57,99.70432285447077,29.66098940196353,0
9726,Retailer 9726,555-2085110,"610 St, City 25",49,91.33456134274337,14.228469947709085,0
9727,Retailer 9727,555-8398129,"600 St, City 26",46,97.09783723218328,22.97763478796773,0
9728,Retailer 9728,555-5623527,"763 St, City 27",65,119.99399986428712,16.397483376050168,0
9729,Retailer 9729,555-6715574,"510 St, City 28",46,97.07629655098815,4.750055180362117,0
9730,Retailer 9730,555-6906512,"335 St, City 29",50,90.97608438161448,45.529131895014,0
9731,Retailer 9731,555-1974687,"465 St, City 30",44,68.25918905826845,68.55735898761421,0
9732,Retailer 9732,555-8701349,"141 St, City 31",44,103.42731984823406,79.92665166192637,0
9733,Retailer 9733,555-1824726,"583 St, City 32",51,94.31478895493737,46.704259516961116,0
9734,Retailer 9734,555-6840445,"137 St, City 33",55,76.09571554499223,51.71764474894133,0
9735,Retailer 9735,555-9393302,"959 St, City 34",70,108.66831912723907,1.7201309988672593,0
9736,Retailer 9736,555-3679590,"611 St, City 35",47,78.19127519634259,45.68282216728123,0
9737,Retailer 9737,555-5740148,"663 St, City 36",60,87.12752483168516,10.846898772035393,0
9738,Retailer 9738,555-7210239,"950 St, City 37",41,109.36919870303363,4.44877211233415,0
9739,Retailer 9739,555-3037775,"687 St, City 38",51,109.25653725977014,22.13786717941522,0
9740,Retailer 9740,555-2986373,"167 St, City 39",51,101.57617731018375,25.346129545891156,0
9741,Retailer 9741,555-5818060,"343 St, City 40",56,94.57929292124075,19.89657491547917,0
9742,Retailer 9742,555-3916971,"410 St, City 41",54,90.45456941632153,31.734270474112723,0
9743,Retailer 9743,555-6835770,"769 St, City 42",48,82.49940752368917,37.57589863272585,0
9744,Retailer 9744,555-3613456,"910 St, City 43",45,94.26785574527823,4.424152231345071,0
9745,Retailer 9745,555-8214554,"736 St, City 44",49,121.19963549789567,28.7856596535268,0
9746,Retailer 9746,555-5266660,"880 St, City 45",59,77.87127457995629,1.6797166086226614,0
9747,Retailer 9747,555-7084010,"842 St, City 46",46,48.347700391086086,17.86780789016185,0
9748,Retailer 9748,555-7551381,"65 St, City 47",42,85.10413997843536,3.162468197953996,0
9749,Retailer 9749,555-1608919,"581 St, City 48",46,130.51682721641544,17.914150461692046,0
9750,Retailer 9750,555-7727830,"67 St, City 49",49,92.00084790977571,5.787277459608945,0
9751,Retailer 9751,555-6924216,"433 St, City 50",44,100.28165169392817,39.77633568119254,0
9752,Retailer 9752,555-9729430,"50 St, City 51",50,101.56093043340792,68.95202234439745,0
9753,Retailer 9753,555-5704863,"314 St, City 52",43,86.31927037221385,5.573266140882968,0
9754,Retailer 9754,555-8352236,"309 St, City 53",61,127.0039772629051,40.028854024564254,0
9755,Retailer 9755,555-8085282,"603 St, City 54",62,95.25095996847128,4.740172050878655,0
9756,Retailer 9756,555-5440768,"115 St, City 55",40,121.49622776357872,17.059935443254258,0
9757,Retailer 9757,555-6276473,"886 St, City 56",41,101.02521055440198,29.46768057544429,0
9758,Retailer 9758,555-7499716,"569 St, City 57",46,101.83196812222305,23.14793753490141,0
9759,Retailer 9759,555-1115064,"342 St, City 58",50,79.34162994355204,1.7655004103459735,0
9760,Retailer 9760,555-3589644,"530 St, City 59",44,120.4199715991036,13.51289585506471,0
9761,Retailer 9761,555-8209403,"784 St, City 60",56,96.32785719862743,19.055478169309765,0
9762,Retailer 9762,555-4058321,"642 St, City 61",51,102.75501920560677,14.897718799667539,0
9763,Retailer 9763,555-3200852,"495 St, City 62",44,133.98123789825934,32.85342257977567,0
9764,Retailer 9764,555-7447726,"269 St, City 63",51,105.4895300539789,65.72410230475742,0
9765,Retailer 9765,555-5347864,"941 St, City 64",67,103.56469742621591,33.04804397518739,0
9766,Retailer 9766,555-9033907,"80 St, City 65",55,119.63126304114128,26.745195678177275,0
9767,Retailer 9767,555-4103800,"456 St, City 66",52,113.31327832065617,4.842606945344828,0
9768,Retailer 9768,555-2338618,"299 St, City 67",48,90.77710179177791,12.870356797373537,0
9769,Retailer 9769,555-8735167,"968 St, City 68",49,88.48656591261712,23.84126526730529,0
9770,Retailer 9770,555-1586901,"822 St, City 69",41,108.90606812296267,81.5639848663361,0
9771,Retailer 9771,555-9762529,"202 St, City 70",41,88.97304834796671,10.905892177473065,0
9772,Retailer 9772,555-8912798,"503 St, City 71",56,100.90134804005416,12.372780288421362,0
9773,Retailer 9773,555-1407650,"737 St, City 72",45,74.91689867994427,26.71572649164508,0
9774,Retailer 9774,555-6672745,"671 St, City 73",47,133.69677326600026,68.98771355600616,0
9775,Retailer 9775,555-4729046,"716 St, City 74",54,87.3744609644299,23.505276152545076,0
9776,Retailer 9776,555-4615383,"649 St, City 75",55,111.94459651141072,5.749770541050817,0
9777,Retailer 9777,555-1770448,"485 St, City 76",61,112.62269706715892,2.3543760325634477,0
9778,Retailer 9778,555-4819128,"585 St, City 77",46,134.85098839143205,65.94483274321549,0
9779,Retailer 9779,555-9126710,"560 St, City 78",59,106.37775201281414,33.25467458388265,0
9780,Retailer 9780,555-6274033,"18 St, City 79",43,92.10784848711418,7.4740020635913655,0
9781,Retailer 9781,555-2840220,"478 St, City 80",41,99.22773599481373,38.675106090826056,0
9782,Retailer 9782,555-9523019,"992 St, City 81",50,82.63408234873589,38.14363289746657,0
9783,Retailer 9783,555-5151910,"488 St, City 82",56,126.45034899259055,44.36867488703823,0
9784,Retailer 9784,555-3677678,"983 St, City 83",59,93.65630609365117,66.81713019055275,0
9785,Retailer 9785,555-1412610,"779 St, City 84",51,135.161798218793,4.9473806504156785,0
9786,Retailer 9786,555-8178560,"446 St, City 85",44,86.8928603528218,94.21873838110257,0
9787,Retailer 9787,555-1052055,"340 St, City 86",55,151.49396326893566,195.52010011770273,0
9788,Retailer 9788,555-6347389,"531 St, City 87",47,86.35173659658298,0.4377749437414657,0
9789,Retailer 9789,555-7943122,"612 St, City 88",53,85.307683618939,2.8723281635013325,0
9790,Retailer 9790,555-2136263,"116 St, City 89",57,87.2130756945409,17.072303291141008,0
9791,Retailer 9791,555-3497838,"858 St, City 90",44,86.64156450561191,1.0507195793890711,0
9792,Retailer 9792,555-6129584,"74 St, City 91",37,107.42477844274977,39.82915369736419,0
9793,Retailer 9793,555-6762726,"792 St, City 92",48,83.537643666536,31.55731094970995,0
9794,Retailer 9794,555-3299820,"269 St, City 93",45,77.01931351443883,44.86410974165947,0
9795,Retailer 9795,555-4543244,"637 St, City 94",45,81.85868149062313,193.44783817524777,0
9796,Retailer 9796,555-2838346,"116 St, City 95",49,140.5112091099233,81.27892331915228,0
9797,Retailer 9797,555-8402633,"686 St, City 96",40,77.40936910415232,10.693792414865625,0
9798,Retailer 9798,555-8566169,"693 St, City 97",57,103.75022398218844,15.148502176535075,0
9799,Retailer 9799,555-7911542,"738 St, City 98",57,81.65757781882357,44.878875679038295,0
9800,Retailer 9800,555-6898131,"669 St, City 99",50,109.20856459433648,14.738121244474645,0
9801,Retailer 9801,555-1159876,"164 St, City 0",50,103.17108855172935,35.98295253807799,0
9802,Retailer 9802,555-6516182,"583 St, City 1",52,133.262058271106,75.25973081977438,0
9803,Retailer 9803,555-4410331,"222 St, City 2",58,91.17517351587588,15.62010080188624,0
9804,Retailer 9804,555-7189152,"126 St, City 3",44,108.52491322193895,24.664824953941388,0
9805,Retailer 9805,555-4511449,"657 St, City 4",227,10.708190343298924,55.25262708941001,1
9806,Retailer 9806,555-2414447,"176 St, City 5",45,92.6207904978261,19.483666755428953,0
9807,Retailer 9807,555-4458332,"973 St, City 6",44,104.22390854281649,10.238037950144342,0
9808,Retailer 9808,555-3180122,"664 St, City 7",66,69.90845980720545,8.959015868234268,0
9809,Retailer 9809,555-1716177,"694 St, City 8",52,108.91520754441171,2.2379506842840904,0
9810,Retailer 9810,555-6412199,"375 St, City 9",29,103.63942433555378,12.030559973922763,0
9811,Retailer 9811,555-4019332,"991 St, City 10",52,84.8072705674515,34.737421798652484,0
9812,Retailer 9812,555-1479177,"859 St, City 11",51,75.29584127191866,1.8193132373770173,0
9813,Retailer 9813,555-1521317,"498 St, City 12",41,94.50109046289892,9.618192763170013,0
9814,Retailer 9814,555-4826562,"85 St, City 13",55,76.20845908065907,3.550050530922827,0
9815,Retailer 9815,555-9167399,"876 St, City 14",48,101.97105109309246,15.549510225481582,0
9816,Retailer 9816,555-2508797,"383 St, City 15",56,112.39467524536076,2.9412906923905777,0
9817,Retailer 9817,555-4926888,"633 St, City 16",53,64.91483287203674,41.11864189226813,0
9818,Retailer 9818,555-3024676,"641 St, City 17",48,83.1972730422778,78.9428242685369,0
9819,Retailer 9819,555-6202753,"463 St, City 18",47,132.1488554319544,6.408146165344416,0
9820,Retailer 9820,555-3152304,"451 St, City 19",59,112.20780783216004,8.653575609131344,0
9821,Retailer 9821,555-8560105,"518 St, City 20",42,71.6432013473536,5.236135530574384,0
9822,Retailer 9822,555-5552939,"846 St, City 21",44,90.1777424185988,6.226612787934787,0
9823,Retailer 9823,555-7514849,"695 St, City 22",38,63.81776135238376,11.200100698130916,0
9824,Retailer 9824,555-9475177,"550 St, City 23",45,122.87790128942638,9.903948022602487,0
9825,Retailer 9825,555-9198931,"929 St, City 24",69,99.6874240374127,14.592300049574664,0
9826,Retailer 9826,555-1984131,"116 St, City 25",59,102.62086261025728,22.329602668207002,0
9827,Retailer 9827,555-5875436,"614 St, City 26",54,123.85628721690394,39.00726298481897,0
9828,Retailer 9828,555-8749611,"8 St, City 27",51,95.39615467919609,64.75160692290616,0
9829,Retailer 9829,555-5878154,"218 St, City 28",47,105.47986655195244,18.451126432215826,0
9830,Retailer 9830,555-8940312,"719 St, City 29",54,121.77529395039912,71.89810789007535,0
9831,Retailer 9831,555-8681147,"590 St, City 30",44,83.64919431397507,34.160163218575676,0
9832,Retailer 9832,555-6204369,"880 St, City 31",55,75.05981918129254,39.15899818908713,0
9833,Retailer 9833,555-7361293,"404 St, City 32",44,135.87507748680633,22.15962610508972,0
9834,Retailer 9834,555-6905447,"567 St, City 33",41,85.21379747506884,22.22100252324112,0
9835,Retailer 9835,555-1945424,"304 St, City 34",45,52.77494921068363,22.776883684284147,0
9836,Retailer 9836,555-2958754,"467 St, City 35",54,85.57691786749041,20.316903001123777,0
9837,Retailer 9837,555-1639068,"952 St, City 36",198,-0.5318085030517103,18.423343850888543,1
9838,Retailer 9838,555-2371242,"993 St, City 37",50,140.39268679807594,44.69101290887575,0
9839,Retailer 9839,555-4663175,"740 St, City 38",40,111.00286943453553,14.71510105354327,0
9840,Retailer 9840,555-7150208,"88 St, City 39",49,95.75026051219207,6.947939997349185,0
9841,Retailer 9841,555-3020148,"10 St, City 40",56,86.2020092222167,4.370523390925136,0
9842,Retailer 9842,555-2160675,"308 St, City 41",58,113.65978977212791,63.50299039705273,0
9843,Retailer 9843,555-6918342,"434 St, City 42",36,121.03535918141199,59.607696384931565,0
9844,Retailer 9844,555-5036589,"802 St, City 43",49,109.9428668203535,8.37724177850513,0
9845,Retailer 9845,555-3726427,"164 St, City 44",65,118.41948941977981,3.773865664436143,0
9846,Retailer 9846,555-5772925,"239 St, City 45",49,131.00333715822708,96.9124526747783,0
9847,Retailer 9847,555-9079850,"317 St, City 46",51,101.87662104253755,19.734379568927135,0
9848,Retailer 9848,555-4138832,"996 St, City 47",51,89.85096817087478,2.9408621753502002,0
9849,Retailer 9849,555-3050276,"656 St, City 48",55,91.40909135730122,7.27391916295971,0
9850,Retailer 9850,555-3809858,"335 St, City 49",61,125.05830518784087,36.497432776170555,0
9851,Retailer 9851,555-6973721,"18 St, City 50",54,114.59377416657034,2.544402064747867,0
9852,Retailer 9852,555-3016142,"71 St, City 51",53,102.97629682469902,17.02527191460814,0
9853,Retailer 9853,555-5587826,"175 St, City 52",55,89.17746750393728,16.73662660682936,0
9854,Retailer 9854,555-5544943,"854 St, City 53",45,83.83129965569464,34.72013500348188,0
9855,Retailer 9855,555-3691207,"800 St, City 54",42,100.01253582272952,6.671956577374751,0
9856,Retailer 9856,555-4250060,"811 St, City 55",55,80.02899875809177,123.62813972392316,0
9857,Retailer 9857,555-9007599,"339 St, City 56",48,95.4486289047945,5.0624675591235,0
9858,Retailer 9858,555-4971586,"936 St, City 57",56,123.8622886290154,27.36644700200036,0
9859,Retailer 9859,555-1374344,"248 St, City 58",49,97.38402305325309,11.929473819106176,0
9860,Retailer 9860,555-8021982,"193 St, City 59",44,95.24114800572025,4.277339749210064,0
9861,Retailer 9861,555-3851957,"419 St, City 60",43,102.85219084930358,23.223139471712248,0
9862,Retailer 9862,555-7472345,"325 St, City 61",41,119.32263417268545,5.572310310422586,0
9863,Retailer 9863,555-2548496,"306 St, City 62",55,136.06389476483236,34.16884777021084,0
9864,Retailer 9864,555-1295863,"780 St, City 63",58,76.85423344885103,0.9890522930055353,0
9865,Retailer 9865,555-9196722,"204 St, City 64",49,124.05958001036049,21.42466507025898,0
9866,Retailer 9866,555-2389068,"853 St, City 65",53,116.02933856754137,7.414745355027301,0
9867,Retailer 9867,555-1226884,"123 St, City 66",51,75.31567755230863,89.86869456983746,0
9868,Retailer 9868,555-4417932,"570 St, City 67",48,80.46017827857811,37.19130357069617,0
9869,Retailer 9869,555-8339096,"851 St, City 68",48,119.1351828026684,42.229448678446204,0
9870,Retailer 9870,555-8034926,"447 St, City 69",54,111.08107603487917,36.65902552861549,0
9871,Retailer 9871,555-5506371,"713 St, City 70",55,65.3220864103964,32.88903967081471,0
9872,Retailer 9872,555-1078563,"491 St, City 71",50,83.38054917481386,4.456671003954005,0
9873,Retailer 9873,555-2138355,"433 St, City 72",61,110.66460973529011,178.8964035630749,0
9874,Retailer 9874,555-6131547,"624 St, City 73",44,118.57026602396544,32.13361287783543,0
9875,Retailer 9875,555-3196856,"128 St, City 74",41,107.97124295974872,68.30139262428472,0
9876,Retailer 9876,555-6504637,"548 St, City 75",65,57.96198642320884,21.023649628286535,0
9877,Retailer 9877,555-2372407,"746 St, City 76",48,85.58901703129762,10.104955195349476,0
9878,Retailer 9878,555-3133643,"822 St, City 77",50,80.43076481488129,17.246493355530742,0
9879,Retailer 9879,555-4001519,"47 St, City 78",44,113.84251371833422,15.28276984004264,0
9880,Retailer 9880,555-8213741,"505 St, City 79",48,90.67045804878107,0.4826429382403409,0
9881,Retailer 9881,555-2069024,"115 St, City 80",47,110.68212212018317,33.712193085010234,0
9882,Retailer 9882,555-2362270,"416 St, City 81",43,103.43333282491473,40.14196886641083,0
9883,Retailer 9883,555-8913614,"767 St, City 82",57,76.61967232771636,1.2531980204769921,0
9884,Retailer 9884,555-7575046,"995 St, City 83",57,117.65243603658226,8.468634181678874,0
9885,Retailer 9885,555-5533027,"223 St, City 84",46,123.29361208347862,32.75830492302964,0
9886,Retailer 9886,555-8032205,"636 St, City 85",53,118.67611434125949,11.653585005401512,0
9887,Retailer 9887,555-1901111,"949 St, City 86",44,104.33244696371871,81.47483425818929,0
9888,Retailer 9888,555-3114253,"503 St, City 87",60,98.12870608453007,3.583643086726448,0
9889,Retailer 9889,555-9678768,"672 St, City 88",43,87.77639787830807,78.96891219636078,0
9890,Retailer 9890,555-9014324,"958 St, City 89",56,125.31814921938064,73.58808857697187,0
9891,Retailer 9891,555-8777901,"933 St, City 90",43,132.36641207866205,93.5475740249948,0
9892,Retailer 9892,555-5809073,"96 St, City 91",46,86.82362294024239,2.4111838826512404,0
9893,Retailer 9893,555-7868546,"107 St, City 92",48,78.22724227161072,9.54017328539316,0
9894,Retailer 9894,555-5404309,"632 St, City 93",54,79.14886191775464,8.683305972559168,0
9895,Retailer 9895,555-2620706,"613 St, City 94",51,80.74487176058273,64.96141842251116,0
9896,Retailer 9896,555-5240843,"615 St, City 95",54,106.58573799929238,49.37936532212515,0
9897,Retailer 9897,555-1770569,"678 St, City 96",46,73.66151213572431,5.191153750173028,0
9898,Retailer 9898,555-3513384,"926 St, City 97",54,88.79676536759641,4.576287944108886,0
9899,Retailer 9899,555-8813516,"698 St, City 98",57,89.35986029672948,19.281105823065793,0
9900,Retailer 9900,555-1115042,"32 St, City 99",65,103.47389844452216,5.710833821448298,0
9901,Retailer 9901,555-1092447,"493 St, City 0",45,95.89668898866147,19.382210737230732,0
9902,Retailer 9902,555-6547631,"66 St, City 1",56,108.95561736891595,55.87085666230229,0
9903,Retailer 9903,555-8498725,"179 St, City 2",58,97.6874662507823,20.78927108836254,0
9904,Retailer 9904,555-8352855,"779 St, City 3",46,104.01004829121818,38.669060249228,0
9905,Retailer 9905,555-3743122,"443 St, City 4",47,138.6487743879544,8.633334165779841,0
9906,Retailer 9906,555-4734341,"916 St, City 5",51,102.73039483350334,9.268709248782097,0
9907,Retailer 9907,555-4535797,"549 St, City 6",31,105.37268885919511,27.026045562936776,0
9908,Retailer 9908,555-8397803,"201 St, City 7",54,148.43754741982337,57.40353965096821,0
9909,Retailer 9909,555-7277609,"870 St, City 8",50,96.99701131835302,22.721620869230964,0
9910,Retailer 9910,555-9165571,"49 St, City 9",45,129.36560705412825,6.629923425925716,0
9911,Retailer 9911,555-4727904,"787 St, City 10",43,124.58752011005461,7.370560756167309,0
9912,Retailer 9912,555-4232567,"951 St, City 11",39,81.23531801023692,28.792773051105996,0
9913,Retailer 9913,555-5361909,"680 St, City 12",49,102.96734386663482,3.274136768582383,0
9914,Retailer 9914,555-7808210,"263 St, City 13",39,112.7980494192577,2.031574629562367,0
9915,Retailer 9915,555-7216618,"133 St, City 14",51,118.82485612628062,3.254054579365671,0
9916,Retailer 9916,555-2149707,"810 St, City 15",44,84.22069536658171,14.944414935532551,0
9917,Retailer 9917,555-6572618,"344 St, City 16",45,84.15863496188118,13.125871218630309,0
9918,Retailer 9918,555-5880779,"176 St, City 17",41,117.79754455347535,0.06446699078193963,0
9919,Retailer 9919,555-4783938,"391 St, City 18",54,79.7766672350972,5.290377576170073,0
9920,Retailer 9920,555-7396930,"11 St, City 19",52,93.50194460022215,12.80888050264666,0
9921,Retailer 9921,555-4743382,"201 St, City 20",47,71.4832278427125,16.861494537602514,0
9922,Retailer 9922,555-5172975,"945 St, City 21",50,83.3840299192233,15.439851290581789,0
9923,Retailer 9923,555-5231874,"926 St, City 22",43,95.11474180449008,11.553027426407553,0
9924,Retailer 9924,555-1481193,"809 St, City 23",48,97.1976185659526,50.12685569348943,0
9925,Retailer 9925,555-3759127,"3 St, City 24",44,102.85647952508893,16.136672432967238,0
9926,Retailer 9926,555-8378343,"214 St, City 25",60,97.36622244898346,31.024627815490042,0
9927,Retailer 9927,555-1627475,"808 St, City 26",37,118.15612388573795,53.602022049539826,0
9928,Retailer 9928,555-1540027,"307 St, City 27",43,124.91065808658837,57.6667656903275,0
9929,Retailer 9929,555-7357658,"980 St, City 28",55,86.0421743410567,58.35074145703499,0
9930,Retailer 9930,555-2797355,"544 St, City 29",56,66.51993029164738,20.474958017921132,0
9931,Retailer 9931,555-1755724,"560 St, City 30",50,108.37907842867709,32.48109571928659,0
9932,Retailer 9932,555-6159253,"327 St, City 31",53,120.42926361586115,11.335689710778018,0
9933,Retailer 9933,555-8641646,"764 St, City 32",53,84.4766876122514,59.3811839143875,0
9934,Retailer 9934,555-4482837,"199 St, City 33",62,93.86775844421814,7.1976190724634534,0
9935,Retailer 9935,555-2436052,"916 St, City 34",48,119.39485749944568,46.49332320556765,0
9936,Retailer 9936,555-4537553,"601 St, City 35",47,122.17177611832295,19.034312821478785,0
9937,Retailer 9937,555-4931067,"109 St, City 36",43,109.39159394307019,10.648311067458506,0
9938,Retailer 9938,555-6881468,"291 St, City 37",45,100.75111246334916,14.32454302311011,0
9939,Retailer 9939,555-5494445,"108 St, City 38",51,90.30324213805079,26.62158779870668,0
9940,Retailer 9940,555-1696084,"408 St, City 39",46,104.44786862552674,79.77071032630084,0
9941,Retailer 9941,555-3481498,"552 St, City 40",51,101.73165073715433,3.0790266025422133,0
9942,Retailer 9942,555-4104379,"973 St, City 41",58,113.27214182480827,75.57651297673017,0
9943,Retailer 9943,555-8233646,"52 St, City 42",45,108.07376134229973,50.737099215705015,0
9944,Retailer 9944,555-7258588,"112 St, City 43",55,72.36167525703505,26.55273431189513,0
9945,Retailer 9945,555-6511598,"295 St, City 44",52,97.151129101458,4.189924003386447,0
9946,Retailer 9946,555-1036051,"580 St, City 45",57,126.12440153709747,50.21213644636383,0
9947,Retailer 9947,555-7307365,"189 St, City 46",49,51.998006511317094,35.19670102367815,0
9948,Retailer 9948,555-5677202,"844 St, City 47",57,73.08394229964428,20.63396628073982,0
9949,Retailer 9949,555-6320218,"721 St, City 48",43,79.9184393863712,65.11179412491322,0
9950,Retailer 9950,555-7102744,"65 St, City 49",48,113.26009785755876,32.759923131194114,0
9951,Retailer 9951,555-4666279,"574 St, City 50",47,90.01806180452341,10.217005523080259,0
9952,Retailer 9952,555-4436005,"465 St, City 51",58,102.33531554480811,1.3379979352909301,0
9953,Retailer 9953,555-4852659,"258 St, City 52",47,109.88408251150295,42.730360211246335,0
9954,Retailer 9954,555-3700502,"646 St, City 53",61,109.75579725228798,8.85003286858865,0
9955,Retailer 9955,555-5567994,"634 St, City 54",52,86.76431408092733,9.876780247885447,0
9956,Retailer 9956,555-3022862,"331 St, City 55",43,93.68976068768252,17.91950161295801,0
9957,Retailer 9957,555-8656575,"501 St, City 56",53,96.01951649554623,41.584949672779196,0
9958,Retailer 9958,555-6006034,"683 St, City 57",47,133.10865041343135,77.43717564755485,0
9959,Retailer 9959,555-1677551,"210 St, City 58",41,95.74647066863368,7.31079329867321,0
9960,Retailer 9960,555-2212740,"808 St, City 59",53,112.33733796064521,64.11625397693862,0
9961,Retailer 9961,555-7380863,"89 St, City 60",50,114.31627986614726,27.818466852512817,0
9962,Retailer 9962,555-8546361,"679 St, City 61",43,121.90965096714723,58.05070000201066,0
9963,Retailer 9963,555-1497165,"28 St, City 62",57,117.6441202099283,56.55728830665831,0
9964,Retailer 9964,555-4732529,"238 St, City 63",43,101.12924210901582,14.946372940716302,0
9965,Retailer 9965,555-6031833,"336 St, City 64",47,109.88063813000889,34.00858166791318,0
9966,Retailer 9966,555-8239239,"63 St, City 65",48,149.82124546264117,87.90188549254043,0
9967,Retailer 9967,555-3560390,"960 St, City 66",55,85.23158347246437,33.47743794773354,0
9968,Retailer 9968,555-4093348,"767 St, City 67",47,89.90346920408466,18.383498309173568,0
9969,Retailer 9969,555-9258103,"908 St, City 68",54,76.9993082300495,13.954608125319716,0
9970,Retailer 9970,555-1978536,"553 St, City 69",46,103.73599148386064,4.640500283783596,0
9971,Retailer 9971,555-6244899,"500 St, City 70",52,90.73642208804402,201.6807773614388,0
9972,Retailer 9972,555-1605743,"541 St, City 71",37,78.79767107279044,32.17241667061514,0
9973,Retailer 9973,555-3246928,"791 St, City 72",41,100.15089202658216,9.712005953534158,0
9974,Retailer 9974,555-2197678,"469 St, City 73",44,72.64843363250985,2.320971810254132,0
9975,Retailer 9975,555-3486179,"592 St, City 74",45,125.15152233311986,42.06290779263806,0
9976,Retailer 9976,555-8147333,"51 St, City 75",45,120.81120186606094,57.9454592997545,0
9977,Retailer 9977,555-1003420,"112 St, City 76",46,135.31450436627654,16.74782389694121,0
9978,Retailer 9978,555-8137763,"873 St, City 77",50,153.1004616175547,93.76246158413716,0
9979,Retailer 9979,555-7470181,"301 St, City 78",49,67.42916740136137,11.946350950003222,0
9980,Retailer 9980,555-5735332,"90 St, City 79",59,96.77930712939545,42.32512651930624,0
9981,Retailer 9981,555-6176367,"229 St, City 80",43,125.84820672965952,9.154306816695254,0
9982,Retailer 9982,555-5638952,"150 St, City 81",52,125.38955095909542,12.281356732400337,0
9983,Retailer 9983,555-8868451,"755 St, City 82",51,117.1975050346224,27.895746708990647,0
9984,Retailer 9984,555-7749645,"138 St, City 83",64,79.0618484873088,1.120658694398168,0
9985,Retailer 9985,555-8585321,"135 St, City 84",45,105.60540897213356,7.102801202098575,0
9986,Retailer 9986,555-7380798,"457 St, City 85",42,121.18867085528036,5.820133494954691,0
9987,Retailer 9987,555-2308396,"601 St, City 86",56,93.10913627641577,11.924361165194323,0
9988,Retailer 9988,555-2235340,"494 St, City 87",61,84.74300588979816,45.08010065138678,0
9989,Retailer 9989,555-9447149,"527 St, City 88",51,94.49184399375754,71.44934858779234,0
9990,Retailer 9990,555-3232821,"333 St, City 89",49,88.67000076592392,0.382606135129692,0
9991,Retailer 9991,555-5356164,"362 St, City 90",49,105.44523778999302,8.9215610091452,0
9992,Retailer 9992,555-4079676,"174 St, City 91",56,71.28748623245504,0.7715041672847436,0
9993,Retailer 9993,555-3729701,"602 St, City 92",63,132.83216060161166,59.25100483381273,0
9994,Retailer 9994,555-9683823,"213 St, City 93",61,88.72753013523186,6.646852031371884,0
9995,Retailer 9995,555-4600867,"343 St, City 94",53,79.73019508184164,44.18142982484038,0
9996,Retailer 9996,555-4596436,"61 St, City 95",46,91.9598277245995,1.0161669604885588,0
9997,Retailer 9997,555-4484634,"876 St, City 96",54,105.39929581381415,15.244083457641262,0
9998,Retailer 9998,555-6409351,"732 St, City 97",54,68.8689321980012,13.32422103092068,0
9999,Retailer 9999,555-7805751,"61 St, City 98",48,88.5382103218779,11.98452308875781,0
10000,Retailer 10000,555-9336484,"819 St, City 99",59,98.74341026085531,25.33142913080847,0
